Width	Height	Cluster
1	216	1
1	215	1
1	214	1
1	213	1
1	212	1
1	211	1
1	210	1
1	209	1
1	208	1
1	207	1
1	206	1
1	205	1
1	204	1
1	203	1
1	202	1
1	201	1
1	200	1
1	199	1
1	198	1
1	197	1
1	196	1
1	195	1
1	194	1
1	193	1
1	192	1
1	191	1
1	190	1
1	189	1
1	188	1
1	187	1
1	186	1
1	185	1
1	184	1
1	183	1
1	182	1
1	181	1
1	180	1
1	179	1
1	178	1
1	177	1
1	176	1
1	175	1
1	174	1
1	173	1
1	172	1
1	171	1
1	170	1
1	169	1
1	168	1
1	167	1
1	166	1
1	165	1
1	164	1
1	163	1
1	162	1
1	161	1
1	160	1
1	159	1
1	158	1
1	157	1
1	156	1
1	155	1
1	154	1
1	153	1
1	152	1
1	151	1
1	150	1
1	149	1
1	148	1
1	147	1
1	146	1
1	145	1
1	144	1
1	143	1
1	142	1
1	141	1
1	140	1
1	139	1
1	138	1
1	137	1
1	136	1
1	135	1
1	134	1
1	133	1
1	132	1
1	131	1
1	130	1
1	129	1
1	128	1
1	127	1
1	126	1
1	125	1
1	124	1
1	123	1
1	122	1
1	121	1
1	120	1
1	119	1
1	118	1
1	117	1
1	116	1
1	115	1
1	114	1
1	113	1
1	112	1
1	111	1
1	110	1
1	109	1
1	108	1
1	107	1
1	106	1
1	105	1
1	104	1
1	103	1
1	102	1
1	101	1
1	100	1
1	99	1
1	98	1
1	97	1
1	96	1
1	95	1
1	94	1
1	93	1
1	92	1
1	91	1
1	90	1
1	89	1
1	88	1
1	87	1
1	86	1
1	85	1
1	84	1
1	83	1
1	82	1
1	81	1
1	80	1
1	79	1
1	78	1
1	77	1
1	76	1
1	75	1
1	74	1
1	73	1
1	72	1
1	71	1
1	70	1
1	69	1
1	68	1
1	67	1
1	66	1
1	65	1
1	64	1
1	63	1
1	62	1
1	61	1
1	60	1
1	59	1
1	58	1
1	57	1
1	56	1
1	55	1
1	54	1
1	53	1
1	52	1
1	51	1
1	50	1
1	49	1
1	48	1
1	47	1
1	46	1
1	45	1
1	44	1
1	43	1
1	42	1
1	41	1
1	40	1
1	39	1
1	38	1
1	37	1
1	36	1
1	35	1
1	34	1
1	33	1
1	32	1
1	31	1
1	30	1
1	29	1
1	28	1
1	27	1
1	26	1
1	25	1
1	24	1
1	23	1
1	22	1
1	21	1
1	20	1
1	19	1
1	18	1
1	17	1
1	16	1
1	15	1
1	14	1
1	13	1
1	12	1
1	11	1
1	10	1
1	9	1
1	8	1
1	7	1
1	6	1
1	5	1
1	4	1
1	3	1
1	2	1
1	1	1
2	216	1
2	215	1
2	214	1
2	213	1
2	212	1
2	211	1
2	210	1
2	209	1
2	208	1
2	207	1
2	206	1
2	205	1
2	204	1
2	203	1
2	202	1
2	201	1
2	200	1
2	199	1
2	198	1
2	197	1
2	196	1
2	195	1
2	194	1
2	193	1
2	192	1
2	191	1
2	190	1
2	189	1
2	188	1
2	187	1
2	186	1
2	185	1
2	184	1
2	183	1
2	182	1
2	181	1
2	180	1
2	179	1
2	178	1
2	177	1
2	176	1
2	175	1
2	174	1
2	173	1
2	172	1
2	171	1
2	170	1
2	169	1
2	168	1
2	167	1
2	166	1
2	165	1
2	164	1
2	163	1
2	162	1
2	161	1
2	160	1
2	159	1
2	158	1
2	157	1
2	156	1
2	155	1
2	154	1
2	153	1
2	152	1
2	151	1
2	150	1
2	149	1
2	148	1
2	147	1
2	146	1
2	145	1
2	144	1
2	143	1
2	142	1
2	141	1
2	140	1
2	139	1
2	138	1
2	137	1
2	136	1
2	135	1
2	134	1
2	133	1
2	132	1
2	131	1
2	130	1
2	129	1
2	128	1
2	127	1
2	126	1
2	125	1
2	124	1
2	123	1
2	122	1
2	121	1
2	120	1
2	119	1
2	118	1
2	117	1
2	116	1
2	115	1
2	114	1
2	113	1
2	112	1
2	111	1
2	110	1
2	109	1
2	108	1
2	107	1
2	106	1
2	105	1
2	104	1
2	103	1
2	102	1
2	101	1
2	100	1
2	99	1
2	98	1
2	97	1
2	96	1
2	95	1
2	94	1
2	93	1
2	92	1
2	91	1
2	90	1
2	89	1
2	88	1
2	87	1
2	86	1
2	85	1
2	84	1
2	83	1
2	82	1
2	81	1
2	80	1
2	79	1
2	78	1
2	77	1
2	76	1
2	75	1
2	74	1
2	73	1
2	72	1
2	71	1
2	70	1
2	69	1
2	68	1
2	67	1
2	66	1
2	65	1
2	64	1
2	63	1
2	62	1
2	61	1
2	60	1
2	59	1
2	58	1
2	57	1
2	56	1
2	55	1
2	54	1
2	53	1
2	52	1
2	51	1
2	50	1
2	49	1
2	48	1
2	47	1
2	46	1
2	45	1
2	44	1
2	43	1
2	42	1
2	41	1
2	40	1
2	39	1
2	38	1
2	37	1
2	36	1
2	35	1
2	34	1
2	33	1
2	32	1
2	31	1
2	30	1
2	29	1
2	28	1
2	27	1
2	26	1
2	25	1
2	24	1
2	23	1
2	22	1
2	21	1
2	20	1
2	19	1
2	18	1
2	17	1
2	16	1
2	15	1
2	14	1
2	13	1
2	12	1
2	11	1
2	10	1
2	9	1
2	8	1
2	7	1
2	6	1
2	5	1
2	4	1
2	3	1
2	2	1
2	1	1
3	216	1
3	215	1
3	214	1
3	213	1
3	212	1
3	211	1
3	210	1
3	209	1
3	208	1
3	207	1
3	206	1
3	205	1
3	204	1
3	203	1
3	202	1
3	201	1
3	200	1
3	199	1
3	198	1
3	197	1
3	196	1
3	195	1
3	194	1
3	193	1
3	192	1
3	191	1
3	190	1
3	189	1
3	188	1
3	187	1
3	186	1
3	185	1
3	184	1
3	183	1
3	182	1
3	181	1
3	180	1
3	179	1
3	178	1
3	177	1
3	176	1
3	175	1
3	174	1
3	173	1
3	172	1
3	171	1
3	170	1
3	169	1
3	168	1
3	167	1
3	166	1
3	165	1
3	164	1
3	163	1
3	162	1
3	161	1
3	160	1
3	159	1
3	158	1
3	157	1
3	156	1
3	155	1
3	154	1
3	153	1
3	152	1
3	151	1
3	150	1
3	149	1
3	148	1
3	147	1
3	146	1
3	145	1
3	144	1
3	143	1
3	142	1
3	141	1
3	140	1
3	139	1
3	138	1
3	137	1
3	136	1
3	135	1
3	134	1
3	133	1
3	132	1
3	131	1
3	130	1
3	129	1
3	128	1
3	127	1
3	126	1
3	125	1
3	124	1
3	123	1
3	122	1
3	121	1
3	120	1
3	119	1
3	118	1
3	117	1
3	116	1
3	115	1
3	114	1
3	113	1
3	112	1
3	111	1
3	110	1
3	109	1
3	108	1
3	107	1
3	106	1
3	105	1
3	104	1
3	103	1
3	102	1
3	101	1
3	100	1
3	99	1
3	98	1
3	97	1
3	96	1
3	95	1
3	94	1
3	93	1
3	92	1
3	91	1
3	90	1
3	89	1
3	88	1
3	87	1
3	86	1
3	85	1
3	84	1
3	83	1
3	82	1
3	81	1
3	80	1
3	79	1
3	78	1
3	77	1
3	76	1
3	75	1
3	74	1
3	73	1
3	72	1
3	71	1
3	70	1
3	69	1
3	68	1
3	67	1
3	66	1
3	65	1
3	64	1
3	63	1
3	62	1
3	61	1
3	60	1
3	59	1
3	58	1
3	57	1
3	56	1
3	55	1
3	54	1
3	53	1
3	52	1
3	51	1
3	50	1
3	49	1
3	48	1
3	47	1
3	46	1
3	45	1
3	44	1
3	43	1
3	42	1
3	41	1
3	40	1
3	39	1
3	38	1
3	37	1
3	36	1
3	35	1
3	34	1
3	33	1
3	32	1
3	31	1
3	30	1
3	29	1
3	28	1
3	27	1
3	26	1
3	25	1
3	24	1
3	23	1
3	22	1
3	21	1
3	20	1
3	19	1
3	18	1
3	17	1
3	16	1
3	15	1
3	14	1
3	13	1
3	12	1
3	11	1
3	10	1
3	9	1
3	8	1
3	7	1
3	6	1
3	5	1
3	4	1
3	3	1
3	2	1
3	1	1
4	216	1
4	215	1
4	214	1
4	213	1
4	212	1
4	211	1
4	210	1
4	209	1
4	208	1
4	207	1
4	206	1
4	205	1
4	204	1
4	203	1
4	202	1
4	201	1
4	200	1
4	199	1
4	198	1
4	197	1
4	196	1
4	195	1
4	194	1
4	193	1
4	192	1
4	191	1
4	190	1
4	189	1
4	188	1
4	187	1
4	186	1
4	185	1
4	184	1
4	183	1
4	182	1
4	181	1
4	180	1
4	179	1
4	178	1
4	177	1
4	176	1
4	175	1
4	174	1
4	173	1
4	172	1
4	171	1
4	170	1
4	169	1
4	168	1
4	167	1
4	166	1
4	165	1
4	164	1
4	163	1
4	162	1
4	161	1
4	160	1
4	159	1
4	158	1
4	157	1
4	156	1
4	155	1
4	154	1
4	153	1
4	152	1
4	151	1
4	150	1
4	149	1
4	148	1
4	147	1
4	146	1
4	145	1
4	144	1
4	143	1
4	142	1
4	141	1
4	140	1
4	139	1
4	138	1
4	137	1
4	136	1
4	135	1
4	134	1
4	133	1
4	132	1
4	131	1
4	130	1
4	129	1
4	128	1
4	127	1
4	126	1
4	125	1
4	124	1
4	123	1
4	122	1
4	121	1
4	120	1
4	119	1
4	118	1
4	117	1
4	116	1
4	115	1
4	114	1
4	113	1
4	112	1
4	111	1
4	110	1
4	109	1
4	108	1
4	107	1
4	106	1
4	105	1
4	104	1
4	103	1
4	102	1
4	101	1
4	100	1
4	99	1
4	98	1
4	97	1
4	96	1
4	95	1
4	94	1
4	93	1
4	92	1
4	91	1
4	90	1
4	89	1
4	88	1
4	87	1
4	86	1
4	85	1
4	84	1
4	83	1
4	82	1
4	81	1
4	80	1
4	79	1
4	78	1
4	77	1
4	76	1
4	75	1
4	74	1
4	73	1
4	72	1
4	71	1
4	70	1
4	69	1
4	68	1
4	67	1
4	66	1
4	65	1
4	64	1
4	63	1
4	62	1
4	61	1
4	60	1
4	59	1
4	58	1
4	57	1
4	56	1
4	55	1
4	54	1
4	53	1
4	52	1
4	51	1
4	50	1
4	49	1
4	48	1
4	47	1
4	46	1
4	45	1
4	44	1
4	43	1
4	42	1
4	41	1
4	40	1
4	39	1
4	38	1
4	37	1
4	36	1
4	35	1
4	34	1
4	33	1
4	32	1
4	31	1
4	30	1
4	29	1
4	28	1
4	27	1
4	26	1
4	25	1
4	24	1
4	23	1
4	22	1
4	21	1
4	20	1
4	19	1
4	18	1
4	17	1
4	16	1
4	15	1
4	14	1
4	13	1
4	12	1
4	11	1
4	10	1
4	9	1
4	8	1
4	7	1
4	6	1
4	5	1
4	4	1
4	3	1
4	2	1
4	1	1
5	216	1
5	215	1
5	214	1
5	213	1
5	212	1
5	211	1
5	210	1
5	209	1
5	208	1
5	207	1
5	206	1
5	205	1
5	204	1
5	203	1
5	202	1
5	201	1
5	200	1
5	199	1
5	198	1
5	197	1
5	196	1
5	195	1
5	194	1
5	193	1
5	192	1
5	191	1
5	190	1
5	189	1
5	188	1
5	187	1
5	186	1
5	185	1
5	184	1
5	183	1
5	182	1
5	181	1
5	180	1
5	179	1
5	178	1
5	177	1
5	176	1
5	175	1
5	174	1
5	173	1
5	172	1
5	171	1
5	170	1
5	169	1
5	168	1
5	167	1
5	166	1
5	165	1
5	164	1
5	163	1
5	162	1
5	161	1
5	160	1
5	159	1
5	158	1
5	157	1
5	156	1
5	155	1
5	154	1
5	153	1
5	152	1
5	151	1
5	150	1
5	149	1
5	148	1
5	147	1
5	146	1
5	145	1
5	144	1
5	143	1
5	142	1
5	141	1
5	140	1
5	139	1
5	138	1
5	137	1
5	136	1
5	135	1
5	134	1
5	133	1
5	132	1
5	131	1
5	130	1
5	129	1
5	128	1
5	127	1
5	126	1
5	125	1
5	124	1
5	123	1
5	122	1
5	121	1
5	120	1
5	119	1
5	118	1
5	117	1
5	116	1
5	115	1
5	114	1
5	113	1
5	112	1
5	111	1
5	110	1
5	109	1
5	108	1
5	107	1
5	106	1
5	105	1
5	104	1
5	103	1
5	102	1
5	101	1
5	100	1
5	99	1
5	98	1
5	97	1
5	96	1
5	95	1
5	94	1
5	93	1
5	92	1
5	91	1
5	90	1
5	89	1
5	88	1
5	87	1
5	86	1
5	85	1
5	84	1
5	83	1
5	82	1
5	81	1
5	80	1
5	79	1
5	78	1
5	77	1
5	76	1
5	75	1
5	74	1
5	73	1
5	72	1
5	71	1
5	70	1
5	69	1
5	68	1
5	67	1
5	66	1
5	65	1
5	64	1
5	63	1
5	62	1
5	61	1
5	60	1
5	59	1
5	58	1
5	57	1
5	56	1
5	55	1
5	54	1
5	53	1
5	52	1
5	51	1
5	50	1
5	49	1
5	48	1
5	47	1
5	46	1
5	45	1
5	44	1
5	43	1
5	42	1
5	41	1
5	40	1
5	39	1
5	38	1
5	37	1
5	36	1
5	35	1
5	34	1
5	33	1
5	32	1
5	31	1
5	30	1
5	29	1
5	28	1
5	27	1
5	26	1
5	25	1
5	24	1
5	23	1
5	22	1
5	21	1
5	20	1
5	19	1
5	18	1
5	17	1
5	16	1
5	15	1
5	14	1
5	13	1
5	12	1
5	11	1
5	10	1
5	9	1
5	8	1
5	7	1
5	6	1
5	5	1
5	4	1
5	3	1
5	2	1
5	1	1
6	216	1
6	215	1
6	214	1
6	213	1
6	212	1
6	211	1
6	210	1
6	209	1
6	208	1
6	207	1
6	206	1
6	205	1
6	204	1
6	203	1
6	202	1
6	201	1
6	200	1
6	199	1
6	198	1
6	197	1
6	196	1
6	195	1
6	194	1
6	193	1
6	192	1
6	191	1
6	190	1
6	189	1
6	188	1
6	187	1
6	186	1
6	185	1
6	184	1
6	183	1
6	182	1
6	181	1
6	180	1
6	179	1
6	178	1
6	177	1
6	176	1
6	175	1
6	174	1
6	173	1
6	172	1
6	171	1
6	170	1
6	169	1
6	168	1
6	167	1
6	166	1
6	165	1
6	164	1
6	163	1
6	162	1
6	161	1
6	160	1
6	159	1
6	158	1
6	157	1
6	156	1
6	155	1
6	154	1
6	153	1
6	152	1
6	151	1
6	150	1
6	149	1
6	148	1
6	147	1
6	146	1
6	145	1
6	144	1
6	143	1
6	142	1
6	141	1
6	140	1
6	139	1
6	138	1
6	137	1
6	136	1
6	135	1
6	134	1
6	133	1
6	132	1
6	131	1
6	130	1
6	129	1
6	128	1
6	127	1
6	126	1
6	125	1
6	124	1
6	123	1
6	122	1
6	121	1
6	120	1
6	119	1
6	118	1
6	117	1
6	116	1
6	115	1
6	114	1
6	113	1
6	112	1
6	111	1
6	110	1
6	109	1
6	108	1
6	107	1
6	106	1
6	105	1
6	104	1
6	103	1
6	102	1
6	101	1
6	100	1
6	99	1
6	98	1
6	97	1
6	96	1
6	95	1
6	94	1
6	93	1
6	92	1
6	91	1
6	90	1
6	89	1
6	88	1
6	87	1
6	86	1
6	85	1
6	84	1
6	83	1
6	82	1
6	81	1
6	80	1
6	79	1
6	78	1
6	77	1
6	76	1
6	75	1
6	74	1
6	73	1
6	72	1
6	71	1
6	70	1
6	69	1
6	68	1
6	67	1
6	66	1
6	65	1
6	64	1
6	63	1
6	62	1
6	61	1
6	60	1
6	59	1
6	58	1
6	57	1
6	56	1
6	55	1
6	54	1
6	53	1
6	52	1
6	51	1
6	50	1
6	49	1
6	48	1
6	47	1
6	46	1
6	45	1
6	44	1
6	43	1
6	42	1
6	41	1
6	40	1
6	39	1
6	38	1
6	37	1
6	36	1
6	35	1
6	34	1
6	33	1
6	32	1
6	31	1
6	30	1
6	29	1
6	28	1
6	27	1
6	26	1
6	25	1
6	24	1
6	23	1
6	22	1
6	21	1
6	20	1
6	19	1
6	18	1
6	17	1
6	16	1
6	15	1
6	14	1
6	13	1
6	12	1
6	11	1
6	10	1
6	9	1
6	8	1
6	7	1
6	6	1
6	5	1
6	4	1
6	3	1
6	2	1
6	1	1
7	216	1
7	215	1
7	214	1
7	213	1
7	212	1
7	211	1
7	210	1
7	209	1
7	208	1
7	207	1
7	206	1
7	205	1
7	204	1
7	203	1
7	202	1
7	201	1
7	200	1
7	199	1
7	198	1
7	197	1
7	196	1
7	195	1
7	194	1
7	193	1
7	192	1
7	191	1
7	190	1
7	189	1
7	188	1
7	187	1
7	186	1
7	185	2
7	184	1
7	183	1
7	182	1
7	181	1
7	180	1
7	179	1
7	178	1
7	177	1
7	176	1
7	175	1
7	174	1
7	173	1
7	172	1
7	171	1
7	170	1
7	169	1
7	168	1
7	167	1
7	166	1
7	165	1
7	164	1
7	163	1
7	162	1
7	161	1
7	160	1
7	159	1
7	158	1
7	157	1
7	156	1
7	155	1
7	154	1
7	153	1
7	152	1
7	151	1
7	150	1
7	149	1
7	148	1
7	147	1
7	146	1
7	145	1
7	144	1
7	143	1
7	142	1
7	141	1
7	140	1
7	139	1
7	138	1
7	137	1
7	136	1
7	135	1
7	134	1
7	133	1
7	132	1
7	131	1
7	130	1
7	129	1
7	128	1
7	127	1
7	126	1
7	125	1
7	124	1
7	123	1
7	122	1
7	121	1
7	120	1
7	119	1
7	118	1
7	117	1
7	116	1
7	115	1
7	114	1
7	113	1
7	112	1
7	111	1
7	110	1
7	109	1
7	108	1
7	107	1
7	106	1
7	105	1
7	104	1
7	103	1
7	102	1
7	101	1
7	100	1
7	99	1
7	98	1
7	97	1
7	96	1
7	95	1
7	94	1
7	93	1
7	92	1
7	91	1
7	90	1
7	89	1
7	88	1
7	87	1
7	86	1
7	85	1
7	84	2
7	83	1
7	82	1
7	81	1
7	80	1
7	79	2
7	78	1
7	77	1
7	76	1
7	75	1
7	74	1
7	73	1
7	72	1
7	71	1
7	70	1
7	69	1
7	68	1
7	67	1
7	66	1
7	65	1
7	64	1
7	63	1
7	62	1
7	61	1
7	60	1
7	59	1
7	58	1
7	57	1
7	56	1
7	55	1
7	54	1
7	53	1
7	52	1
7	51	1
7	50	1
7	49	1
7	48	1
7	47	1
7	46	1
7	45	1
7	44	1
7	43	1
7	42	1
7	41	1
7	40	1
7	39	1
7	38	1
7	37	1
7	36	1
7	35	1
7	34	1
7	33	1
7	32	1
7	31	1
7	30	1
7	29	1
7	28	1
7	27	1
7	26	1
7	25	1
7	24	1
7	23	1
7	22	1
7	21	1
7	20	1
7	19	1
7	18	1
7	17	1
7	16	1
7	15	1
7	14	1
7	13	1
7	12	1
7	11	1
7	10	1
7	9	1
7	8	1
7	7	1
7	6	1
7	5	1
7	4	1
7	3	1
7	2	1
7	1	1
8	216	1
8	215	1
8	214	1
8	213	1
8	212	1
8	211	1
8	210	1
8	209	1
8	208	1
8	207	1
8	206	1
8	205	1
8	204	1
8	203	1
8	202	1
8	201	1
8	200	1
8	199	1
8	198	1
8	197	1
8	196	1
8	195	1
8	194	1
8	193	1
8	192	1
8	191	1
8	190	1
8	189	1
8	188	1
8	187	1
8	186	1
8	185	1
8	184	1
8	183	1
8	182	1
8	181	1
8	180	1
8	179	1
8	178	1
8	177	1
8	176	1
8	175	1
8	174	1
8	173	1
8	172	1
8	171	1
8	170	1
8	169	1
8	168	1
8	167	1
8	166	1
8	165	1
8	164	1
8	163	1
8	162	1
8	161	1
8	160	1
8	159	1
8	158	1
8	157	1
8	156	1
8	155	1
8	154	1
8	153	1
8	152	1
8	151	1
8	150	1
8	149	1
8	148	1
8	147	1
8	146	1
8	145	1
8	144	1
8	143	1
8	142	1
8	141	1
8	140	1
8	139	1
8	138	1
8	137	1
8	136	1
8	135	1
8	134	1
8	133	1
8	132	1
8	131	1
8	130	1
8	129	1
8	128	1
8	127	1
8	126	1
8	125	1
8	124	1
8	123	1
8	122	1
8	121	1
8	120	1
8	119	1
8	118	1
8	117	1
8	116	1
8	115	1
8	114	1
8	113	1
8	112	1
8	111	1
8	110	1
8	109	1
8	108	1
8	107	1
8	106	1
8	105	1
8	104	1
8	103	1
8	102	1
8	101	1
8	100	1
8	99	1
8	98	1
8	97	1
8	96	1
8	95	1
8	94	1
8	93	1
8	92	1
8	91	1
8	90	1
8	89	1
8	88	1
8	87	1
8	86	1
8	85	2
8	84	2
8	83	1
8	82	1
8	81	1
8	80	1
8	79	1
8	78	1
8	77	1
8	76	1
8	75	1
8	74	1
8	73	1
8	72	1
8	71	1
8	70	1
8	69	1
8	68	1
8	67	1
8	66	1
8	65	1
8	64	1
8	63	1
8	62	1
8	61	1
8	60	1
8	59	1
8	58	1
8	57	1
8	56	1
8	55	1
8	54	1
8	53	1
8	52	1
8	51	1
8	50	1
8	49	1
8	48	1
8	47	1
8	46	1
8	45	1
8	44	1
8	43	1
8	42	1
8	41	1
8	40	1
8	39	1
8	38	1
8	37	1
8	36	1
8	35	1
8	34	1
8	33	1
8	32	1
8	31	1
8	30	1
8	29	1
8	28	1
8	27	1
8	26	1
8	25	1
8	24	1
8	23	1
8	22	1
8	21	1
8	20	1
8	19	1
8	18	1
8	17	1
8	16	1
8	15	1
8	14	1
8	13	1
8	12	1
8	11	1
8	10	1
8	9	1
8	8	1
8	7	1
8	6	1
8	5	1
8	4	1
8	3	1
8	2	1
8	1	1
9	216	1
9	215	1
9	214	1
9	213	1
9	212	1
9	211	1
9	210	1
9	209	1
9	208	1
9	207	1
9	206	1
9	205	1
9	204	1
9	203	1
9	202	1
9	201	1
9	200	1
9	199	1
9	198	1
9	197	1
9	196	1
9	195	1
9	194	1
9	193	1
9	192	1
9	191	1
9	190	1
9	189	1
9	188	1
9	187	1
9	186	2
9	185	1
9	184	1
9	183	1
9	182	1
9	181	1
9	180	1
9	179	1
9	178	1
9	177	1
9	176	1
9	175	1
9	174	1
9	173	1
9	172	1
9	171	1
9	170	1
9	169	1
9	168	1
9	167	1
9	166	1
9	165	1
9	164	1
9	163	1
9	162	1
9	161	1
9	160	1
9	159	1
9	158	1
9	157	1
9	156	1
9	155	1
9	154	1
9	153	1
9	152	1
9	151	1
9	150	1
9	149	1
9	148	1
9	147	1
9	146	1
9	145	1
9	144	1
9	143	1
9	142	1
9	141	1
9	140	1
9	139	1
9	138	1
9	137	1
9	136	1
9	135	1
9	134	1
9	133	1
9	132	1
9	131	1
9	130	1
9	129	1
9	128	1
9	127	1
9	126	1
9	125	1
9	124	1
9	123	1
9	122	1
9	121	1
9	120	1
9	119	1
9	118	1
9	117	1
9	116	1
9	115	1
9	114	1
9	113	1
9	112	1
9	111	1
9	110	1
9	109	1
9	108	1
9	107	1
9	106	1
9	105	1
9	104	1
9	103	1
9	102	1
9	101	1
9	100	1
9	99	1
9	98	1
9	97	1
9	96	1
9	95	1
9	94	1
9	93	1
9	92	1
9	91	1
9	90	1
9	89	1
9	88	1
9	87	1
9	86	1
9	85	2
9	84	1
9	83	1
9	82	1
9	81	1
9	80	1
9	79	1
9	78	2
9	77	1
9	76	1
9	75	1
9	74	1
9	73	1
9	72	1
9	71	1
9	70	1
9	69	1
9	68	1
9	67	1
9	66	1
9	65	1
9	64	1
9	63	1
9	62	1
9	61	1
9	60	1
9	59	1
9	58	1
9	57	1
9	56	1
9	55	1
9	54	1
9	53	1
9	52	1
9	51	1
9	50	1
9	49	1
9	48	1
9	47	1
9	46	1
9	45	1
9	44	1
9	43	1
9	42	1
9	41	1
9	40	1
9	39	1
9	38	1
9	37	1
9	36	1
9	35	1
9	34	1
9	33	1
9	32	1
9	31	1
9	30	1
9	29	1
9	28	1
9	27	1
9	26	1
9	25	1
9	24	1
9	23	1
9	22	1
9	21	1
9	20	1
9	19	1
9	18	1
9	17	1
9	16	1
9	15	1
9	14	1
9	13	1
9	12	1
9	11	1
9	10	1
9	9	1
9	8	1
9	7	1
9	6	1
9	5	1
9	4	1
9	3	1
9	2	1
9	1	1
10	216	1
10	215	1
10	214	1
10	213	1
10	212	1
10	211	1
10	210	1
10	209	1
10	208	1
10	207	1
10	206	1
10	205	1
10	204	1
10	203	1
10	202	1
10	201	1
10	200	1
10	199	1
10	198	1
10	197	1
10	196	1
10	195	1
10	194	1
10	193	1
10	192	1
10	191	1
10	190	1
10	189	1
10	188	1
10	187	2
10	186	1
10	185	1
10	184	1
10	183	1
10	182	1
10	181	1
10	180	1
10	179	1
10	178	1
10	177	1
10	176	1
10	175	1
10	174	1
10	173	1
10	172	1
10	171	1
10	170	1
10	169	1
10	168	1
10	167	1
10	166	1
10	165	1
10	164	1
10	163	1
10	162	1
10	161	1
10	160	1
10	159	1
10	158	1
10	157	1
10	156	1
10	155	1
10	154	1
10	153	1
10	152	1
10	151	1
10	150	1
10	149	1
10	148	1
10	147	1
10	146	1
10	145	1
10	144	1
10	143	1
10	142	1
10	141	1
10	140	1
10	139	1
10	138	1
10	137	1
10	136	1
10	135	1
10	134	1
10	133	1
10	132	1
10	131	1
10	130	1
10	129	1
10	128	1
10	127	1
10	126	1
10	125	1
10	124	1
10	123	1
10	122	1
10	121	1
10	120	1
10	119	1
10	118	1
10	117	1
10	116	1
10	115	1
10	114	1
10	113	1
10	112	1
10	111	1
10	110	1
10	109	1
10	108	1
10	107	1
10	106	1
10	105	1
10	104	1
10	103	1
10	102	1
10	101	1
10	100	1
10	99	1
10	98	1
10	97	1
10	96	1
10	95	1
10	94	1
10	93	1
10	92	1
10	91	1
10	90	1
10	89	1
10	88	1
10	87	1
10	86	1
10	85	2
10	84	1
10	83	1
10	82	1
10	81	1
10	80	1
10	79	1
10	78	1
10	77	1
10	76	1
10	75	1
10	74	2
10	73	1
10	72	1
10	71	1
10	70	1
10	69	1
10	68	1
10	67	1
10	66	1
10	65	1
10	64	1
10	63	1
10	62	1
10	61	1
10	60	1
10	59	1
10	58	1
10	57	1
10	56	1
10	55	1
10	54	1
10	53	1
10	52	1
10	51	1
10	50	1
10	49	1
10	48	1
10	47	1
10	46	1
10	45	1
10	44	1
10	43	1
10	42	1
10	41	1
10	40	1
10	39	1
10	38	1
10	37	1
10	36	1
10	35	1
10	34	1
10	33	1
10	32	1
10	31	1
10	30	1
10	29	1
10	28	1
10	27	1
10	26	1
10	25	1
10	24	1
10	23	1
10	22	1
10	21	1
10	20	1
10	19	1
10	18	1
10	17	1
10	16	1
10	15	1
10	14	1
10	13	1
10	12	1
10	11	1
10	10	1
10	9	1
10	8	1
10	7	1
10	6	1
10	5	1
10	4	1
10	3	1
10	2	1
10	1	1
11	216	1
11	215	1
11	214	1
11	213	1
11	212	1
11	211	1
11	210	1
11	209	1
11	208	1
11	207	1
11	206	1
11	205	1
11	204	1
11	203	1
11	202	1
11	201	1
11	200	1
11	199	1
11	198	1
11	197	1
11	196	1
11	195	1
11	194	1
11	193	1
11	192	1
11	191	1
11	190	1
11	189	1
11	188	2
11	187	1
11	186	1
11	185	1
11	184	1
11	183	1
11	182	1
11	181	1
11	180	1
11	179	1
11	178	1
11	177	1
11	176	1
11	175	1
11	174	1
11	173	1
11	172	1
11	171	1
11	170	1
11	169	1
11	168	1
11	167	1
11	166	1
11	165	1
11	164	1
11	163	1
11	162	1
11	161	1
11	160	1
11	159	1
11	158	1
11	157	1
11	156	1
11	155	1
11	154	1
11	153	1
11	152	1
11	151	1
11	150	1
11	149	1
11	148	1
11	147	1
11	146	1
11	145	1
11	144	1
11	143	1
11	142	1
11	141	1
11	140	1
11	139	1
11	138	1
11	137	1
11	136	1
11	135	1
11	134	1
11	133	1
11	132	1
11	131	1
11	130	1
11	129	1
11	128	1
11	127	1
11	126	1
11	125	1
11	124	1
11	123	1
11	122	1
11	121	1
11	120	1
11	119	1
11	118	1
11	117	1
11	116	1
11	115	1
11	114	1
11	113	1
11	112	1
11	111	1
11	110	1
11	109	1
11	108	1
11	107	1
11	106	1
11	105	1
11	104	1
11	103	1
11	102	1
11	101	1
11	100	1
11	99	1
11	98	1
11	97	1
11	96	1
11	95	1
11	94	1
11	93	1
11	92	1
11	91	1
11	90	1
11	89	1
11	88	1
11	87	1
11	86	2
11	85	1
11	84	1
11	83	1
11	82	1
11	81	1
11	80	1
11	79	1
11	78	1
11	77	1
11	76	1
11	75	2
11	74	2
11	73	2
11	72	1
11	71	1
11	70	1
11	69	1
11	68	1
11	67	1
11	66	1
11	65	1
11	64	1
11	63	1
11	62	1
11	61	1
11	60	1
11	59	1
11	58	1
11	57	1
11	56	1
11	55	1
11	54	1
11	53	1
11	52	1
11	51	1
11	50	1
11	49	1
11	48	1
11	47	1
11	46	1
11	45	1
11	44	1
11	43	1
11	42	1
11	41	1
11	40	1
11	39	1
11	38	1
11	37	1
11	36	1
11	35	1
11	34	1
11	33	1
11	32	1
11	31	1
11	30	1
11	29	1
11	28	1
11	27	1
11	26	1
11	25	1
11	24	1
11	23	1
11	22	1
11	21	1
11	20	1
11	19	1
11	18	1
11	17	1
11	16	1
11	15	1
11	14	1
11	13	1
11	12	1
11	11	1
11	10	1
11	9	1
11	8	1
11	7	1
11	6	1
11	5	1
11	4	1
11	3	1
11	2	1
11	1	1
12	216	1
12	215	1
12	214	1
12	213	1
12	212	1
12	211	1
12	210	1
12	209	1
12	208	1
12	207	1
12	206	1
12	205	1
12	204	1
12	203	1
12	202	1
12	201	1
12	200	1
12	199	1
12	198	1
12	197	1
12	196	1
12	195	1
12	194	1
12	193	1
12	192	1
12	191	1
12	190	1
12	189	2
12	188	1
12	187	1
12	186	1
12	185	1
12	184	1
12	183	1
12	182	1
12	181	1
12	180	1
12	179	1
12	178	1
12	177	1
12	176	1
12	175	1
12	174	1
12	173	1
12	172	1
12	171	1
12	170	1
12	169	1
12	168	1
12	167	1
12	166	1
12	165	1
12	164	1
12	163	1
12	162	1
12	161	1
12	160	1
12	159	1
12	158	1
12	157	1
12	156	1
12	155	1
12	154	1
12	153	1
12	152	1
12	151	1
12	150	1
12	149	1
12	148	1
12	147	1
12	146	1
12	145	1
12	144	1
12	143	1
12	142	1
12	141	1
12	140	1
12	139	1
12	138	1
12	137	1
12	136	1
12	135	1
12	134	1
12	133	1
12	132	1
12	131	1
12	130	1
12	129	1
12	128	1
12	127	1
12	126	1
12	125	1
12	124	1
12	123	1
12	122	1
12	121	1
12	120	1
12	119	1
12	118	1
12	117	1
12	116	1
12	115	1
12	114	1
12	113	1
12	112	1
12	111	1
12	110	1
12	109	1
12	108	1
12	107	1
12	106	1
12	105	1
12	104	1
12	103	1
12	102	1
12	101	1
12	100	1
12	99	1
12	98	1
12	97	1
12	96	1
12	95	1
12	94	1
12	93	1
12	92	1
12	91	1
12	90	1
12	89	1
12	88	1
12	87	1
12	86	2
12	85	1
12	84	2
12	83	1
12	82	1
12	81	1
12	80	1
12	79	1
12	78	1
12	77	1
12	76	2
12	75	2
12	74	2
12	73	1
12	72	1
12	71	1
12	70	1
12	69	1
12	68	1
12	67	1
12	66	1
12	65	1
12	64	1
12	63	1
12	62	1
12	61	1
12	60	1
12	59	1
12	58	1
12	57	1
12	56	1
12	55	1
12	54	1
12	53	1
12	52	1
12	51	1
12	50	1
12	49	1
12	48	1
12	47	1
12	46	1
12	45	1
12	44	1
12	43	1
12	42	1
12	41	1
12	40	1
12	39	1
12	38	1
12	37	1
12	36	1
12	35	1
12	34	1
12	33	1
12	32	1
12	31	1
12	30	1
12	29	1
12	28	1
12	27	1
12	26	1
12	25	1
12	24	1
12	23	1
12	22	1
12	21	1
12	20	1
12	19	1
12	18	1
12	17	1
12	16	1
12	15	1
12	14	1
12	13	1
12	12	1
12	11	1
12	10	1
12	9	1
12	8	1
12	7	1
12	6	1
12	5	1
12	4	1
12	3	1
12	2	1
12	1	1
13	216	1
13	215	1
13	214	1
13	213	1
13	212	1
13	211	1
13	210	1
13	209	1
13	208	1
13	207	1
13	206	1
13	205	1
13	204	1
13	203	1
13	202	1
13	201	1
13	200	1
13	199	1
13	198	1
13	197	1
13	196	1
13	195	1
13	194	1
13	193	1
13	192	1
13	191	1
13	190	2
13	189	1
13	188	1
13	187	1
13	186	1
13	185	1
13	184	1
13	183	1
13	182	1
13	181	1
13	180	1
13	179	1
13	178	1
13	177	1
13	176	1
13	175	1
13	174	1
13	173	1
13	172	1
13	171	1
13	170	1
13	169	1
13	168	1
13	167	1
13	166	1
13	165	1
13	164	1
13	163	1
13	162	1
13	161	1
13	160	1
13	159	1
13	158	1
13	157	1
13	156	1
13	155	1
13	154	1
13	153	1
13	152	1
13	151	1
13	150	1
13	149	1
13	148	1
13	147	1
13	146	1
13	145	1
13	144	1
13	143	1
13	142	1
13	141	1
13	140	1
13	139	1
13	138	1
13	137	1
13	136	1
13	135	1
13	134	1
13	133	1
13	132	1
13	131	1
13	130	1
13	129	1
13	128	1
13	127	1
13	126	1
13	125	1
13	124	1
13	123	1
13	122	1
13	121	1
13	120	1
13	119	1
13	118	1
13	117	1
13	116	1
13	115	1
13	114	1
13	113	1
13	112	1
13	111	1
13	110	1
13	109	1
13	108	1
13	107	1
13	106	1
13	105	1
13	104	1
13	103	1
13	102	1
13	101	1
13	100	1
13	99	1
13	98	1
13	97	1
13	96	1
13	95	1
13	94	1
13	93	1
13	92	1
13	91	1
13	90	1
13	89	1
13	88	1
13	87	1
13	86	1
13	85	2
13	84	2
13	83	2
13	82	1
13	81	1
13	80	2
13	79	1
13	78	1
13	77	1
13	76	1
13	75	2
13	74	2
13	73	1
13	72	1
13	71	1
13	70	1
13	69	1
13	68	2
13	67	1
13	66	1
13	65	1
13	64	1
13	63	1
13	62	1
13	61	1
13	60	1
13	59	1
13	58	1
13	57	1
13	56	1
13	55	1
13	54	1
13	53	1
13	52	1
13	51	1
13	50	1
13	49	1
13	48	1
13	47	1
13	46	1
13	45	1
13	44	1
13	43	1
13	42	1
13	41	1
13	40	1
13	39	1
13	38	1
13	37	1
13	36	1
13	35	1
13	34	1
13	33	1
13	32	1
13	31	1
13	30	1
13	29	1
13	28	1
13	27	1
13	26	1
13	25	1
13	24	1
13	23	1
13	22	1
13	21	1
13	20	1
13	19	1
13	18	1
13	17	1
13	16	1
13	15	1
13	14	1
13	13	1
13	12	1
13	11	1
13	10	1
13	9	1
13	8	1
13	7	1
13	6	1
13	5	1
13	4	1
13	3	1
13	2	1
13	1	1
14	216	1
14	215	1
14	214	1
14	213	1
14	212	1
14	211	1
14	210	1
14	209	1
14	208	1
14	207	1
14	206	1
14	205	1
14	204	1
14	203	1
14	202	1
14	201	1
14	200	1
14	199	1
14	198	1
14	197	1
14	196	1
14	195	1
14	194	1
14	193	1
14	192	1
14	191	2
14	190	1
14	189	1
14	188	1
14	187	1
14	186	1
14	185	1
14	184	1
14	183	1
14	182	1
14	181	1
14	180	1
14	179	1
14	178	1
14	177	1
14	176	1
14	175	1
14	174	1
14	173	1
14	172	1
14	171	1
14	170	1
14	169	1
14	168	1
14	167	1
14	166	1
14	165	1
14	164	1
14	163	1
14	162	1
14	161	1
14	160	1
14	159	1
14	158	1
14	157	1
14	156	1
14	155	1
14	154	1
14	153	1
14	152	1
14	151	1
14	150	1
14	149	1
14	148	1
14	147	1
14	146	1
14	145	1
14	144	1
14	143	1
14	142	1
14	141	1
14	140	1
14	139	1
14	138	1
14	137	1
14	136	1
14	135	1
14	134	1
14	133	1
14	132	1
14	131	1
14	130	1
14	129	1
14	128	1
14	127	1
14	126	1
14	125	1
14	124	1
14	123	1
14	122	1
14	121	1
14	120	1
14	119	1
14	118	1
14	117	1
14	116	1
14	115	1
14	114	1
14	113	1
14	112	1
14	111	1
14	110	1
14	109	1
14	108	1
14	107	1
14	106	1
14	105	1
14	104	1
14	103	1
14	102	1
14	101	1
14	100	1
14	99	1
14	98	1
14	97	1
14	96	1
14	95	1
14	94	1
14	93	1
14	92	1
14	91	1
14	90	1
14	89	1
14	88	1
14	87	1
14	86	1
14	85	1
14	84	2
14	83	1
14	82	1
14	81	1
14	80	1
14	79	1
14	78	1
14	77	1
14	76	2
14	75	2
14	74	1
14	73	1
14	72	1
14	71	1
14	70	1
14	69	1
14	68	1
14	67	1
14	66	2
14	65	2
14	64	1
14	63	1
14	62	1
14	61	2
14	60	1
14	59	1
14	58	1
14	57	1
14	56	1
14	55	1
14	54	1
14	53	1
14	52	1
14	51	1
14	50	1
14	49	1
14	48	1
14	47	1
14	46	1
14	45	1
14	44	1
14	43	1
14	42	1
14	41	1
14	40	1
14	39	1
14	38	1
14	37	1
14	36	1
14	35	1
14	34	1
14	33	1
14	32	1
14	31	1
14	30	1
14	29	1
14	28	1
14	27	1
14	26	1
14	25	1
14	24	1
14	23	1
14	22	1
14	21	1
14	20	1
14	19	1
14	18	1
14	17	1
14	16	1
14	15	1
14	14	1
14	13	1
14	12	1
14	11	1
14	10	1
14	9	1
14	8	1
14	7	1
14	6	1
14	5	1
14	4	1
14	3	1
14	2	1
14	1	1
15	216	1
15	215	1
15	214	1
15	213	1
15	212	1
15	211	1
15	210	1
15	209	1
15	208	1
15	207	1
15	206	1
15	205	1
15	204	1
15	203	1
15	202	1
15	201	1
15	200	1
15	199	1
15	198	1
15	197	1
15	196	1
15	195	1
15	194	1
15	193	1
15	192	2
15	191	1
15	190	1
15	189	1
15	188	1
15	187	1
15	186	1
15	185	1
15	184	1
15	183	1
15	182	1
15	181	1
15	180	1
15	179	1
15	178	1
15	177	1
15	176	1
15	175	1
15	174	1
15	173	1
15	172	1
15	171	1
15	170	1
15	169	1
15	168	1
15	167	1
15	166	1
15	165	1
15	164	1
15	163	1
15	162	1
15	161	1
15	160	1
15	159	1
15	158	1
15	157	1
15	156	1
15	155	1
15	154	1
15	153	1
15	152	1
15	151	1
15	150	1
15	149	1
15	148	1
15	147	1
15	146	1
15	145	1
15	144	1
15	143	1
15	142	1
15	141	1
15	140	1
15	139	1
15	138	1
15	137	1
15	136	1
15	135	1
15	134	1
15	133	1
15	132	1
15	131	1
15	130	1
15	129	1
15	128	2
15	127	1
15	126	1
15	125	1
15	124	1
15	123	1
15	122	1
15	121	1
15	120	1
15	119	1
15	118	1
15	117	1
15	116	1
15	115	1
15	114	1
15	113	1
15	112	1
15	111	1
15	110	1
15	109	1
15	108	1
15	107	1
15	106	1
15	105	1
15	104	1
15	103	1
15	102	1
15	101	1
15	100	1
15	99	1
15	98	1
15	97	1
15	96	1
15	95	1
15	94	1
15	93	1
15	92	1
15	91	1
15	90	1
15	89	1
15	88	2
15	87	1
15	86	1
15	85	1
15	84	1
15	83	1
15	82	1
15	81	1
15	80	1
15	79	1
15	78	1
15	77	1
15	76	2
15	75	1
15	74	1
15	73	1
15	72	1
15	71	1
15	70	1
15	69	1
15	68	1
15	67	2
15	66	2
15	65	2
15	64	1
15	63	1
15	62	1
15	61	1
15	60	1
15	59	1
15	58	1
15	57	1
15	56	1
15	55	1
15	54	1
15	53	1
15	52	1
15	51	1
15	50	1
15	49	1
15	48	1
15	47	1
15	46	1
15	45	1
15	44	1
15	43	1
15	42	1
15	41	1
15	40	1
15	39	1
15	38	1
15	37	1
15	36	1
15	35	1
15	34	1
15	33	1
15	32	1
15	31	1
15	30	1
15	29	1
15	28	1
15	27	1
15	26	1
15	25	1
15	24	1
15	23	1
15	22	1
15	21	1
15	20	1
15	19	1
15	18	1
15	17	1
15	16	1
15	15	1
15	14	1
15	13	1
15	12	1
15	11	1
15	10	1
15	9	1
15	8	1
15	7	1
15	6	1
15	5	1
15	4	1
15	3	1
15	2	1
15	1	1
16	216	1
16	215	1
16	214	1
16	213	1
16	212	1
16	211	1
16	210	1
16	209	1
16	208	1
16	207	1
16	206	1
16	205	1
16	204	1
16	203	1
16	202	1
16	201	1
16	200	1
16	199	1
16	198	1
16	197	1
16	196	1
16	195	1
16	194	1
16	193	2
16	192	1
16	191	1
16	190	1
16	189	1
16	188	1
16	187	1
16	186	1
16	185	1
16	184	1
16	183	1
16	182	1
16	181	1
16	180	1
16	179	1
16	178	1
16	177	1
16	176	1
16	175	1
16	174	1
16	173	1
16	172	1
16	171	1
16	170	1
16	169	1
16	168	1
16	167	1
16	166	1
16	165	1
16	164	1
16	163	1
16	162	1
16	161	1
16	160	1
16	159	1
16	158	1
16	157	1
16	156	1
16	155	1
16	154	1
16	153	1
16	152	1
16	151	1
16	150	1
16	149	1
16	148	1
16	147	1
16	146	1
16	145	1
16	144	1
16	143	1
16	142	1
16	141	1
16	140	1
16	139	1
16	138	1
16	137	1
16	136	1
16	135	1
16	134	1
16	133	1
16	132	1
16	131	1
16	130	1
16	129	1
16	128	1
16	127	1
16	126	1
16	125	1
16	124	1
16	123	1
16	122	1
16	121	1
16	120	1
16	119	1
16	118	1
16	117	1
16	116	1
16	115	1
16	114	1
16	113	1
16	112	1
16	111	1
16	110	1
16	109	1
16	108	1
16	107	1
16	106	1
16	105	1
16	104	1
16	103	1
16	102	1
16	101	1
16	100	1
16	99	1
16	98	1
16	97	1
16	96	1
16	95	1
16	94	1
16	93	1
16	92	1
16	91	1
16	90	1
16	89	1
16	88	1
16	87	1
16	86	1
16	85	1
16	84	1
16	83	1
16	82	1
16	81	1
16	80	1
16	79	1
16	78	1
16	77	1
16	76	2
16	75	1
16	74	1
16	73	1
16	72	1
16	71	1
16	70	1
16	69	1
16	68	1
16	67	1
16	66	2
16	65	2
16	64	1
16	63	1
16	62	1
16	61	1
16	60	1
16	59	1
16	58	1
16	57	1
16	56	1
16	55	1
16	54	1
16	53	1
16	52	1
16	51	1
16	50	1
16	49	1
16	48	1
16	47	1
16	46	1
16	45	1
16	44	1
16	43	1
16	42	1
16	41	1
16	40	1
16	39	1
16	38	1
16	37	1
16	36	1
16	35	1
16	34	1
16	33	1
16	32	1
16	31	1
16	30	1
16	29	1
16	28	1
16	27	1
16	26	1
16	25	1
16	24	1
16	23	1
16	22	1
16	21	1
16	20	1
16	19	1
16	18	1
16	17	1
16	16	1
16	15	1
16	14	1
16	13	1
16	12	1
16	11	1
16	10	1
16	9	1
16	8	1
16	7	1
16	6	1
16	5	1
16	4	1
16	3	1
16	2	1
16	1	1
17	216	1
17	215	1
17	214	1
17	213	1
17	212	1
17	211	1
17	210	1
17	209	1
17	208	1
17	207	1
17	206	1
17	205	1
17	204	1
17	203	1
17	202	1
17	201	1
17	200	1
17	199	1
17	198	1
17	197	1
17	196	1
17	195	1
17	194	1
17	193	1
17	192	1
17	191	1
17	190	1
17	189	1
17	188	1
17	187	1
17	186	1
17	185	1
17	184	1
17	183	1
17	182	1
17	181	1
17	180	1
17	179	1
17	178	1
17	177	1
17	176	1
17	175	1
17	174	1
17	173	1
17	172	1
17	171	1
17	170	1
17	169	1
17	168	1
17	167	1
17	166	1
17	165	1
17	164	1
17	163	1
17	162	1
17	161	1
17	160	1
17	159	1
17	158	1
17	157	1
17	156	1
17	155	1
17	154	1
17	153	1
17	152	1
17	151	1
17	150	1
17	149	1
17	148	1
17	147	1
17	146	1
17	145	1
17	144	1
17	143	1
17	142	1
17	141	1
17	140	1
17	139	1
17	138	1
17	137	1
17	136	1
17	135	1
17	134	1
17	133	1
17	132	1
17	131	1
17	130	1
17	129	1
17	128	1
17	127	1
17	126	1
17	125	1
17	124	1
17	123	1
17	122	1
17	121	1
17	120	1
17	119	1
17	118	1
17	117	1
17	116	1
17	115	1
17	114	1
17	113	1
17	112	1
17	111	1
17	110	1
17	109	1
17	108	1
17	107	1
17	106	1
17	105	1
17	104	1
17	103	1
17	102	1
17	101	1
17	100	1
17	99	1
17	98	1
17	97	1
17	96	1
17	95	1
17	94	1
17	93	1
17	92	1
17	91	1
17	90	1
17	89	1
17	88	1
17	87	1
17	86	1
17	85	1
17	84	1
17	83	1
17	82	1
17	81	1
17	80	1
17	79	1
17	78	1
17	77	1
17	76	1
17	75	1
17	74	1
17	73	1
17	72	1
17	71	1
17	70	1
17	69	1
17	68	1
17	67	1
17	66	1
17	65	1
17	64	1
17	63	1
17	62	1
17	61	1
17	60	1
17	59	1
17	58	1
17	57	1
17	56	1
17	55	1
17	54	1
17	53	1
17	52	1
17	51	1
17	50	1
17	49	1
17	48	1
17	47	1
17	46	1
17	45	1
17	44	1
17	43	1
17	42	1
17	41	1
17	40	1
17	39	1
17	38	1
17	37	1
17	36	1
17	35	1
17	34	1
17	33	1
17	32	1
17	31	1
17	30	1
17	29	1
17	28	1
17	27	1
17	26	1
17	25	1
17	24	1
17	23	1
17	22	1
17	21	1
17	20	1
17	19	1
17	18	1
17	17	1
17	16	1
17	15	1
17	14	1
17	13	1
17	12	1
17	11	1
17	10	1
17	9	1
17	8	1
17	7	1
17	6	1
17	5	1
17	4	1
17	3	1
17	2	1
17	1	1
18	216	1
18	215	1
18	214	1
18	213	1
18	212	1
18	211	1
18	210	1
18	209	1
18	208	1
18	207	1
18	206	1
18	205	1
18	204	1
18	203	1
18	202	1
18	201	1
18	200	1
18	199	1
18	198	1
18	197	1
18	196	1
18	195	1
18	194	2
18	193	1
18	192	1
18	191	1
18	190	1
18	189	1
18	188	1
18	187	1
18	186	1
18	185	1
18	184	1
18	183	1
18	182	1
18	181	1
18	180	1
18	179	1
18	178	1
18	177	1
18	176	1
18	175	1
18	174	1
18	173	1
18	172	1
18	171	1
18	170	1
18	169	1
18	168	1
18	167	1
18	166	1
18	165	1
18	164	1
18	163	1
18	162	1
18	161	1
18	160	1
18	159	1
18	158	1
18	157	1
18	156	1
18	155	1
18	154	1
18	153	1
18	152	1
18	151	1
18	150	1
18	149	1
18	148	1
18	147	1
18	146	1
18	145	1
18	144	1
18	143	1
18	142	1
18	141	1
18	140	1
18	139	1
18	138	1
18	137	1
18	136	1
18	135	1
18	134	1
18	133	1
18	132	1
18	131	1
18	130	1
18	129	1
18	128	1
18	127	1
18	126	1
18	125	1
18	124	1
18	123	1
18	122	1
18	121	1
18	120	1
18	119	1
18	118	1
18	117	1
18	116	1
18	115	1
18	114	1
18	113	1
18	112	1
18	111	1
18	110	1
18	109	1
18	108	1
18	107	1
18	106	1
18	105	1
18	104	1
18	103	1
18	102	1
18	101	1
18	100	1
18	99	1
18	98	1
18	97	1
18	96	1
18	95	1
18	94	1
18	93	1
18	92	1
18	91	1
18	90	1
18	89	1
18	88	1
18	87	1
18	86	1
18	85	1
18	84	1
18	83	1
18	82	1
18	81	1
18	80	1
18	79	1
18	78	1
18	77	1
18	76	1
18	75	1
18	74	1
18	73	1
18	72	1
18	71	1
18	70	1
18	69	1
18	68	1
18	67	1
18	66	1
18	65	1
18	64	1
18	63	1
18	62	1
18	61	1
18	60	1
18	59	1
18	58	1
18	57	1
18	56	1
18	55	1
18	54	1
18	53	1
18	52	1
18	51	1
18	50	1
18	49	1
18	48	1
18	47	1
18	46	1
18	45	1
18	44	1
18	43	1
18	42	1
18	41	1
18	40	1
18	39	1
18	38	1
18	37	1
18	36	1
18	35	1
18	34	1
18	33	1
18	32	1
18	31	1
18	30	1
18	29	1
18	28	1
18	27	1
18	26	1
18	25	1
18	24	1
18	23	1
18	22	1
18	21	1
18	20	1
18	19	1
18	18	1
18	17	1
18	16	1
18	15	1
18	14	1
18	13	1
18	12	1
18	11	1
18	10	1
18	9	1
18	8	1
18	7	1
18	6	1
18	5	1
18	4	1
18	3	1
18	2	1
18	1	1
19	216	1
19	215	1
19	214	1
19	213	1
19	212	1
19	211	1
19	210	1
19	209	1
19	208	1
19	207	1
19	206	1
19	205	1
19	204	1
19	203	1
19	202	1
19	201	1
19	200	1
19	199	1
19	198	1
19	197	1
19	196	1
19	195	2
19	194	1
19	193	1
19	192	1
19	191	1
19	190	1
19	189	1
19	188	1
19	187	1
19	186	1
19	185	1
19	184	1
19	183	1
19	182	1
19	181	1
19	180	1
19	179	1
19	178	1
19	177	1
19	176	1
19	175	1
19	174	1
19	173	1
19	172	1
19	171	1
19	170	1
19	169	1
19	168	1
19	167	1
19	166	1
19	165	1
19	164	1
19	163	1
19	162	1
19	161	1
19	160	1
19	159	1
19	158	1
19	157	1
19	156	1
19	155	1
19	154	1
19	153	1
19	152	1
19	151	1
19	150	1
19	149	1
19	148	1
19	147	1
19	146	1
19	145	1
19	144	1
19	143	1
19	142	1
19	141	1
19	140	1
19	139	1
19	138	1
19	137	1
19	136	1
19	135	1
19	134	1
19	133	1
19	132	1
19	131	1
19	130	1
19	129	1
19	128	1
19	127	1
19	126	1
19	125	1
19	124	1
19	123	1
19	122	1
19	121	1
19	120	1
19	119	1
19	118	1
19	117	1
19	116	1
19	115	1
19	114	1
19	113	1
19	112	1
19	111	1
19	110	1
19	109	1
19	108	1
19	107	1
19	106	1
19	105	1
19	104	1
19	103	1
19	102	1
19	101	1
19	100	1
19	99	1
19	98	1
19	97	1
19	96	1
19	95	1
19	94	1
19	93	1
19	92	1
19	91	1
19	90	1
19	89	1
19	88	1
19	87	1
19	86	1
19	85	1
19	84	1
19	83	1
19	82	1
19	81	1
19	80	1
19	79	1
19	78	1
19	77	1
19	76	1
19	75	1
19	74	1
19	73	1
19	72	1
19	71	1
19	70	1
19	69	1
19	68	1
19	67	1
19	66	1
19	65	1
19	64	1
19	63	1
19	62	1
19	61	1
19	60	1
19	59	1
19	58	1
19	57	1
19	56	1
19	55	1
19	54	1
19	53	1
19	52	1
19	51	1
19	50	1
19	49	1
19	48	1
19	47	1
19	46	1
19	45	1
19	44	1
19	43	1
19	42	1
19	41	1
19	40	1
19	39	1
19	38	1
19	37	1
19	36	1
19	35	1
19	34	1
19	33	1
19	32	1
19	31	1
19	30	1
19	29	1
19	28	1
19	27	1
19	26	1
19	25	1
19	24	1
19	23	1
19	22	1
19	21	1
19	20	1
19	19	1
19	18	1
19	17	1
19	16	1
19	15	1
19	14	1
19	13	1
19	12	1
19	11	1
19	10	1
19	9	1
19	8	1
19	7	1
19	6	1
19	5	1
19	4	1
19	3	1
19	2	1
19	1	1
20	216	1
20	215	1
20	214	1
20	213	1
20	212	1
20	211	1
20	210	1
20	209	1
20	208	1
20	207	1
20	206	1
20	205	1
20	204	1
20	203	1
20	202	1
20	201	1
20	200	1
20	199	1
20	198	1
20	197	1
20	196	1
20	195	1
20	194	1
20	193	1
20	192	1
20	191	1
20	190	1
20	189	1
20	188	1
20	187	1
20	186	1
20	185	1
20	184	1
20	183	1
20	182	1
20	181	1
20	180	1
20	179	1
20	178	1
20	177	1
20	176	1
20	175	1
20	174	1
20	173	1
20	172	1
20	171	1
20	170	1
20	169	1
20	168	1
20	167	1
20	166	1
20	165	1
20	164	1
20	163	1
20	162	1
20	161	1
20	160	1
20	159	1
20	158	1
20	157	1
20	156	1
20	155	1
20	154	1
20	153	1
20	152	1
20	151	1
20	150	1
20	149	1
20	148	1
20	147	1
20	146	1
20	145	1
20	144	1
20	143	1
20	142	1
20	141	1
20	140	1
20	139	1
20	138	1
20	137	1
20	136	1
20	135	1
20	134	1
20	133	1
20	132	1
20	131	1
20	130	1
20	129	1
20	128	1
20	127	1
20	126	1
20	125	1
20	124	1
20	123	1
20	122	1
20	121	1
20	120	1
20	119	1
20	118	1
20	117	1
20	116	1
20	115	1
20	114	1
20	113	1
20	112	1
20	111	1
20	110	1
20	109	1
20	108	1
20	107	1
20	106	1
20	105	1
20	104	1
20	103	1
20	102	1
20	101	1
20	100	1
20	99	1
20	98	1
20	97	1
20	96	1
20	95	1
20	94	1
20	93	1
20	92	1
20	91	1
20	90	1
20	89	1
20	88	1
20	87	1
20	86	1
20	85	1
20	84	1
20	83	1
20	82	1
20	81	1
20	80	1
20	79	1
20	78	1
20	77	1
20	76	1
20	75	1
20	74	1
20	73	1
20	72	1
20	71	1
20	70	1
20	69	1
20	68	1
20	67	1
20	66	1
20	65	1
20	64	1
20	63	1
20	62	1
20	61	1
20	60	1
20	59	1
20	58	1
20	57	1
20	56	2
20	55	2
20	54	1
20	53	1
20	52	1
20	51	1
20	50	1
20	49	1
20	48	1
20	47	1
20	46	1
20	45	1
20	44	1
20	43	1
20	42	1
20	41	1
20	40	1
20	39	1
20	38	1
20	37	1
20	36	1
20	35	1
20	34	1
20	33	1
20	32	1
20	31	1
20	30	1
20	29	1
20	28	1
20	27	1
20	26	1
20	25	1
20	24	1
20	23	1
20	22	1
20	21	1
20	20	1
20	19	1
20	18	1
20	17	1
20	16	1
20	15	1
20	14	1
20	13	1
20	12	1
20	11	1
20	10	1
20	9	1
20	8	1
20	7	1
20	6	1
20	5	1
20	4	1
20	3	1
20	2	1
20	1	1
21	216	1
21	215	1
21	214	1
21	213	1
21	212	1
21	211	1
21	210	1
21	209	1
21	208	1
21	207	1
21	206	1
21	205	1
21	204	1
21	203	1
21	202	1
21	201	1
21	200	1
21	199	1
21	198	1
21	197	1
21	196	2
21	195	1
21	194	1
21	193	1
21	192	1
21	191	1
21	190	1
21	189	1
21	188	1
21	187	1
21	186	1
21	185	1
21	184	1
21	183	1
21	182	1
21	181	1
21	180	1
21	179	1
21	178	1
21	177	1
21	176	1
21	175	1
21	174	1
21	173	1
21	172	1
21	171	1
21	170	1
21	169	1
21	168	1
21	167	1
21	166	1
21	165	1
21	164	1
21	163	1
21	162	1
21	161	1
21	160	1
21	159	1
21	158	1
21	157	1
21	156	1
21	155	1
21	154	1
21	153	1
21	152	1
21	151	1
21	150	1
21	149	1
21	148	1
21	147	1
21	146	1
21	145	1
21	144	1
21	143	1
21	142	1
21	141	1
21	140	1
21	139	1
21	138	1
21	137	1
21	136	1
21	135	1
21	134	1
21	133	1
21	132	1
21	131	1
21	130	1
21	129	1
21	128	1
21	127	1
21	126	1
21	125	1
21	124	1
21	123	1
21	122	1
21	121	1
21	120	1
21	119	1
21	118	1
21	117	1
21	116	1
21	115	1
21	114	1
21	113	1
21	112	1
21	111	1
21	110	1
21	109	1
21	108	1
21	107	1
21	106	1
21	105	1
21	104	1
21	103	1
21	102	1
21	101	1
21	100	1
21	99	1
21	98	1
21	97	1
21	96	1
21	95	1
21	94	1
21	93	1
21	92	1
21	91	1
21	90	1
21	89	1
21	88	1
21	87	1
21	86	1
21	85	1
21	84	1
21	83	1
21	82	1
21	81	1
21	80	1
21	79	1
21	78	1
21	77	1
21	76	1
21	75	1
21	74	1
21	73	1
21	72	1
21	71	1
21	70	1
21	69	1
21	68	1
21	67	1
21	66	1
21	65	1
21	64	1
21	63	1
21	62	1
21	61	1
21	60	1
21	59	1
21	58	1
21	57	1
21	56	2
21	55	2
21	54	2
21	53	1
21	52	1
21	51	1
21	50	1
21	49	1
21	48	1
21	47	1
21	46	1
21	45	1
21	44	1
21	43	1
21	42	1
21	41	1
21	40	1
21	39	1
21	38	1
21	37	1
21	36	1
21	35	1
21	34	1
21	33	1
21	32	1
21	31	1
21	30	1
21	29	1
21	28	1
21	27	1
21	26	1
21	25	1
21	24	1
21	23	1
21	22	1
21	21	1
21	20	1
21	19	1
21	18	1
21	17	1
21	16	1
21	15	1
21	14	1
21	13	1
21	12	1
21	11	1
21	10	1
21	9	1
21	8	1
21	7	1
21	6	1
21	5	1
21	4	1
21	3	1
21	2	1
21	1	1
22	216	1
22	215	1
22	214	1
22	213	1
22	212	1
22	211	1
22	210	1
22	209	1
22	208	1
22	207	1
22	206	1
22	205	1
22	204	1
22	203	1
22	202	1
22	201	1
22	200	1
22	199	1
22	198	1
22	197	2
22	196	1
22	195	1
22	194	1
22	193	1
22	192	1
22	191	1
22	190	1
22	189	1
22	188	1
22	187	1
22	186	1
22	185	1
22	184	1
22	183	1
22	182	1
22	181	1
22	180	1
22	179	1
22	178	1
22	177	1
22	176	1
22	175	1
22	174	1
22	173	1
22	172	1
22	171	1
22	170	1
22	169	1
22	168	1
22	167	1
22	166	1
22	165	1
22	164	1
22	163	1
22	162	1
22	161	1
22	160	1
22	159	1
22	158	1
22	157	1
22	156	1
22	155	1
22	154	1
22	153	1
22	152	1
22	151	1
22	150	1
22	149	1
22	148	1
22	147	1
22	146	1
22	145	1
22	144	1
22	143	1
22	142	1
22	141	1
22	140	1
22	139	1
22	138	1
22	137	1
22	136	1
22	135	1
22	134	1
22	133	1
22	132	1
22	131	1
22	130	1
22	129	1
22	128	1
22	127	1
22	126	1
22	125	1
22	124	1
22	123	1
22	122	1
22	121	1
22	120	1
22	119	1
22	118	1
22	117	1
22	116	1
22	115	1
22	114	1
22	113	1
22	112	1
22	111	1
22	110	1
22	109	1
22	108	1
22	107	1
22	106	1
22	105	1
22	104	1
22	103	1
22	102	1
22	101	1
22	100	1
22	99	1
22	98	1
22	97	1
22	96	1
22	95	1
22	94	1
22	93	1
22	92	1
22	91	1
22	90	1
22	89	1
22	88	2
22	87	1
22	86	1
22	85	1
22	84	1
22	83	1
22	82	1
22	81	1
22	80	1
22	79	2
22	78	1
22	77	1
22	76	1
22	75	1
22	74	1
22	73	1
22	72	1
22	71	1
22	70	1
22	69	1
22	68	1
22	67	1
22	66	1
22	65	1
22	64	1
22	63	1
22	62	1
22	61	1
22	60	1
22	59	1
22	58	1
22	57	1
22	56	1
22	55	2
22	54	1
22	53	2
22	52	2
22	51	1
22	50	1
22	49	1
22	48	1
22	47	1
22	46	1
22	45	1
22	44	1
22	43	1
22	42	1
22	41	1
22	40	1
22	39	1
22	38	1
22	37	1
22	36	1
22	35	1
22	34	1
22	33	1
22	32	1
22	31	1
22	30	1
22	29	1
22	28	1
22	27	1
22	26	1
22	25	1
22	24	1
22	23	1
22	22	1
22	21	1
22	20	1
22	19	1
22	18	1
22	17	1
22	16	1
22	15	1
22	14	1
22	13	1
22	12	1
22	11	1
22	10	1
22	9	1
22	8	1
22	7	1
22	6	1
22	5	1
22	4	1
22	3	1
22	2	1
22	1	1
23	216	1
23	215	1
23	214	1
23	213	1
23	212	1
23	211	1
23	210	1
23	209	1
23	208	1
23	207	1
23	206	1
23	205	1
23	204	1
23	203	1
23	202	1
23	201	1
23	200	1
23	199	1
23	198	2
23	197	1
23	196	1
23	195	1
23	194	1
23	193	1
23	192	1
23	191	1
23	190	1
23	189	1
23	188	1
23	187	1
23	186	1
23	185	1
23	184	1
23	183	1
23	182	1
23	181	1
23	180	1
23	179	1
23	178	1
23	177	1
23	176	1
23	175	1
23	174	1
23	173	1
23	172	1
23	171	1
23	170	1
23	169	1
23	168	1
23	167	1
23	166	1
23	165	1
23	164	1
23	163	1
23	162	1
23	161	1
23	160	1
23	159	1
23	158	1
23	157	1
23	156	1
23	155	1
23	154	1
23	153	1
23	152	1
23	151	1
23	150	1
23	149	1
23	148	1
23	147	1
23	146	1
23	145	1
23	144	1
23	143	1
23	142	1
23	141	1
23	140	1
23	139	1
23	138	1
23	137	1
23	136	1
23	135	1
23	134	1
23	133	1
23	132	1
23	131	1
23	130	1
23	129	1
23	128	1
23	127	1
23	126	1
23	125	1
23	124	1
23	123	1
23	122	1
23	121	1
23	120	1
23	119	1
23	118	1
23	117	1
23	116	1
23	115	1
23	114	1
23	113	1
23	112	1
23	111	1
23	110	1
23	109	1
23	108	1
23	107	1
23	106	1
23	105	1
23	104	1
23	103	1
23	102	1
23	101	1
23	100	1
23	99	1
23	98	1
23	97	1
23	96	1
23	95	1
23	94	1
23	93	1
23	92	1
23	91	1
23	90	1
23	89	1
23	88	1
23	87	1
23	86	1
23	85	1
23	84	1
23	83	1
23	82	1
23	81	1
23	80	1
23	79	2
23	78	1
23	77	1
23	76	1
23	75	1
23	74	1
23	73	1
23	72	1
23	71	1
23	70	1
23	69	2
23	68	1
23	67	1
23	66	1
23	65	1
23	64	1
23	63	1
23	62	1
23	61	1
23	60	1
23	59	1
23	58	1
23	57	2
23	56	1
23	55	1
23	54	1
23	53	2
23	52	2
23	51	1
23	50	1
23	49	1
23	48	2
23	47	1
23	46	1
23	45	1
23	44	1
23	43	1
23	42	1
23	41	1
23	40	1
23	39	1
23	38	1
23	37	1
23	36	1
23	35	1
23	34	1
23	33	1
23	32	1
23	31	1
23	30	1
23	29	1
23	28	1
23	27	1
23	26	1
23	25	1
23	24	1
23	23	1
23	22	1
23	21	1
23	20	1
23	19	1
23	18	1
23	17	1
23	16	1
23	15	1
23	14	1
23	13	1
23	12	1
23	11	1
23	10	1
23	9	1
23	8	1
23	7	1
23	6	1
23	5	1
23	4	1
23	3	1
23	2	1
23	1	1
24	216	1
24	215	1
24	214	1
24	213	1
24	212	1
24	211	1
24	210	1
24	209	1
24	208	1
24	207	1
24	206	1
24	205	1
24	204	1
24	203	1
24	202	1
24	201	1
24	200	1
24	199	2
24	198	1
24	197	1
24	196	1
24	195	1
24	194	1
24	193	1
24	192	1
24	191	1
24	190	1
24	189	1
24	188	1
24	187	1
24	186	1
24	185	1
24	184	1
24	183	1
24	182	1
24	181	1
24	180	1
24	179	1
24	178	1
24	177	1
24	176	1
24	175	1
24	174	1
24	173	1
24	172	1
24	171	1
24	170	1
24	169	1
24	168	1
24	167	1
24	166	1
24	165	1
24	164	1
24	163	1
24	162	1
24	161	1
24	160	1
24	159	1
24	158	1
24	157	1
24	156	1
24	155	1
24	154	1
24	153	1
24	152	1
24	151	1
24	150	1
24	149	1
24	148	1
24	147	1
24	146	1
24	145	1
24	144	1
24	143	1
24	142	1
24	141	1
24	140	1
24	139	1
24	138	1
24	137	1
24	136	1
24	135	1
24	134	1
24	133	1
24	132	1
24	131	1
24	130	1
24	129	1
24	128	1
24	127	1
24	126	1
24	125	1
24	124	1
24	123	1
24	122	1
24	121	1
24	120	1
24	119	1
24	118	1
24	117	1
24	116	1
24	115	1
24	114	1
24	113	1
24	112	1
24	111	1
24	110	1
24	109	1
24	108	1
24	107	1
24	106	1
24	105	1
24	104	1
24	103	1
24	102	1
24	101	1
24	100	1
24	99	1
24	98	1
24	97	1
24	96	1
24	95	1
24	94	1
24	93	1
24	92	1
24	91	1
24	90	1
24	89	1
24	88	1
24	87	1
24	86	1
24	85	1
24	84	1
24	83	1
24	82	1
24	81	1
24	80	1
24	79	1
24	78	1
24	77	1
24	76	1
24	75	1
24	74	1
24	73	1
24	72	1
24	71	1
24	70	1
24	69	1
24	68	1
24	67	1
24	66	1
24	65	1
24	64	1
24	63	1
24	62	1
24	61	1
24	60	1
24	59	1
24	58	2
24	57	1
24	56	1
24	55	1
24	54	1
24	53	1
24	52	1
24	51	1
24	50	2
24	49	1
24	48	1
24	47	1
24	46	1
24	45	1
24	44	1
24	43	1
24	42	1
24	41	1
24	40	1
24	39	1
24	38	1
24	37	1
24	36	1
24	35	1
24	34	1
24	33	1
24	32	1
24	31	1
24	30	1
24	29	1
24	28	1
24	27	1
24	26	1
24	25	1
24	24	1
24	23	1
24	22	1
24	21	1
24	20	1
24	19	1
24	18	1
24	17	1
24	16	1
24	15	1
24	14	1
24	13	1
24	12	1
24	11	1
24	10	1
24	9	1
24	8	1
24	7	1
24	6	1
24	5	1
24	4	1
24	3	1
24	2	1
24	1	1
25	216	1
25	215	1
25	214	1
25	213	1
25	212	1
25	211	1
25	210	1
25	209	1
25	208	1
25	207	1
25	206	1
25	205	1
25	204	1
25	203	1
25	202	1
25	201	1
25	200	2
25	199	2
25	198	1
25	197	1
25	196	1
25	195	1
25	194	1
25	193	1
25	192	1
25	191	1
25	190	1
25	189	1
25	188	1
25	187	1
25	186	1
25	185	1
25	184	1
25	183	1
25	182	1
25	181	1
25	180	1
25	179	1
25	178	1
25	177	1
25	176	1
25	175	1
25	174	1
25	173	1
25	172	1
25	171	1
25	170	1
25	169	1
25	168	1
25	167	1
25	166	1
25	165	1
25	164	1
25	163	1
25	162	1
25	161	1
25	160	1
25	159	1
25	158	1
25	157	1
25	156	1
25	155	1
25	154	1
25	153	1
25	152	1
25	151	1
25	150	1
25	149	1
25	148	1
25	147	1
25	146	1
25	145	1
25	144	1
25	143	1
25	142	1
25	141	1
25	140	1
25	139	1
25	138	1
25	137	1
25	136	1
25	135	1
25	134	1
25	133	1
25	132	1
25	131	1
25	130	1
25	129	1
25	128	1
25	127	1
25	126	1
25	125	1
25	124	1
25	123	1
25	122	1
25	121	1
25	120	1
25	119	1
25	118	1
25	117	1
25	116	1
25	115	1
25	114	1
25	113	1
25	112	1
25	111	1
25	110	1
25	109	1
25	108	1
25	107	1
25	106	1
25	105	1
25	104	1
25	103	1
25	102	1
25	101	1
25	100	1
25	99	1
25	98	1
25	97	1
25	96	1
25	95	1
25	94	1
25	93	1
25	92	1
25	91	1
25	90	1
25	89	1
25	88	1
25	87	1
25	86	1
25	85	1
25	84	1
25	83	1
25	82	1
25	81	1
25	80	1
25	79	1
25	78	1
25	77	1
25	76	1
25	75	1
25	74	1
25	73	1
25	72	1
25	71	1
25	70	1
25	69	1
25	68	1
25	67	1
25	66	1
25	65	2
25	64	1
25	63	1
25	62	1
25	61	1
25	60	1
25	59	1
25	58	1
25	57	1
25	56	1
25	55	1
25	54	1
25	53	1
25	52	1
25	51	1
25	50	1
25	49	1
25	48	1
25	47	1
25	46	1
25	45	1
25	44	1
25	43	1
25	42	1
25	41	1
25	40	1
25	39	1
25	38	1
25	37	1
25	36	1
25	35	1
25	34	1
25	33	1
25	32	1
25	31	1
25	30	1
25	29	1
25	28	1
25	27	1
25	26	1
25	25	1
25	24	1
25	23	1
25	22	1
25	21	1
25	20	1
25	19	1
25	18	1
25	17	1
25	16	1
25	15	1
25	14	1
25	13	1
25	12	1
25	11	1
25	10	1
25	9	1
25	8	1
25	7	1
25	6	1
25	5	1
25	4	1
25	3	1
25	2	1
25	1	1
26	216	1
26	215	1
26	214	1
26	213	1
26	212	1
26	211	1
26	210	1
26	209	1
26	208	1
26	207	1
26	206	1
26	205	1
26	204	1
26	203	1
26	202	1
26	201	1
26	200	2
26	199	1
26	198	1
26	197	1
26	196	1
26	195	1
26	194	1
26	193	1
26	192	1
26	191	1
26	190	1
26	189	1
26	188	1
26	187	1
26	186	1
26	185	1
26	184	1
26	183	1
26	182	1
26	181	1
26	180	1
26	179	1
26	178	1
26	177	1
26	176	1
26	175	1
26	174	1
26	173	1
26	172	1
26	171	1
26	170	1
26	169	1
26	168	1
26	167	1
26	166	1
26	165	1
26	164	1
26	163	1
26	162	1
26	161	1
26	160	1
26	159	1
26	158	1
26	157	1
26	156	1
26	155	1
26	154	1
26	153	1
26	152	1
26	151	1
26	150	1
26	149	1
26	148	1
26	147	1
26	146	1
26	145	1
26	144	1
26	143	1
26	142	1
26	141	1
26	140	1
26	139	1
26	138	1
26	137	1
26	136	1
26	135	1
26	134	1
26	133	1
26	132	1
26	131	1
26	130	1
26	129	1
26	128	1
26	127	1
26	126	1
26	125	1
26	124	1
26	123	1
26	122	1
26	121	1
26	120	1
26	119	1
26	118	1
26	117	1
26	116	1
26	115	1
26	114	1
26	113	1
26	112	1
26	111	1
26	110	1
26	109	1
26	108	1
26	107	1
26	106	1
26	105	1
26	104	1
26	103	1
26	102	1
26	101	1
26	100	1
26	99	1
26	98	1
26	97	1
26	96	1
26	95	1
26	94	1
26	93	1
26	92	1
26	91	1
26	90	1
26	89	1
26	88	1
26	87	1
26	86	1
26	85	1
26	84	1
26	83	1
26	82	1
26	81	1
26	80	1
26	79	1
26	78	1
26	77	1
26	76	1
26	75	1
26	74	1
26	73	1
26	72	1
26	71	1
26	70	1
26	69	1
26	68	1
26	67	1
26	66	1
26	65	1
26	64	1
26	63	1
26	62	2
26	61	2
26	60	1
26	59	1
26	58	1
26	57	1
26	56	1
26	55	1
26	54	1
26	53	1
26	52	1
26	51	1
26	50	1
26	49	1
26	48	1
26	47	1
26	46	1
26	45	1
26	44	1
26	43	1
26	42	1
26	41	1
26	40	1
26	39	1
26	38	1
26	37	1
26	36	1
26	35	1
26	34	1
26	33	1
26	32	1
26	31	1
26	30	1
26	29	1
26	28	1
26	27	1
26	26	1
26	25	1
26	24	1
26	23	1
26	22	1
26	21	1
26	20	1
26	19	1
26	18	1
26	17	1
26	16	1
26	15	1
26	14	1
26	13	1
26	12	1
26	11	1
26	10	1
26	9	1
26	8	1
26	7	1
26	6	1
26	5	1
26	4	1
26	3	1
26	2	1
26	1	1
27	216	1
27	215	1
27	214	1
27	213	1
27	212	1
27	211	1
27	210	1
27	209	1
27	208	1
27	207	1
27	206	1
27	205	1
27	204	1
27	203	1
27	202	1
27	201	2
27	200	1
27	199	1
27	198	1
27	197	1
27	196	1
27	195	1
27	194	1
27	193	1
27	192	1
27	191	1
27	190	1
27	189	1
27	188	1
27	187	1
27	186	1
27	185	1
27	184	1
27	183	1
27	182	1
27	181	1
27	180	1
27	179	1
27	178	1
27	177	1
27	176	1
27	175	1
27	174	1
27	173	1
27	172	1
27	171	1
27	170	1
27	169	1
27	168	1
27	167	1
27	166	1
27	165	1
27	164	1
27	163	1
27	162	1
27	161	1
27	160	1
27	159	1
27	158	1
27	157	1
27	156	1
27	155	1
27	154	1
27	153	1
27	152	1
27	151	1
27	150	1
27	149	1
27	148	1
27	147	1
27	146	1
27	145	1
27	144	1
27	143	1
27	142	1
27	141	1
27	140	1
27	139	1
27	138	1
27	137	1
27	136	1
27	135	1
27	134	1
27	133	1
27	132	1
27	131	1
27	130	1
27	129	1
27	128	1
27	127	1
27	126	1
27	125	1
27	124	1
27	123	1
27	122	1
27	121	1
27	120	1
27	119	1
27	118	1
27	117	1
27	116	1
27	115	1
27	114	1
27	113	1
27	112	1
27	111	1
27	110	1
27	109	1
27	108	1
27	107	1
27	106	1
27	105	1
27	104	1
27	103	1
27	102	1
27	101	1
27	100	1
27	99	1
27	98	1
27	97	1
27	96	1
27	95	1
27	94	1
27	93	1
27	92	1
27	91	1
27	90	1
27	89	1
27	88	1
27	87	1
27	86	1
27	85	1
27	84	1
27	83	1
27	82	1
27	81	1
27	80	1
27	79	1
27	78	1
27	77	1
27	76	1
27	75	1
27	74	1
27	73	1
27	72	1
27	71	1
27	70	1
27	69	1
27	68	1
27	67	1
27	66	1
27	65	1
27	64	1
27	63	1
27	62	2
27	61	1
27	60	1
27	59	1
27	58	1
27	57	1
27	56	1
27	55	1
27	54	1
27	53	1
27	52	1
27	51	1
27	50	1
27	49	1
27	48	1
27	47	1
27	46	1
27	45	1
27	44	1
27	43	1
27	42	1
27	41	1
27	40	1
27	39	1
27	38	1
27	37	1
27	36	1
27	35	1
27	34	1
27	33	1
27	32	1
27	31	1
27	30	1
27	29	1
27	28	1
27	27	1
27	26	1
27	25	1
27	24	1
27	23	1
27	22	1
27	21	1
27	20	1
27	19	1
27	18	1
27	17	1
27	16	1
27	15	1
27	14	1
27	13	1
27	12	1
27	11	1
27	10	1
27	9	1
27	8	1
27	7	1
27	6	1
27	5	1
27	4	1
27	3	1
27	2	1
27	1	1
28	216	1
28	215	1
28	214	1
28	213	1
28	212	1
28	211	1
28	210	1
28	209	1
28	208	1
28	207	1
28	206	1
28	205	1
28	204	1
28	203	1
28	202	2
28	201	1
28	200	1
28	199	1
28	198	1
28	197	1
28	196	1
28	195	1
28	194	1
28	193	1
28	192	1
28	191	1
28	190	1
28	189	1
28	188	1
28	187	1
28	186	1
28	185	1
28	184	1
28	183	1
28	182	1
28	181	1
28	180	1
28	179	1
28	178	1
28	177	1
28	176	1
28	175	1
28	174	1
28	173	1
28	172	1
28	171	1
28	170	1
28	169	1
28	168	1
28	167	1
28	166	1
28	165	1
28	164	1
28	163	1
28	162	1
28	161	1
28	160	1
28	159	1
28	158	1
28	157	1
28	156	1
28	155	1
28	154	1
28	153	1
28	152	1
28	151	1
28	150	1
28	149	1
28	148	1
28	147	1
28	146	1
28	145	1
28	144	1
28	143	1
28	142	1
28	141	1
28	140	1
28	139	1
28	138	1
28	137	1
28	136	1
28	135	1
28	134	1
28	133	1
28	132	1
28	131	1
28	130	1
28	129	1
28	128	1
28	127	1
28	126	1
28	125	1
28	124	1
28	123	1
28	122	1
28	121	1
28	120	1
28	119	1
28	118	1
28	117	1
28	116	1
28	115	1
28	114	1
28	113	1
28	112	1
28	111	1
28	110	1
28	109	1
28	108	1
28	107	1
28	106	1
28	105	1
28	104	1
28	103	1
28	102	1
28	101	1
28	100	1
28	99	1
28	98	1
28	97	1
28	96	1
28	95	1
28	94	1
28	93	1
28	92	1
28	91	1
28	90	1
28	89	1
28	88	1
28	87	1
28	86	1
28	85	1
28	84	1
28	83	1
28	82	1
28	81	1
28	80	1
28	79	1
28	78	1
28	77	1
28	76	1
28	75	1
28	74	1
28	73	1
28	72	1
28	71	1
28	70	1
28	69	1
28	68	1
28	67	1
28	66	1
28	65	1
28	64	1
28	63	1
28	62	1
28	61	1
28	60	1
28	59	1
28	58	1
28	57	1
28	56	1
28	55	1
28	54	1
28	53	1
28	52	1
28	51	1
28	50	1
28	49	1
28	48	1
28	47	1
28	46	1
28	45	1
28	44	1
28	43	1
28	42	1
28	41	1
28	40	1
28	39	1
28	38	1
28	37	1
28	36	1
28	35	1
28	34	1
28	33	1
28	32	1
28	31	1
28	30	1
28	29	1
28	28	1
28	27	1
28	26	1
28	25	1
28	24	1
28	23	1
28	22	1
28	21	1
28	20	1
28	19	1
28	18	1
28	17	1
28	16	1
28	15	1
28	14	1
28	13	1
28	12	1
28	11	1
28	10	1
28	9	1
28	8	1
28	7	1
28	6	1
28	5	1
28	4	1
28	3	1
28	2	1
28	1	1
29	216	1
29	215	1
29	214	1
29	213	1
29	212	1
29	211	1
29	210	1
29	209	1
29	208	1
29	207	1
29	206	1
29	205	1
29	204	1
29	203	1
29	202	1
29	201	1
29	200	1
29	199	1
29	198	1
29	197	1
29	196	1
29	195	1
29	194	1
29	193	1
29	192	1
29	191	1
29	190	1
29	189	1
29	188	1
29	187	1
29	186	1
29	185	1
29	184	1
29	183	1
29	182	1
29	181	1
29	180	1
29	179	1
29	178	1
29	177	1
29	176	1
29	175	1
29	174	1
29	173	1
29	172	1
29	171	1
29	170	1
29	169	1
29	168	1
29	167	1
29	166	1
29	165	1
29	164	1
29	163	1
29	162	1
29	161	1
29	160	1
29	159	1
29	158	1
29	157	1
29	156	1
29	155	1
29	154	1
29	153	1
29	152	1
29	151	1
29	150	1
29	149	1
29	148	1
29	147	1
29	146	1
29	145	1
29	144	1
29	143	1
29	142	1
29	141	1
29	140	1
29	139	1
29	138	1
29	137	1
29	136	1
29	135	1
29	134	1
29	133	1
29	132	1
29	131	1
29	130	1
29	129	1
29	128	1
29	127	1
29	126	1
29	125	1
29	124	1
29	123	1
29	122	1
29	121	1
29	120	1
29	119	1
29	118	1
29	117	1
29	116	1
29	115	1
29	114	1
29	113	1
29	112	1
29	111	1
29	110	1
29	109	1
29	108	1
29	107	1
29	106	1
29	105	1
29	104	1
29	103	1
29	102	1
29	101	1
29	100	1
29	99	1
29	98	1
29	97	1
29	96	1
29	95	1
29	94	1
29	93	1
29	92	1
29	91	1
29	90	1
29	89	1
29	88	1
29	87	1
29	86	1
29	85	1
29	84	1
29	83	1
29	82	1
29	81	1
29	80	1
29	79	1
29	78	1
29	77	1
29	76	1
29	75	1
29	74	1
29	73	1
29	72	1
29	71	1
29	70	1
29	69	1
29	68	1
29	67	1
29	66	1
29	65	1
29	64	1
29	63	1
29	62	1
29	61	1
29	60	1
29	59	2
29	58	2
29	57	1
29	56	1
29	55	1
29	54	1
29	53	1
29	52	1
29	51	1
29	50	1
29	49	1
29	48	1
29	47	1
29	46	2
29	45	1
29	44	1
29	43	1
29	42	1
29	41	1
29	40	1
29	39	1
29	38	1
29	37	1
29	36	1
29	35	1
29	34	1
29	33	1
29	32	1
29	31	1
29	30	1
29	29	1
29	28	1
29	27	1
29	26	1
29	25	1
29	24	1
29	23	1
29	22	1
29	21	1
29	20	1
29	19	1
29	18	1
29	17	1
29	16	1
29	15	1
29	14	1
29	13	1
29	12	1
29	11	1
29	10	1
29	9	1
29	8	1
29	7	1
29	6	1
29	5	1
29	4	1
29	3	1
29	2	1
29	1	1
30	216	1
30	215	1
30	214	1
30	213	1
30	212	1
30	211	1
30	210	1
30	209	1
30	208	1
30	207	1
30	206	1
30	205	1
30	204	1
30	203	2
30	202	1
30	201	1
30	200	1
30	199	1
30	198	1
30	197	1
30	196	1
30	195	1
30	194	1
30	193	1
30	192	1
30	191	1
30	190	1
30	189	1
30	188	1
30	187	1
30	186	1
30	185	1
30	184	1
30	183	1
30	182	1
30	181	1
30	180	1
30	179	1
30	178	1
30	177	1
30	176	1
30	175	1
30	174	1
30	173	1
30	172	1
30	171	1
30	170	1
30	169	1
30	168	1
30	167	1
30	166	1
30	165	1
30	164	1
30	163	1
30	162	1
30	161	1
30	160	1
30	159	1
30	158	1
30	157	1
30	156	1
30	155	1
30	154	1
30	153	1
30	152	1
30	151	1
30	150	1
30	149	1
30	148	1
30	147	1
30	146	1
30	145	1
30	144	1
30	143	1
30	142	1
30	141	1
30	140	1
30	139	1
30	138	1
30	137	1
30	136	1
30	135	1
30	134	1
30	133	1
30	132	1
30	131	1
30	130	1
30	129	1
30	128	1
30	127	1
30	126	1
30	125	1
30	124	1
30	123	1
30	122	1
30	121	1
30	120	1
30	119	1
30	118	1
30	117	1
30	116	1
30	115	1
30	114	1
30	113	1
30	112	1
30	111	1
30	110	1
30	109	1
30	108	1
30	107	1
30	106	1
30	105	1
30	104	1
30	103	1
30	102	1
30	101	1
30	100	1
30	99	1
30	98	1
30	97	1
30	96	1
30	95	1
30	94	1
30	93	1
30	92	1
30	91	1
30	90	1
30	89	1
30	88	1
30	87	1
30	86	1
30	85	1
30	84	1
30	83	1
30	82	1
30	81	1
30	80	1
30	79	1
30	78	1
30	77	1
30	76	1
30	75	1
30	74	1
30	73	1
30	72	1
30	71	1
30	70	1
30	69	1
30	68	1
30	67	1
30	66	1
30	65	1
30	64	1
30	63	1
30	62	1
30	61	1
30	60	1
30	59	1
30	58	2
30	57	1
30	56	1
30	55	1
30	54	1
30	53	1
30	52	1
30	51	2
30	50	1
30	49	1
30	48	1
30	47	1
30	46	1
30	45	2
30	44	1
30	43	1
30	42	1
30	41	1
30	40	1
30	39	1
30	38	1
30	37	1
30	36	1
30	35	1
30	34	1
30	33	1
30	32	1
30	31	1
30	30	1
30	29	1
30	28	1
30	27	1
30	26	1
30	25	1
30	24	1
30	23	1
30	22	1
30	21	1
30	20	1
30	19	1
30	18	1
30	17	1
30	16	1
30	15	1
30	14	1
30	13	1
30	12	1
30	11	1
30	10	1
30	9	1
30	8	1
30	7	1
30	6	1
30	5	1
30	4	1
30	3	1
30	2	1
30	1	1
31	216	1
31	215	1
31	214	1
31	213	1
31	212	1
31	211	1
31	210	1
31	209	1
31	208	1
31	207	1
31	206	1
31	205	1
31	204	1
31	203	1
31	202	1
31	201	1
31	200	1
31	199	1
31	198	1
31	197	1
31	196	1
31	195	1
31	194	1
31	193	1
31	192	1
31	191	1
31	190	1
31	189	1
31	188	1
31	187	1
31	186	1
31	185	1
31	184	1
31	183	1
31	182	1
31	181	1
31	180	1
31	179	1
31	178	1
31	177	1
31	176	1
31	175	1
31	174	1
31	173	1
31	172	1
31	171	1
31	170	1
31	169	1
31	168	1
31	167	1
31	166	1
31	165	1
31	164	1
31	163	1
31	162	1
31	161	1
31	160	1
31	159	1
31	158	1
31	157	1
31	156	1
31	155	1
31	154	1
31	153	1
31	152	1
31	151	1
31	150	1
31	149	1
31	148	1
31	147	1
31	146	1
31	145	1
31	144	1
31	143	1
31	142	1
31	141	1
31	140	1
31	139	1
31	138	1
31	137	1
31	136	1
31	135	1
31	134	1
31	133	1
31	132	1
31	131	1
31	130	1
31	129	1
31	128	1
31	127	1
31	126	1
31	125	1
31	124	1
31	123	1
31	122	1
31	121	1
31	120	1
31	119	1
31	118	1
31	117	1
31	116	1
31	115	1
31	114	1
31	113	1
31	112	1
31	111	1
31	110	1
31	109	1
31	108	1
31	107	1
31	106	1
31	105	1
31	104	1
31	103	1
31	102	1
31	101	1
31	100	1
31	99	1
31	98	1
31	97	1
31	96	1
31	95	1
31	94	1
31	93	1
31	92	1
31	91	1
31	90	1
31	89	1
31	88	1
31	87	1
31	86	1
31	85	1
31	84	1
31	83	1
31	82	1
31	81	1
31	80	1
31	79	1
31	78	1
31	77	1
31	76	1
31	75	1
31	74	1
31	73	1
31	72	1
31	71	1
31	70	1
31	69	1
31	68	1
31	67	1
31	66	1
31	65	1
31	64	1
31	63	1
31	62	1
31	61	1
31	60	1
31	59	1
31	58	2
31	57	1
31	56	1
31	55	1
31	54	1
31	53	1
31	52	1
31	51	1
31	50	1
31	49	2
31	48	1
31	47	1
31	46	1
31	45	1
31	44	1
31	43	1
31	42	1
31	41	1
31	40	1
31	39	1
31	38	1
31	37	1
31	36	1
31	35	1
31	34	1
31	33	1
31	32	1
31	31	1
31	30	1
31	29	1
31	28	1
31	27	1
31	26	1
31	25	1
31	24	1
31	23	1
31	22	1
31	21	1
31	20	1
31	19	1
31	18	1
31	17	1
31	16	1
31	15	1
31	14	1
31	13	1
31	12	1
31	11	1
31	10	1
31	9	1
31	8	1
31	7	1
31	6	1
31	5	1
31	4	1
31	3	1
31	2	1
31	1	1
32	216	1
32	215	1
32	214	1
32	213	1
32	212	1
32	211	1
32	210	1
32	209	1
32	208	1
32	207	1
32	206	1
32	205	1
32	204	1
32	203	1
32	202	1
32	201	1
32	200	1
32	199	1
32	198	1
32	197	1
32	196	1
32	195	1
32	194	1
32	193	1
32	192	1
32	191	1
32	190	1
32	189	1
32	188	1
32	187	1
32	186	1
32	185	1
32	184	1
32	183	1
32	182	1
32	181	1
32	180	1
32	179	1
32	178	1
32	177	1
32	176	1
32	175	1
32	174	1
32	173	1
32	172	1
32	171	1
32	170	1
32	169	1
32	168	1
32	167	1
32	166	1
32	165	1
32	164	1
32	163	1
32	162	1
32	161	1
32	160	1
32	159	1
32	158	1
32	157	1
32	156	1
32	155	1
32	154	1
32	153	1
32	152	1
32	151	1
32	150	1
32	149	1
32	148	1
32	147	1
32	146	1
32	145	1
32	144	1
32	143	1
32	142	1
32	141	1
32	140	1
32	139	1
32	138	1
32	137	1
32	136	1
32	135	1
32	134	1
32	133	1
32	132	1
32	131	1
32	130	1
32	129	1
32	128	1
32	127	1
32	126	1
32	125	1
32	124	1
32	123	1
32	122	1
32	121	1
32	120	1
32	119	1
32	118	1
32	117	1
32	116	1
32	115	1
32	114	1
32	113	1
32	112	1
32	111	1
32	110	1
32	109	1
32	108	1
32	107	1
32	106	1
32	105	1
32	104	1
32	103	1
32	102	1
32	101	1
32	100	1
32	99	1
32	98	1
32	97	1
32	96	1
32	95	1
32	94	1
32	93	1
32	92	1
32	91	1
32	90	1
32	89	1
32	88	1
32	87	1
32	86	1
32	85	1
32	84	1
32	83	1
32	82	1
32	81	1
32	80	1
32	79	1
32	78	1
32	77	1
32	76	1
32	75	1
32	74	1
32	73	1
32	72	1
32	71	1
32	70	1
32	69	1
32	68	1
32	67	1
32	66	1
32	65	1
32	64	1
32	63	1
32	62	1
32	61	1
32	60	1
32	59	1
32	58	1
32	57	1
32	56	1
32	55	1
32	54	1
32	53	1
32	52	1
32	51	1
32	50	1
32	49	1
32	48	1
32	47	1
32	46	1
32	45	1
32	44	1
32	43	1
32	42	1
32	41	1
32	40	1
32	39	1
32	38	1
32	37	1
32	36	1
32	35	1
32	34	1
32	33	1
32	32	1
32	31	1
32	30	1
32	29	1
32	28	1
32	27	1
32	26	1
32	25	1
32	24	1
32	23	1
32	22	1
32	21	1
32	20	1
32	19	1
32	18	1
32	17	1
32	16	1
32	15	1
32	14	1
32	13	1
32	12	1
32	11	1
32	10	1
32	9	1
32	8	1
32	7	1
32	6	1
32	5	1
32	4	1
32	3	1
32	2	1
32	1	1
33	216	1
33	215	1
33	214	1
33	213	1
33	212	1
33	211	1
33	210	1
33	209	1
33	208	1
33	207	1
33	206	1
33	205	1
33	204	1
33	203	1
33	202	1
33	201	1
33	200	1
33	199	1
33	198	1
33	197	1
33	196	1
33	195	1
33	194	1
33	193	1
33	192	1
33	191	1
33	190	1
33	189	1
33	188	1
33	187	1
33	186	1
33	185	1
33	184	1
33	183	1
33	182	1
33	181	1
33	180	1
33	179	1
33	178	1
33	177	1
33	176	1
33	175	1
33	174	1
33	173	1
33	172	1
33	171	1
33	170	1
33	169	1
33	168	1
33	167	1
33	166	1
33	165	1
33	164	1
33	163	1
33	162	1
33	161	1
33	160	1
33	159	1
33	158	1
33	157	1
33	156	1
33	155	1
33	154	1
33	153	1
33	152	1
33	151	1
33	150	1
33	149	1
33	148	1
33	147	1
33	146	1
33	145	1
33	144	1
33	143	1
33	142	1
33	141	1
33	140	1
33	139	1
33	138	1
33	137	1
33	136	1
33	135	1
33	134	1
33	133	1
33	132	1
33	131	1
33	130	1
33	129	1
33	128	1
33	127	1
33	126	1
33	125	1
33	124	1
33	123	1
33	122	1
33	121	1
33	120	1
33	119	1
33	118	1
33	117	1
33	116	1
33	115	1
33	114	1
33	113	1
33	112	1
33	111	1
33	110	1
33	109	1
33	108	1
33	107	1
33	106	1
33	105	1
33	104	1
33	103	1
33	102	1
33	101	1
33	100	1
33	99	1
33	98	1
33	97	1
33	96	1
33	95	1
33	94	1
33	93	1
33	92	1
33	91	1
33	90	1
33	89	1
33	88	1
33	87	1
33	86	1
33	85	1
33	84	1
33	83	1
33	82	1
33	81	1
33	80	1
33	79	1
33	78	1
33	77	1
33	76	1
33	75	1
33	74	1
33	73	1
33	72	1
33	71	1
33	70	1
33	69	1
33	68	1
33	67	1
33	66	1
33	65	1
33	64	1
33	63	1
33	62	1
33	61	1
33	60	1
33	59	1
33	58	1
33	57	1
33	56	1
33	55	1
33	54	1
33	53	1
33	52	1
33	51	1
33	50	1
33	49	1
33	48	1
33	47	1
33	46	1
33	45	1
33	44	1
33	43	1
33	42	1
33	41	1
33	40	1
33	39	1
33	38	1
33	37	1
33	36	1
33	35	1
33	34	1
33	33	1
33	32	1
33	31	1
33	30	1
33	29	1
33	28	1
33	27	1
33	26	1
33	25	1
33	24	1
33	23	1
33	22	1
33	21	1
33	20	1
33	19	1
33	18	1
33	17	1
33	16	1
33	15	1
33	14	1
33	13	1
33	12	1
33	11	1
33	10	1
33	9	1
33	8	1
33	7	1
33	6	1
33	5	1
33	4	1
33	3	1
33	2	1
33	1	1
34	216	1
34	215	1
34	214	1
34	213	1
34	212	1
34	211	1
34	210	1
34	209	1
34	208	1
34	207	1
34	206	1
34	205	1
34	204	1
34	203	1
34	202	1
34	201	1
34	200	1
34	199	1
34	198	1
34	197	1
34	196	1
34	195	1
34	194	1
34	193	1
34	192	1
34	191	1
34	190	1
34	189	1
34	188	1
34	187	1
34	186	1
34	185	1
34	184	1
34	183	1
34	182	1
34	181	1
34	180	1
34	179	1
34	178	1
34	177	1
34	176	1
34	175	1
34	174	1
34	173	1
34	172	1
34	171	1
34	170	1
34	169	1
34	168	1
34	167	1
34	166	1
34	165	1
34	164	1
34	163	1
34	162	1
34	161	1
34	160	1
34	159	1
34	158	1
34	157	1
34	156	1
34	155	1
34	154	1
34	153	1
34	152	1
34	151	1
34	150	1
34	149	1
34	148	1
34	147	1
34	146	1
34	145	1
34	144	1
34	143	1
34	142	1
34	141	1
34	140	1
34	139	1
34	138	1
34	137	1
34	136	1
34	135	1
34	134	1
34	133	1
34	132	1
34	131	1
34	130	1
34	129	1
34	128	1
34	127	1
34	126	1
34	125	1
34	124	1
34	123	1
34	122	1
34	121	1
34	120	1
34	119	1
34	118	1
34	117	1
34	116	1
34	115	1
34	114	1
34	113	1
34	112	1
34	111	1
34	110	1
34	109	1
34	108	1
34	107	1
34	106	1
34	105	1
34	104	1
34	103	1
34	102	1
34	101	1
34	100	1
34	99	2
34	98	1
34	97	1
34	96	1
34	95	1
34	94	1
34	93	1
34	92	1
34	91	1
34	90	1
34	89	1
34	88	1
34	87	1
34	86	1
34	85	1
34	84	1
34	83	1
34	82	1
34	81	1
34	80	1
34	79	1
34	78	1
34	77	1
34	76	1
34	75	1
34	74	1
34	73	1
34	72	1
34	71	1
34	70	1
34	69	1
34	68	1
34	67	1
34	66	1
34	65	1
34	64	1
34	63	1
34	62	1
34	61	1
34	60	1
34	59	1
34	58	1
34	57	1
34	56	1
34	55	1
34	54	1
34	53	1
34	52	1
34	51	1
34	50	1
34	49	1
34	48	1
34	47	1
34	46	1
34	45	1
34	44	1
34	43	1
34	42	1
34	41	2
34	40	1
34	39	1
34	38	1
34	37	1
34	36	1
34	35	1
34	34	1
34	33	1
34	32	1
34	31	1
34	30	1
34	29	1
34	28	1
34	27	1
34	26	1
34	25	1
34	24	1
34	23	1
34	22	1
34	21	1
34	20	1
34	19	1
34	18	1
34	17	1
34	16	1
34	15	1
34	14	1
34	13	1
34	12	1
34	11	1
34	10	1
34	9	1
34	8	1
34	7	1
34	6	1
34	5	1
34	4	1
34	3	1
34	2	1
34	1	1
35	216	1
35	215	1
35	214	1
35	213	1
35	212	1
35	211	1
35	210	1
35	209	1
35	208	1
35	207	1
35	206	1
35	205	1
35	204	1
35	203	1
35	202	1
35	201	1
35	200	1
35	199	1
35	198	1
35	197	1
35	196	1
35	195	1
35	194	1
35	193	1
35	192	1
35	191	1
35	190	1
35	189	1
35	188	1
35	187	1
35	186	1
35	185	1
35	184	1
35	183	1
35	182	1
35	181	1
35	180	1
35	179	1
35	178	1
35	177	1
35	176	1
35	175	1
35	174	1
35	173	1
35	172	1
35	171	1
35	170	1
35	169	1
35	168	1
35	167	1
35	166	1
35	165	1
35	164	1
35	163	1
35	162	1
35	161	1
35	160	1
35	159	1
35	158	1
35	157	1
35	156	1
35	155	1
35	154	1
35	153	1
35	152	1
35	151	1
35	150	1
35	149	1
35	148	1
35	147	1
35	146	1
35	145	1
35	144	1
35	143	1
35	142	1
35	141	1
35	140	1
35	139	1
35	138	1
35	137	1
35	136	1
35	135	2
35	134	2
35	133	2
35	132	1
35	131	1
35	130	1
35	129	1
35	128	1
35	127	1
35	126	1
35	125	1
35	124	1
35	123	1
35	122	1
35	121	1
35	120	1
35	119	1
35	118	1
35	117	1
35	116	1
35	115	1
35	114	1
35	113	1
35	112	1
35	111	1
35	110	1
35	109	1
35	108	1
35	107	1
35	106	1
35	105	1
35	104	1
35	103	1
35	102	1
35	101	1
35	100	2
35	99	1
35	98	1
35	97	1
35	96	1
35	95	1
35	94	1
35	93	1
35	92	1
35	91	1
35	90	1
35	89	1
35	88	1
35	87	1
35	86	1
35	85	1
35	84	1
35	83	1
35	82	1
35	81	1
35	80	1
35	79	1
35	78	1
35	77	1
35	76	1
35	75	1
35	74	1
35	73	1
35	72	1
35	71	1
35	70	1
35	69	1
35	68	1
35	67	1
35	66	1
35	65	1
35	64	1
35	63	1
35	62	1
35	61	1
35	60	1
35	59	1
35	58	1
35	57	1
35	56	1
35	55	1
35	54	1
35	53	1
35	52	1
35	51	1
35	50	1
35	49	1
35	48	1
35	47	1
35	46	1
35	45	1
35	44	1
35	43	1
35	42	1
35	41	1
35	40	1
35	39	1
35	38	1
35	37	1
35	36	1
35	35	1
35	34	1
35	33	1
35	32	1
35	31	1
35	30	1
35	29	1
35	28	1
35	27	1
35	26	1
35	25	1
35	24	1
35	23	1
35	22	1
35	21	1
35	20	1
35	19	1
35	18	1
35	17	1
35	16	1
35	15	1
35	14	1
35	13	1
35	12	1
35	11	1
35	10	1
35	9	1
35	8	1
35	7	1
35	6	1
35	5	1
35	4	1
35	3	1
35	2	1
35	1	1
36	216	1
36	215	1
36	214	1
36	213	1
36	212	1
36	211	1
36	210	1
36	209	1
36	208	1
36	207	1
36	206	1
36	205	1
36	204	1
36	203	1
36	202	1
36	201	1
36	200	1
36	199	1
36	198	1
36	197	1
36	196	1
36	195	1
36	194	1
36	193	1
36	192	1
36	191	1
36	190	1
36	189	1
36	188	1
36	187	1
36	186	1
36	185	1
36	184	1
36	183	1
36	182	1
36	181	1
36	180	1
36	179	1
36	178	1
36	177	1
36	176	1
36	175	1
36	174	1
36	173	1
36	172	1
36	171	1
36	170	1
36	169	1
36	168	1
36	167	1
36	166	1
36	165	1
36	164	1
36	163	1
36	162	1
36	161	1
36	160	1
36	159	1
36	158	1
36	157	1
36	156	1
36	155	1
36	154	1
36	153	1
36	152	1
36	151	1
36	150	1
36	149	1
36	148	1
36	147	1
36	146	1
36	145	1
36	144	1
36	143	1
36	142	1
36	141	1
36	140	1
36	139	1
36	138	1
36	137	1
36	136	1
36	135	1
36	134	1
36	133	1
36	132	2
36	131	1
36	130	1
36	129	1
36	128	1
36	127	1
36	126	1
36	125	1
36	124	1
36	123	1
36	122	1
36	121	1
36	120	1
36	119	1
36	118	1
36	117	1
36	116	1
36	115	1
36	114	1
36	113	1
36	112	1
36	111	1
36	110	1
36	109	1
36	108	1
36	107	1
36	106	1
36	105	1
36	104	1
36	103	1
36	102	1
36	101	1
36	100	1
36	99	1
36	98	1
36	97	1
36	96	1
36	95	1
36	94	1
36	93	1
36	92	1
36	91	1
36	90	1
36	89	1
36	88	1
36	87	1
36	86	1
36	85	1
36	84	1
36	83	1
36	82	1
36	81	1
36	80	1
36	79	1
36	78	1
36	77	1
36	76	1
36	75	1
36	74	1
36	73	1
36	72	1
36	71	1
36	70	1
36	69	1
36	68	1
36	67	1
36	66	1
36	65	1
36	64	1
36	63	1
36	62	1
36	61	1
36	60	1
36	59	1
36	58	1
36	57	1
36	56	1
36	55	1
36	54	1
36	53	1
36	52	1
36	51	1
36	50	1
36	49	1
36	48	1
36	47	1
36	46	1
36	45	1
36	44	1
36	43	1
36	42	1
36	41	1
36	40	1
36	39	1
36	38	1
36	37	1
36	36	1
36	35	1
36	34	1
36	33	1
36	32	1
36	31	1
36	30	1
36	29	1
36	28	1
36	27	1
36	26	1
36	25	1
36	24	1
36	23	1
36	22	1
36	21	1
36	20	1
36	19	1
36	18	1
36	17	1
36	16	1
36	15	1
36	14	1
36	13	1
36	12	1
36	11	1
36	10	1
36	9	1
36	8	1
36	7	1
36	6	1
36	5	1
36	4	1
36	3	1
36	2	1
36	1	1
37	216	1
37	215	1
37	214	1
37	213	1
37	212	1
37	211	1
37	210	1
37	209	1
37	208	1
37	207	1
37	206	1
37	205	1
37	204	1
37	203	1
37	202	1
37	201	1
37	200	1
37	199	1
37	198	1
37	197	1
37	196	1
37	195	1
37	194	1
37	193	1
37	192	1
37	191	1
37	190	1
37	189	1
37	188	1
37	187	1
37	186	1
37	185	1
37	184	1
37	183	1
37	182	1
37	181	1
37	180	1
37	179	1
37	178	1
37	177	1
37	176	1
37	175	1
37	174	1
37	173	1
37	172	1
37	171	1
37	170	1
37	169	1
37	168	1
37	167	1
37	166	1
37	165	1
37	164	1
37	163	1
37	162	1
37	161	1
37	160	1
37	159	1
37	158	1
37	157	1
37	156	1
37	155	1
37	154	1
37	153	1
37	152	1
37	151	1
37	150	1
37	149	1
37	148	1
37	147	1
37	146	1
37	145	1
37	144	1
37	143	1
37	142	1
37	141	1
37	140	1
37	139	1
37	138	1
37	137	1
37	136	1
37	135	1
37	134	1
37	133	1
37	132	1
37	131	1
37	130	1
37	129	1
37	128	1
37	127	1
37	126	1
37	125	1
37	124	1
37	123	1
37	122	1
37	121	1
37	120	1
37	119	1
37	118	1
37	117	1
37	116	1
37	115	1
37	114	1
37	113	1
37	112	1
37	111	1
37	110	1
37	109	1
37	108	1
37	107	1
37	106	1
37	105	1
37	104	1
37	103	1
37	102	1
37	101	1
37	100	1
37	99	1
37	98	1
37	97	1
37	96	1
37	95	1
37	94	1
37	93	1
37	92	1
37	91	1
37	90	1
37	89	1
37	88	1
37	87	1
37	86	1
37	85	1
37	84	1
37	83	1
37	82	1
37	81	1
37	80	1
37	79	1
37	78	1
37	77	1
37	76	1
37	75	1
37	74	1
37	73	1
37	72	1
37	71	1
37	70	1
37	69	1
37	68	1
37	67	1
37	66	1
37	65	1
37	64	1
37	63	1
37	62	1
37	61	1
37	60	1
37	59	1
37	58	1
37	57	1
37	56	1
37	55	1
37	54	1
37	53	1
37	52	1
37	51	1
37	50	1
37	49	1
37	48	1
37	47	1
37	46	1
37	45	1
37	44	1
37	43	1
37	42	1
37	41	1
37	40	1
37	39	1
37	38	1
37	37	1
37	36	1
37	35	1
37	34	1
37	33	1
37	32	1
37	31	1
37	30	1
37	29	1
37	28	1
37	27	1
37	26	1
37	25	1
37	24	1
37	23	1
37	22	1
37	21	1
37	20	1
37	19	1
37	18	1
37	17	1
37	16	1
37	15	1
37	14	1
37	13	1
37	12	1
37	11	1
37	10	1
37	9	1
37	8	1
37	7	1
37	6	1
37	5	1
37	4	1
37	3	1
37	2	1
37	1	1
38	216	1
38	215	1
38	214	1
38	213	1
38	212	1
38	211	1
38	210	1
38	209	1
38	208	1
38	207	1
38	206	1
38	205	1
38	204	1
38	203	1
38	202	1
38	201	1
38	200	1
38	199	1
38	198	1
38	197	1
38	196	1
38	195	1
38	194	1
38	193	1
38	192	1
38	191	1
38	190	1
38	189	1
38	188	1
38	187	1
38	186	1
38	185	1
38	184	1
38	183	1
38	182	1
38	181	1
38	180	1
38	179	1
38	178	1
38	177	1
38	176	1
38	175	1
38	174	1
38	173	1
38	172	1
38	171	1
38	170	1
38	169	1
38	168	1
38	167	1
38	166	1
38	165	1
38	164	1
38	163	1
38	162	1
38	161	1
38	160	1
38	159	1
38	158	1
38	157	1
38	156	1
38	155	1
38	154	1
38	153	1
38	152	1
38	151	1
38	150	1
38	149	1
38	148	1
38	147	1
38	146	1
38	145	1
38	144	1
38	143	1
38	142	1
38	141	1
38	140	1
38	139	1
38	138	1
38	137	1
38	136	1
38	135	1
38	134	1
38	133	1
38	132	1
38	131	1
38	130	1
38	129	2
38	128	1
38	127	1
38	126	1
38	125	1
38	124	1
38	123	1
38	122	1
38	121	1
38	120	1
38	119	1
38	118	1
38	117	1
38	116	1
38	115	1
38	114	1
38	113	1
38	112	1
38	111	1
38	110	1
38	109	1
38	108	1
38	107	1
38	106	1
38	105	1
38	104	1
38	103	1
38	102	1
38	101	1
38	100	2
38	99	1
38	98	1
38	97	1
38	96	1
38	95	1
38	94	1
38	93	1
38	92	1
38	91	1
38	90	1
38	89	1
38	88	1
38	87	1
38	86	1
38	85	1
38	84	1
38	83	1
38	82	1
38	81	1
38	80	1
38	79	1
38	78	1
38	77	1
38	76	1
38	75	1
38	74	1
38	73	1
38	72	1
38	71	1
38	70	1
38	69	1
38	68	1
38	67	1
38	66	1
38	65	1
38	64	1
38	63	1
38	62	1
38	61	1
38	60	1
38	59	1
38	58	1
38	57	1
38	56	1
38	55	1
38	54	1
38	53	1
38	52	1
38	51	2
38	50	1
38	49	1
38	48	1
38	47	1
38	46	1
38	45	1
38	44	1
38	43	1
38	42	1
38	41	1
38	40	1
38	39	1
38	38	1
38	37	1
38	36	1
38	35	1
38	34	1
38	33	1
38	32	1
38	31	1
38	30	1
38	29	1
38	28	1
38	27	1
38	26	1
38	25	1
38	24	1
38	23	1
38	22	1
38	21	1
38	20	1
38	19	1
38	18	1
38	17	1
38	16	1
38	15	1
38	14	1
38	13	1
38	12	1
38	11	1
38	10	1
38	9	1
38	8	1
38	7	1
38	6	1
38	5	1
38	4	1
38	3	1
38	2	1
38	1	1
39	216	1
39	215	1
39	214	1
39	213	1
39	212	1
39	211	1
39	210	1
39	209	1
39	208	1
39	207	1
39	206	1
39	205	1
39	204	1
39	203	1
39	202	1
39	201	1
39	200	1
39	199	1
39	198	1
39	197	1
39	196	1
39	195	1
39	194	1
39	193	1
39	192	1
39	191	1
39	190	1
39	189	1
39	188	1
39	187	1
39	186	1
39	185	1
39	184	1
39	183	1
39	182	1
39	181	1
39	180	1
39	179	1
39	178	1
39	177	1
39	176	1
39	175	1
39	174	1
39	173	1
39	172	1
39	171	1
39	170	1
39	169	1
39	168	1
39	167	1
39	166	1
39	165	1
39	164	1
39	163	1
39	162	1
39	161	1
39	160	1
39	159	1
39	158	1
39	157	1
39	156	1
39	155	1
39	154	1
39	153	1
39	152	1
39	151	1
39	150	1
39	149	1
39	148	1
39	147	1
39	146	1
39	145	1
39	144	1
39	143	1
39	142	1
39	141	1
39	140	1
39	139	1
39	138	1
39	137	1
39	136	1
39	135	1
39	134	1
39	133	1
39	132	1
39	131	2
39	130	1
39	129	1
39	128	1
39	127	1
39	126	1
39	125	1
39	124	1
39	123	1
39	122	1
39	121	1
39	120	1
39	119	1
39	118	1
39	117	1
39	116	1
39	115	1
39	114	2
39	113	1
39	112	1
39	111	1
39	110	1
39	109	1
39	108	1
39	107	1
39	106	1
39	105	1
39	104	1
39	103	1
39	102	1
39	101	1
39	100	1
39	99	1
39	98	1
39	97	1
39	96	1
39	95	1
39	94	1
39	93	1
39	92	1
39	91	1
39	90	1
39	89	1
39	88	1
39	87	1
39	86	1
39	85	1
39	84	1
39	83	1
39	82	1
39	81	1
39	80	1
39	79	1
39	78	1
39	77	1
39	76	1
39	75	1
39	74	1
39	73	1
39	72	1
39	71	1
39	70	1
39	69	1
39	68	1
39	67	1
39	66	1
39	65	1
39	64	1
39	63	1
39	62	1
39	61	1
39	60	1
39	59	1
39	58	1
39	57	1
39	56	1
39	55	1
39	54	1
39	53	2
39	52	1
39	51	1
39	50	1
39	49	1
39	48	1
39	47	1
39	46	1
39	45	1
39	44	2
39	43	2
39	42	1
39	41	1
39	40	1
39	39	1
39	38	1
39	37	1
39	36	1
39	35	1
39	34	1
39	33	1
39	32	1
39	31	1
39	30	1
39	29	1
39	28	1
39	27	1
39	26	1
39	25	1
39	24	1
39	23	1
39	22	1
39	21	1
39	20	1
39	19	1
39	18	1
39	17	1
39	16	1
39	15	1
39	14	1
39	13	1
39	12	1
39	11	1
39	10	1
39	9	1
39	8	1
39	7	1
39	6	1
39	5	1
39	4	1
39	3	1
39	2	1
39	1	1
40	216	1
40	215	1
40	214	1
40	213	1
40	212	1
40	211	1
40	210	1
40	209	1
40	208	1
40	207	1
40	206	1
40	205	1
40	204	1
40	203	1
40	202	1
40	201	1
40	200	1
40	199	1
40	198	1
40	197	1
40	196	1
40	195	1
40	194	1
40	193	1
40	192	1
40	191	1
40	190	1
40	189	1
40	188	1
40	187	1
40	186	1
40	185	1
40	184	1
40	183	1
40	182	1
40	181	1
40	180	1
40	179	1
40	178	1
40	177	1
40	176	1
40	175	1
40	174	1
40	173	1
40	172	1
40	171	1
40	170	1
40	169	1
40	168	1
40	167	1
40	166	1
40	165	1
40	164	1
40	163	1
40	162	1
40	161	1
40	160	1
40	159	1
40	158	1
40	157	1
40	156	1
40	155	1
40	154	1
40	153	1
40	152	1
40	151	1
40	150	1
40	149	1
40	148	1
40	147	1
40	146	1
40	145	1
40	144	1
40	143	1
40	142	1
40	141	1
40	140	1
40	139	1
40	138	1
40	137	1
40	136	1
40	135	1
40	134	1
40	133	1
40	132	1
40	131	1
40	130	1
40	129	1
40	128	1
40	127	1
40	126	1
40	125	1
40	124	1
40	123	1
40	122	1
40	121	1
40	120	1
40	119	1
40	118	1
40	117	1
40	116	1
40	115	1
40	114	1
40	113	1
40	112	1
40	111	1
40	110	1
40	109	1
40	108	1
40	107	1
40	106	1
40	105	1
40	104	1
40	103	1
40	102	1
40	101	1
40	100	1
40	99	1
40	98	1
40	97	1
40	96	1
40	95	1
40	94	1
40	93	1
40	92	1
40	91	1
40	90	1
40	89	1
40	88	1
40	87	1
40	86	1
40	85	1
40	84	1
40	83	1
40	82	1
40	81	1
40	80	1
40	79	1
40	78	1
40	77	1
40	76	1
40	75	1
40	74	1
40	73	1
40	72	1
40	71	1
40	70	1
40	69	1
40	68	1
40	67	1
40	66	1
40	65	1
40	64	1
40	63	1
40	62	1
40	61	1
40	60	1
40	59	1
40	58	1
40	57	1
40	56	1
40	55	1
40	54	1
40	53	2
40	52	1
40	51	1
40	50	1
40	49	1
40	48	1
40	47	1
40	46	1
40	45	1
40	44	1
40	43	2
40	42	1
40	41	1
40	40	1
40	39	1
40	38	1
40	37	1
40	36	1
40	35	1
40	34	1
40	33	1
40	32	1
40	31	1
40	30	1
40	29	1
40	28	1
40	27	1
40	26	1
40	25	1
40	24	1
40	23	1
40	22	1
40	21	1
40	20	1
40	19	1
40	18	1
40	17	1
40	16	1
40	15	1
40	14	1
40	13	1
40	12	1
40	11	1
40	10	1
40	9	1
40	8	1
40	7	1
40	6	1
40	5	1
40	4	1
40	3	1
40	2	1
40	1	1
41	216	1
41	215	1
41	214	1
41	213	1
41	212	1
41	211	1
41	210	1
41	209	1
41	208	1
41	207	1
41	206	1
41	205	1
41	204	1
41	203	1
41	202	1
41	201	1
41	200	1
41	199	1
41	198	1
41	197	1
41	196	1
41	195	1
41	194	1
41	193	1
41	192	1
41	191	1
41	190	1
41	189	1
41	188	1
41	187	1
41	186	1
41	185	1
41	184	1
41	183	1
41	182	1
41	181	1
41	180	1
41	179	1
41	178	1
41	177	1
41	176	1
41	175	1
41	174	1
41	173	1
41	172	1
41	171	1
41	170	1
41	169	1
41	168	1
41	167	1
41	166	1
41	165	1
41	164	1
41	163	1
41	162	1
41	161	1
41	160	1
41	159	1
41	158	1
41	157	1
41	156	1
41	155	1
41	154	1
41	153	1
41	152	1
41	151	1
41	150	1
41	149	1
41	148	1
41	147	1
41	146	1
41	145	1
41	144	1
41	143	1
41	142	1
41	141	1
41	140	1
41	139	1
41	138	1
41	137	1
41	136	1
41	135	1
41	134	1
41	133	1
41	132	1
41	131	1
41	130	1
41	129	1
41	128	1
41	127	1
41	126	1
41	125	1
41	124	1
41	123	1
41	122	1
41	121	1
41	120	1
41	119	1
41	118	1
41	117	1
41	116	1
41	115	1
41	114	1
41	113	1
41	112	1
41	111	1
41	110	1
41	109	1
41	108	1
41	107	1
41	106	1
41	105	1
41	104	1
41	103	1
41	102	1
41	101	1
41	100	1
41	99	1
41	98	1
41	97	1
41	96	1
41	95	1
41	94	1
41	93	1
41	92	1
41	91	1
41	90	1
41	89	1
41	88	1
41	87	1
41	86	1
41	85	1
41	84	1
41	83	1
41	82	1
41	81	1
41	80	1
41	79	1
41	78	1
41	77	1
41	76	1
41	75	1
41	74	1
41	73	1
41	72	1
41	71	1
41	70	1
41	69	1
41	68	1
41	67	1
41	66	1
41	65	1
41	64	1
41	63	1
41	62	1
41	61	1
41	60	1
41	59	1
41	58	1
41	57	1
41	56	1
41	55	1
41	54	1
41	53	1
41	52	1
41	51	1
41	50	1
41	49	1
41	48	1
41	47	1
41	46	1
41	45	1
41	44	2
41	43	1
41	42	1
41	41	1
41	40	1
41	39	1
41	38	1
41	37	1
41	36	1
41	35	1
41	34	1
41	33	1
41	32	1
41	31	1
41	30	1
41	29	1
41	28	1
41	27	1
41	26	1
41	25	1
41	24	1
41	23	1
41	22	1
41	21	1
41	20	1
41	19	1
41	18	1
41	17	1
41	16	1
41	15	1
41	14	1
41	13	1
41	12	1
41	11	1
41	10	1
41	9	1
41	8	1
41	7	1
41	6	1
41	5	1
41	4	1
41	3	1
41	2	1
41	1	1
42	216	1
42	215	1
42	214	1
42	213	1
42	212	1
42	211	1
42	210	1
42	209	1
42	208	1
42	207	1
42	206	1
42	205	1
42	204	1
42	203	1
42	202	1
42	201	1
42	200	1
42	199	1
42	198	1
42	197	1
42	196	1
42	195	1
42	194	1
42	193	1
42	192	1
42	191	1
42	190	1
42	189	1
42	188	1
42	187	1
42	186	1
42	185	1
42	184	1
42	183	1
42	182	1
42	181	1
42	180	1
42	179	1
42	178	1
42	177	1
42	176	1
42	175	1
42	174	1
42	173	1
42	172	1
42	171	1
42	170	1
42	169	1
42	168	1
42	167	1
42	166	1
42	165	1
42	164	1
42	163	1
42	162	1
42	161	1
42	160	1
42	159	1
42	158	1
42	157	1
42	156	1
42	155	1
42	154	1
42	153	1
42	152	1
42	151	1
42	150	1
42	149	1
42	148	1
42	147	1
42	146	1
42	145	1
42	144	1
42	143	1
42	142	1
42	141	1
42	140	1
42	139	1
42	138	1
42	137	1
42	136	1
42	135	1
42	134	1
42	133	1
42	132	1
42	131	1
42	130	1
42	129	1
42	128	1
42	127	1
42	126	1
42	125	1
42	124	1
42	123	1
42	122	1
42	121	1
42	120	1
42	119	1
42	118	1
42	117	1
42	116	1
42	115	1
42	114	1
42	113	1
42	112	1
42	111	1
42	110	1
42	109	1
42	108	1
42	107	1
42	106	1
42	105	1
42	104	1
42	103	1
42	102	1
42	101	1
42	100	1
42	99	1
42	98	1
42	97	1
42	96	1
42	95	1
42	94	1
42	93	1
42	92	1
42	91	1
42	90	1
42	89	1
42	88	1
42	87	1
42	86	1
42	85	1
42	84	1
42	83	1
42	82	1
42	81	1
42	80	1
42	79	1
42	78	1
42	77	1
42	76	1
42	75	1
42	74	1
42	73	1
42	72	1
42	71	1
42	70	1
42	69	1
42	68	1
42	67	1
42	66	1
42	65	1
42	64	1
42	63	1
42	62	1
42	61	1
42	60	1
42	59	1
42	58	1
42	57	1
42	56	1
42	55	1
42	54	1
42	53	1
42	52	1
42	51	1
42	50	1
42	49	1
42	48	1
42	47	1
42	46	1
42	45	1
42	44	2
42	43	1
42	42	1
42	41	1
42	40	1
42	39	1
42	38	1
42	37	1
42	36	1
42	35	1
42	34	1
42	33	1
42	32	1
42	31	1
42	30	1
42	29	1
42	28	1
42	27	1
42	26	1
42	25	1
42	24	1
42	23	1
42	22	1
42	21	1
42	20	1
42	19	1
42	18	1
42	17	1
42	16	1
42	15	1
42	14	1
42	13	1
42	12	1
42	11	1
42	10	1
42	9	1
42	8	1
42	7	1
42	6	1
42	5	1
42	4	1
42	3	1
42	2	1
42	1	1
43	216	1
43	215	1
43	214	1
43	213	1
43	212	1
43	211	1
43	210	1
43	209	1
43	208	1
43	207	1
43	206	1
43	205	1
43	204	1
43	203	1
43	202	1
43	201	1
43	200	1
43	199	1
43	198	1
43	197	1
43	196	1
43	195	1
43	194	1
43	193	1
43	192	1
43	191	1
43	190	1
43	189	1
43	188	1
43	187	1
43	186	1
43	185	1
43	184	1
43	183	1
43	182	1
43	181	1
43	180	1
43	179	1
43	178	1
43	177	1
43	176	1
43	175	1
43	174	1
43	173	1
43	172	1
43	171	1
43	170	1
43	169	1
43	168	1
43	167	1
43	166	1
43	165	1
43	164	1
43	163	1
43	162	1
43	161	1
43	160	1
43	159	1
43	158	1
43	157	1
43	156	1
43	155	1
43	154	1
43	153	1
43	152	1
43	151	1
43	150	1
43	149	1
43	148	1
43	147	1
43	146	1
43	145	1
43	144	1
43	143	1
43	142	1
43	141	1
43	140	1
43	139	1
43	138	1
43	137	1
43	136	1
43	135	1
43	134	1
43	133	1
43	132	1
43	131	1
43	130	1
43	129	1
43	128	1
43	127	1
43	126	1
43	125	1
43	124	1
43	123	1
43	122	1
43	121	1
43	120	1
43	119	1
43	118	1
43	117	1
43	116	1
43	115	1
43	114	1
43	113	1
43	112	1
43	111	1
43	110	1
43	109	1
43	108	1
43	107	1
43	106	1
43	105	1
43	104	1
43	103	1
43	102	1
43	101	1
43	100	1
43	99	1
43	98	1
43	97	1
43	96	1
43	95	1
43	94	1
43	93	1
43	92	1
43	91	1
43	90	1
43	89	1
43	88	1
43	87	1
43	86	1
43	85	1
43	84	1
43	83	1
43	82	1
43	81	1
43	80	1
43	79	1
43	78	1
43	77	1
43	76	1
43	75	1
43	74	1
43	73	1
43	72	1
43	71	1
43	70	1
43	69	1
43	68	1
43	67	1
43	66	1
43	65	1
43	64	1
43	63	1
43	62	1
43	61	1
43	60	1
43	59	1
43	58	1
43	57	1
43	56	1
43	55	1
43	54	1
43	53	1
43	52	1
43	51	1
43	50	1
43	49	1
43	48	1
43	47	1
43	46	1
43	45	2
43	44	1
43	43	1
43	42	1
43	41	1
43	40	1
43	39	1
43	38	1
43	37	1
43	36	1
43	35	1
43	34	1
43	33	1
43	32	1
43	31	1
43	30	1
43	29	1
43	28	1
43	27	1
43	26	1
43	25	1
43	24	1
43	23	1
43	22	1
43	21	1
43	20	1
43	19	1
43	18	1
43	17	1
43	16	1
43	15	1
43	14	1
43	13	1
43	12	1
43	11	1
43	10	1
43	9	1
43	8	1
43	7	1
43	6	1
43	5	1
43	4	1
43	3	1
43	2	1
43	1	1
44	216	1
44	215	1
44	214	1
44	213	1
44	212	1
44	211	1
44	210	1
44	209	1
44	208	1
44	207	1
44	206	1
44	205	1
44	204	1
44	203	1
44	202	1
44	201	1
44	200	1
44	199	1
44	198	1
44	197	1
44	196	1
44	195	1
44	194	1
44	193	1
44	192	1
44	191	1
44	190	1
44	189	1
44	188	1
44	187	1
44	186	1
44	185	1
44	184	1
44	183	1
44	182	1
44	181	1
44	180	1
44	179	1
44	178	1
44	177	1
44	176	1
44	175	1
44	174	1
44	173	1
44	172	1
44	171	1
44	170	1
44	169	1
44	168	1
44	167	1
44	166	1
44	165	1
44	164	1
44	163	1
44	162	1
44	161	1
44	160	1
44	159	1
44	158	1
44	157	1
44	156	1
44	155	1
44	154	1
44	153	1
44	152	1
44	151	1
44	150	1
44	149	1
44	148	1
44	147	1
44	146	1
44	145	1
44	144	1
44	143	1
44	142	1
44	141	1
44	140	1
44	139	1
44	138	1
44	137	1
44	136	1
44	135	1
44	134	1
44	133	1
44	132	1
44	131	1
44	130	1
44	129	2
44	128	2
44	127	1
44	126	1
44	125	1
44	124	1
44	123	1
44	122	1
44	121	1
44	120	1
44	119	1
44	118	1
44	117	1
44	116	1
44	115	1
44	114	1
44	113	1
44	112	1
44	111	1
44	110	1
44	109	1
44	108	1
44	107	1
44	106	1
44	105	1
44	104	1
44	103	1
44	102	1
44	101	1
44	100	1
44	99	1
44	98	1
44	97	1
44	96	1
44	95	1
44	94	1
44	93	1
44	92	1
44	91	1
44	90	1
44	89	1
44	88	1
44	87	1
44	86	1
44	85	1
44	84	1
44	83	1
44	82	1
44	81	1
44	80	1
44	79	1
44	78	1
44	77	1
44	76	1
44	75	1
44	74	1
44	73	1
44	72	1
44	71	1
44	70	1
44	69	1
44	68	1
44	67	1
44	66	1
44	65	1
44	64	1
44	63	1
44	62	1
44	61	1
44	60	1
44	59	1
44	58	1
44	57	1
44	56	1
44	55	1
44	54	1
44	53	1
44	52	1
44	51	1
44	50	1
44	49	1
44	48	1
44	47	1
44	46	2
44	45	1
44	44	1
44	43	1
44	42	1
44	41	1
44	40	1
44	39	1
44	38	1
44	37	1
44	36	1
44	35	1
44	34	1
44	33	1
44	32	1
44	31	1
44	30	1
44	29	1
44	28	1
44	27	1
44	26	1
44	25	1
44	24	1
44	23	1
44	22	1
44	21	1
44	20	1
44	19	1
44	18	1
44	17	1
44	16	1
44	15	1
44	14	1
44	13	1
44	12	1
44	11	1
44	10	1
44	9	1
44	8	1
44	7	1
44	6	1
44	5	1
44	4	1
44	3	1
44	2	1
44	1	1
45	216	1
45	215	1
45	214	1
45	213	1
45	212	1
45	211	1
45	210	1
45	209	1
45	208	1
45	207	1
45	206	1
45	205	1
45	204	1
45	203	1
45	202	1
45	201	1
45	200	1
45	199	1
45	198	1
45	197	1
45	196	1
45	195	1
45	194	1
45	193	1
45	192	1
45	191	1
45	190	1
45	189	1
45	188	1
45	187	1
45	186	1
45	185	1
45	184	1
45	183	1
45	182	1
45	181	1
45	180	1
45	179	1
45	178	1
45	177	1
45	176	1
45	175	1
45	174	1
45	173	1
45	172	1
45	171	1
45	170	1
45	169	1
45	168	1
45	167	1
45	166	1
45	165	1
45	164	1
45	163	1
45	162	1
45	161	1
45	160	1
45	159	1
45	158	1
45	157	1
45	156	1
45	155	1
45	154	1
45	153	1
45	152	1
45	151	1
45	150	1
45	149	1
45	148	1
45	147	1
45	146	1
45	145	1
45	144	1
45	143	1
45	142	1
45	141	1
45	140	1
45	139	1
45	138	1
45	137	1
45	136	1
45	135	1
45	134	1
45	133	1
45	132	2
45	131	1
45	130	2
45	129	2
45	128	2
45	127	2
45	126	2
45	125	2
45	124	1
45	123	1
45	122	1
45	121	1
45	120	1
45	119	1
45	118	1
45	117	1
45	116	1
45	115	1
45	114	1
45	113	1
45	112	1
45	111	1
45	110	1
45	109	1
45	108	1
45	107	1
45	106	1
45	105	1
45	104	1
45	103	1
45	102	1
45	101	1
45	100	1
45	99	1
45	98	1
45	97	1
45	96	1
45	95	1
45	94	1
45	93	1
45	92	1
45	91	1
45	90	1
45	89	1
45	88	1
45	87	1
45	86	1
45	85	1
45	84	1
45	83	1
45	82	1
45	81	1
45	80	1
45	79	1
45	78	1
45	77	1
45	76	1
45	75	1
45	74	1
45	73	1
45	72	1
45	71	1
45	70	1
45	69	1
45	68	1
45	67	1
45	66	1
45	65	1
45	64	1
45	63	1
45	62	1
45	61	1
45	60	1
45	59	1
45	58	1
45	57	1
45	56	1
45	55	1
45	54	1
45	53	1
45	52	1
45	51	1
45	50	1
45	49	1
45	48	1
45	47	1
45	46	1
45	45	1
45	44	1
45	43	1
45	42	1
45	41	1
45	40	1
45	39	1
45	38	1
45	37	1
45	36	1
45	35	1
45	34	1
45	33	1
45	32	1
45	31	1
45	30	1
45	29	1
45	28	1
45	27	1
45	26	1
45	25	1
45	24	1
45	23	1
45	22	1
45	21	1
45	20	1
45	19	1
45	18	1
45	17	1
45	16	1
45	15	1
45	14	1
45	13	1
45	12	1
45	11	1
45	10	1
45	9	1
45	8	1
45	7	1
45	6	1
45	5	1
45	4	1
45	3	1
45	2	1
45	1	1
46	216	1
46	215	1
46	214	1
46	213	1
46	212	1
46	211	1
46	210	1
46	209	1
46	208	1
46	207	1
46	206	1
46	205	1
46	204	1
46	203	1
46	202	1
46	201	1
46	200	1
46	199	1
46	198	1
46	197	1
46	196	1
46	195	1
46	194	1
46	193	1
46	192	1
46	191	1
46	190	1
46	189	1
46	188	1
46	187	1
46	186	1
46	185	1
46	184	1
46	183	1
46	182	1
46	181	1
46	180	1
46	179	1
46	178	1
46	177	1
46	176	1
46	175	1
46	174	1
46	173	1
46	172	1
46	171	1
46	170	1
46	169	1
46	168	1
46	167	1
46	166	1
46	165	1
46	164	1
46	163	1
46	162	1
46	161	1
46	160	1
46	159	1
46	158	1
46	157	1
46	156	1
46	155	1
46	154	1
46	153	1
46	152	1
46	151	1
46	150	1
46	149	1
46	148	1
46	147	1
46	146	1
46	145	1
46	144	1
46	143	1
46	142	1
46	141	1
46	140	1
46	139	1
46	138	1
46	137	1
46	136	1
46	135	1
46	134	1
46	133	1
46	132	1
46	131	2
46	130	2
46	129	2
46	128	1
46	127	1
46	126	1
46	125	2
46	124	2
46	123	1
46	122	1
46	121	1
46	120	1
46	119	1
46	118	1
46	117	1
46	116	1
46	115	1
46	114	1
46	113	1
46	112	1
46	111	1
46	110	1
46	109	1
46	108	1
46	107	1
46	106	1
46	105	1
46	104	1
46	103	1
46	102	1
46	101	1
46	100	1
46	99	1
46	98	1
46	97	1
46	96	1
46	95	1
46	94	1
46	93	1
46	92	1
46	91	1
46	90	1
46	89	1
46	88	1
46	87	1
46	86	1
46	85	1
46	84	1
46	83	1
46	82	1
46	81	1
46	80	1
46	79	1
46	78	1
46	77	1
46	76	1
46	75	1
46	74	1
46	73	1
46	72	1
46	71	1
46	70	1
46	69	1
46	68	1
46	67	1
46	66	1
46	65	1
46	64	1
46	63	1
46	62	1
46	61	1
46	60	1
46	59	1
46	58	1
46	57	1
46	56	1
46	55	1
46	54	1
46	53	1
46	52	1
46	51	2
46	50	1
46	49	1
46	48	1
46	47	1
46	46	1
46	45	1
46	44	1
46	43	1
46	42	1
46	41	1
46	40	1
46	39	1
46	38	1
46	37	1
46	36	1
46	35	1
46	34	1
46	33	1
46	32	1
46	31	1
46	30	1
46	29	1
46	28	1
46	27	1
46	26	1
46	25	1
46	24	1
46	23	1
46	22	1
46	21	1
46	20	1
46	19	1
46	18	1
46	17	1
46	16	1
46	15	1
46	14	1
46	13	1
46	12	1
46	11	1
46	10	1
46	9	1
46	8	1
46	7	1
46	6	1
46	5	1
46	4	1
46	3	1
46	2	1
46	1	1
47	216	1
47	215	1
47	214	1
47	213	1
47	212	1
47	211	1
47	210	1
47	209	1
47	208	1
47	207	1
47	206	1
47	205	1
47	204	1
47	203	1
47	202	1
47	201	1
47	200	1
47	199	1
47	198	1
47	197	1
47	196	1
47	195	1
47	194	1
47	193	1
47	192	1
47	191	1
47	190	1
47	189	1
47	188	1
47	187	1
47	186	1
47	185	1
47	184	1
47	183	1
47	182	1
47	181	1
47	180	1
47	179	1
47	178	1
47	177	1
47	176	1
47	175	1
47	174	1
47	173	1
47	172	1
47	171	1
47	170	1
47	169	1
47	168	1
47	167	1
47	166	1
47	165	1
47	164	1
47	163	1
47	162	1
47	161	1
47	160	1
47	159	1
47	158	1
47	157	1
47	156	1
47	155	1
47	154	1
47	153	1
47	152	1
47	151	1
47	150	1
47	149	1
47	148	1
47	147	1
47	146	1
47	145	1
47	144	1
47	143	1
47	142	1
47	141	1
47	140	1
47	139	1
47	138	1
47	137	1
47	136	1
47	135	1
47	134	1
47	133	1
47	132	1
47	131	2
47	130	1
47	129	1
47	128	1
47	127	1
47	126	1
47	125	1
47	124	1
47	123	1
47	122	1
47	121	1
47	120	1
47	119	1
47	118	1
47	117	1
47	116	1
47	115	1
47	114	1
47	113	1
47	112	1
47	111	1
47	110	1
47	109	1
47	108	1
47	107	1
47	106	1
47	105	1
47	104	1
47	103	1
47	102	1
47	101	1
47	100	1
47	99	1
47	98	1
47	97	1
47	96	1
47	95	1
47	94	1
47	93	1
47	92	1
47	91	1
47	90	1
47	89	1
47	88	1
47	87	1
47	86	1
47	85	1
47	84	1
47	83	1
47	82	1
47	81	1
47	80	1
47	79	1
47	78	1
47	77	1
47	76	1
47	75	1
47	74	1
47	73	1
47	72	1
47	71	1
47	70	1
47	69	1
47	68	1
47	67	1
47	66	1
47	65	1
47	64	1
47	63	1
47	62	1
47	61	1
47	60	1
47	59	2
47	58	1
47	57	1
47	56	1
47	55	1
47	54	1
47	53	1
47	52	1
47	51	1
47	50	1
47	49	1
47	48	1
47	47	1
47	46	1
47	45	1
47	44	2
47	43	1
47	42	1
47	41	1
47	40	1
47	39	1
47	38	1
47	37	1
47	36	1
47	35	1
47	34	1
47	33	1
47	32	1
47	31	1
47	30	1
47	29	1
47	28	1
47	27	1
47	26	1
47	25	1
47	24	1
47	23	1
47	22	1
47	21	1
47	20	1
47	19	1
47	18	1
47	17	1
47	16	1
47	15	1
47	14	1
47	13	1
47	12	1
47	11	1
47	10	1
47	9	1
47	8	1
47	7	1
47	6	1
47	5	1
47	4	1
47	3	1
47	2	1
47	1	1
48	216	1
48	215	1
48	214	1
48	213	1
48	212	1
48	211	1
48	210	1
48	209	1
48	208	1
48	207	1
48	206	1
48	205	1
48	204	1
48	203	1
48	202	1
48	201	1
48	200	1
48	199	1
48	198	1
48	197	1
48	196	1
48	195	1
48	194	1
48	193	1
48	192	1
48	191	1
48	190	1
48	189	1
48	188	1
48	187	1
48	186	1
48	185	1
48	184	1
48	183	1
48	182	1
48	181	1
48	180	1
48	179	1
48	178	1
48	177	1
48	176	1
48	175	1
48	174	1
48	173	1
48	172	1
48	171	1
48	170	1
48	169	1
48	168	1
48	167	1
48	166	1
48	165	1
48	164	1
48	163	1
48	162	1
48	161	1
48	160	1
48	159	1
48	158	1
48	157	1
48	156	1
48	155	1
48	154	1
48	153	1
48	152	1
48	151	1
48	150	1
48	149	1
48	148	1
48	147	1
48	146	1
48	145	1
48	144	1
48	143	1
48	142	1
48	141	1
48	140	1
48	139	1
48	138	1
48	137	1
48	136	1
48	135	1
48	134	1
48	133	1
48	132	1
48	131	1
48	130	1
48	129	1
48	128	1
48	127	1
48	126	1
48	125	1
48	124	1
48	123	1
48	122	1
48	121	1
48	120	1
48	119	1
48	118	1
48	117	1
48	116	1
48	115	1
48	114	1
48	113	1
48	112	1
48	111	1
48	110	1
48	109	1
48	108	1
48	107	1
48	106	1
48	105	1
48	104	2
48	103	1
48	102	1
48	101	1
48	100	1
48	99	1
48	98	1
48	97	1
48	96	1
48	95	1
48	94	1
48	93	1
48	92	1
48	91	1
48	90	1
48	89	1
48	88	1
48	87	1
48	86	1
48	85	1
48	84	1
48	83	1
48	82	1
48	81	1
48	80	1
48	79	1
48	78	1
48	77	1
48	76	1
48	75	1
48	74	1
48	73	1
48	72	1
48	71	1
48	70	1
48	69	1
48	68	1
48	67	1
48	66	1
48	65	1
48	64	1
48	63	1
48	62	1
48	61	1
48	60	2
48	59	2
48	58	1
48	57	1
48	56	1
48	55	1
48	54	1
48	53	1
48	52	2
48	51	1
48	50	1
48	49	1
48	48	1
48	47	1
48	46	1
48	45	1
48	44	1
48	43	1
48	42	1
48	41	1
48	40	1
48	39	1
48	38	1
48	37	1
48	36	1
48	35	1
48	34	1
48	33	1
48	32	1
48	31	1
48	30	1
48	29	1
48	28	1
48	27	1
48	26	1
48	25	1
48	24	1
48	23	1
48	22	1
48	21	1
48	20	1
48	19	1
48	18	1
48	17	1
48	16	1
48	15	1
48	14	1
48	13	1
48	12	1
48	11	1
48	10	1
48	9	1
48	8	1
48	7	1
48	6	1
48	5	1
48	4	1
48	3	1
48	2	1
48	1	1
49	216	1
49	215	1
49	214	1
49	213	1
49	212	1
49	211	1
49	210	1
49	209	1
49	208	1
49	207	1
49	206	1
49	205	1
49	204	1
49	203	1
49	202	1
49	201	1
49	200	1
49	199	1
49	198	1
49	197	1
49	196	1
49	195	1
49	194	1
49	193	1
49	192	1
49	191	1
49	190	1
49	189	1
49	188	1
49	187	1
49	186	1
49	185	1
49	184	1
49	183	1
49	182	1
49	181	1
49	180	1
49	179	1
49	178	1
49	177	1
49	176	1
49	175	1
49	174	1
49	173	1
49	172	1
49	171	1
49	170	1
49	169	1
49	168	1
49	167	1
49	166	1
49	165	1
49	164	1
49	163	1
49	162	1
49	161	1
49	160	1
49	159	1
49	158	1
49	157	1
49	156	1
49	155	1
49	154	1
49	153	1
49	152	1
49	151	1
49	150	1
49	149	1
49	148	1
49	147	1
49	146	1
49	145	1
49	144	1
49	143	1
49	142	1
49	141	1
49	140	1
49	139	1
49	138	1
49	137	1
49	136	1
49	135	1
49	134	1
49	133	1
49	132	1
49	131	1
49	130	1
49	129	1
49	128	1
49	127	1
49	126	1
49	125	1
49	124	1
49	123	1
49	122	1
49	121	1
49	120	1
49	119	1
49	118	1
49	117	1
49	116	1
49	115	1
49	114	1
49	113	1
49	112	1
49	111	1
49	110	1
49	109	1
49	108	1
49	107	1
49	106	1
49	105	1
49	104	1
49	103	1
49	102	1
49	101	1
49	100	1
49	99	1
49	98	1
49	97	1
49	96	1
49	95	1
49	94	1
49	93	1
49	92	1
49	91	1
49	90	1
49	89	1
49	88	1
49	87	1
49	86	1
49	85	1
49	84	1
49	83	1
49	82	1
49	81	1
49	80	1
49	79	1
49	78	1
49	77	1
49	76	1
49	75	1
49	74	1
49	73	1
49	72	1
49	71	1
49	70	1
49	69	1
49	68	1
49	67	1
49	66	1
49	65	1
49	64	1
49	63	1
49	62	1
49	61	1
49	60	2
49	59	1
49	58	1
49	57	1
49	56	1
49	55	1
49	54	1
49	53	2
49	52	1
49	51	1
49	50	1
49	49	1
49	48	1
49	47	1
49	46	1
49	45	1
49	44	1
49	43	2
49	42	2
49	41	2
49	40	2
49	39	1
49	38	1
49	37	1
49	36	1
49	35	1
49	34	1
49	33	1
49	32	1
49	31	1
49	30	1
49	29	1
49	28	1
49	27	1
49	26	1
49	25	1
49	24	1
49	23	1
49	22	1
49	21	1
49	20	1
49	19	1
49	18	1
49	17	1
49	16	1
49	15	1
49	14	1
49	13	1
49	12	1
49	11	1
49	10	1
49	9	1
49	8	1
49	7	1
49	6	1
49	5	1
49	4	1
49	3	1
49	2	1
49	1	1
50	216	1
50	215	1
50	214	1
50	213	1
50	212	1
50	211	1
50	210	1
50	209	1
50	208	1
50	207	1
50	206	1
50	205	1
50	204	1
50	203	1
50	202	1
50	201	1
50	200	1
50	199	1
50	198	1
50	197	1
50	196	1
50	195	1
50	194	1
50	193	1
50	192	1
50	191	1
50	190	1
50	189	1
50	188	1
50	187	1
50	186	1
50	185	1
50	184	1
50	183	1
50	182	1
50	181	1
50	180	1
50	179	1
50	178	1
50	177	1
50	176	1
50	175	1
50	174	1
50	173	1
50	172	1
50	171	1
50	170	1
50	169	1
50	168	1
50	167	1
50	166	1
50	165	1
50	164	1
50	163	1
50	162	1
50	161	1
50	160	1
50	159	1
50	158	1
50	157	1
50	156	1
50	155	1
50	154	1
50	153	1
50	152	1
50	151	1
50	150	1
50	149	1
50	148	1
50	147	1
50	146	1
50	145	1
50	144	1
50	143	1
50	142	1
50	141	1
50	140	1
50	139	1
50	138	1
50	137	1
50	136	1
50	135	1
50	134	1
50	133	1
50	132	1
50	131	1
50	130	1
50	129	1
50	128	1
50	127	1
50	126	1
50	125	1
50	124	1
50	123	1
50	122	1
50	121	1
50	120	1
50	119	1
50	118	1
50	117	1
50	116	1
50	115	1
50	114	1
50	113	1
50	112	1
50	111	1
50	110	1
50	109	1
50	108	1
50	107	1
50	106	1
50	105	1
50	104	1
50	103	1
50	102	1
50	101	1
50	100	1
50	99	1
50	98	1
50	97	1
50	96	1
50	95	1
50	94	1
50	93	1
50	92	1
50	91	1
50	90	1
50	89	1
50	88	1
50	87	1
50	86	1
50	85	1
50	84	1
50	83	1
50	82	1
50	81	1
50	80	1
50	79	1
50	78	1
50	77	1
50	76	1
50	75	1
50	74	1
50	73	1
50	72	1
50	71	1
50	70	1
50	69	1
50	68	1
50	67	1
50	66	1
50	65	1
50	64	1
50	63	1
50	62	1
50	61	2
50	60	1
50	59	1
50	58	1
50	57	1
50	56	1
50	55	1
50	54	1
50	53	1
50	52	1
50	51	1
50	50	1
50	49	1
50	48	1
50	47	1
50	46	1
50	45	1
50	44	1
50	43	2
50	42	2
50	41	2
50	40	2
50	39	2
50	38	2
50	37	1
50	36	1
50	35	1
50	34	1
50	33	1
50	32	1
50	31	1
50	30	1
50	29	1
50	28	1
50	27	1
50	26	1
50	25	1
50	24	1
50	23	1
50	22	1
50	21	1
50	20	1
50	19	1
50	18	1
50	17	1
50	16	1
50	15	1
50	14	1
50	13	1
50	12	1
50	11	1
50	10	1
50	9	1
50	8	1
50	7	1
50	6	1
50	5	1
50	4	1
50	3	1
50	2	1
50	1	1
51	216	1
51	215	1
51	214	1
51	213	1
51	212	1
51	211	1
51	210	1
51	209	1
51	208	1
51	207	1
51	206	1
51	205	1
51	204	1
51	203	1
51	202	1
51	201	1
51	200	1
51	199	1
51	198	1
51	197	1
51	196	1
51	195	1
51	194	1
51	193	1
51	192	1
51	191	1
51	190	1
51	189	1
51	188	1
51	187	1
51	186	1
51	185	1
51	184	1
51	183	1
51	182	1
51	181	1
51	180	1
51	179	1
51	178	1
51	177	1
51	176	1
51	175	1
51	174	1
51	173	1
51	172	1
51	171	1
51	170	1
51	169	1
51	168	1
51	167	1
51	166	1
51	165	1
51	164	1
51	163	1
51	162	1
51	161	1
51	160	1
51	159	1
51	158	1
51	157	1
51	156	1
51	155	1
51	154	1
51	153	1
51	152	1
51	151	1
51	150	1
51	149	1
51	148	1
51	147	1
51	146	1
51	145	1
51	144	1
51	143	1
51	142	1
51	141	1
51	140	1
51	139	1
51	138	1
51	137	1
51	136	1
51	135	1
51	134	1
51	133	1
51	132	1
51	131	1
51	130	1
51	129	1
51	128	1
51	127	1
51	126	1
51	125	1
51	124	1
51	123	1
51	122	1
51	121	1
51	120	1
51	119	1
51	118	1
51	117	1
51	116	1
51	115	1
51	114	1
51	113	1
51	112	1
51	111	1
51	110	1
51	109	1
51	108	1
51	107	1
51	106	1
51	105	1
51	104	1
51	103	1
51	102	1
51	101	1
51	100	1
51	99	1
51	98	1
51	97	1
51	96	1
51	95	1
51	94	1
51	93	1
51	92	1
51	91	1
51	90	1
51	89	1
51	88	1
51	87	1
51	86	1
51	85	1
51	84	1
51	83	1
51	82	1
51	81	1
51	80	1
51	79	1
51	78	1
51	77	1
51	76	1
51	75	1
51	74	1
51	73	1
51	72	1
51	71	1
51	70	1
51	69	1
51	68	1
51	67	1
51	66	1
51	65	1
51	64	1
51	63	1
51	62	1
51	61	1
51	60	1
51	59	1
51	58	1
51	57	1
51	56	1
51	55	1
51	54	1
51	53	1
51	52	1
51	51	1
51	50	1
51	49	1
51	48	1
51	47	1
51	46	1
51	45	2
51	44	2
51	43	2
51	42	1
51	41	1
51	40	1
51	39	1
51	38	2
51	37	1
51	36	1
51	35	1
51	34	1
51	33	1
51	32	1
51	31	1
51	30	1
51	29	1
51	28	1
51	27	1
51	26	1
51	25	1
51	24	1
51	23	1
51	22	1
51	21	1
51	20	1
51	19	1
51	18	1
51	17	1
51	16	1
51	15	1
51	14	1
51	13	1
51	12	1
51	11	1
51	10	1
51	9	1
51	8	1
51	7	1
51	6	1
51	5	1
51	4	1
51	3	1
51	2	1
51	1	1
52	216	1
52	215	1
52	214	1
52	213	1
52	212	1
52	211	1
52	210	1
52	209	1
52	208	1
52	207	1
52	206	1
52	205	1
52	204	1
52	203	1
52	202	1
52	201	1
52	200	1
52	199	1
52	198	1
52	197	1
52	196	1
52	195	1
52	194	1
52	193	1
52	192	1
52	191	1
52	190	1
52	189	1
52	188	1
52	187	1
52	186	1
52	185	1
52	184	1
52	183	1
52	182	1
52	181	1
52	180	1
52	179	1
52	178	1
52	177	1
52	176	1
52	175	1
52	174	1
52	173	1
52	172	1
52	171	1
52	170	1
52	169	1
52	168	1
52	167	1
52	166	1
52	165	1
52	164	1
52	163	1
52	162	1
52	161	1
52	160	1
52	159	1
52	158	1
52	157	1
52	156	1
52	155	1
52	154	1
52	153	1
52	152	1
52	151	1
52	150	1
52	149	1
52	148	1
52	147	1
52	146	1
52	145	1
52	144	1
52	143	1
52	142	1
52	141	1
52	140	1
52	139	1
52	138	1
52	137	1
52	136	1
52	135	1
52	134	1
52	133	1
52	132	1
52	131	1
52	130	1
52	129	1
52	128	1
52	127	1
52	126	1
52	125	1
52	124	1
52	123	1
52	122	1
52	121	1
52	120	1
52	119	1
52	118	1
52	117	1
52	116	1
52	115	1
52	114	1
52	113	1
52	112	1
52	111	1
52	110	1
52	109	1
52	108	1
52	107	1
52	106	1
52	105	1
52	104	1
52	103	1
52	102	1
52	101	1
52	100	1
52	99	1
52	98	1
52	97	1
52	96	1
52	95	1
52	94	1
52	93	1
52	92	1
52	91	1
52	90	1
52	89	1
52	88	1
52	87	1
52	86	1
52	85	1
52	84	1
52	83	1
52	82	1
52	81	1
52	80	1
52	79	1
52	78	1
52	77	1
52	76	1
52	75	1
52	74	1
52	73	1
52	72	1
52	71	1
52	70	1
52	69	1
52	68	1
52	67	1
52	66	1
52	65	1
52	64	1
52	63	1
52	62	1
52	61	1
52	60	1
52	59	1
52	58	1
52	57	1
52	56	1
52	55	1
52	54	1
52	53	1
52	52	2
52	51	1
52	50	1
52	49	1
52	48	1
52	47	1
52	46	2
52	45	2
52	44	2
52	43	1
52	42	1
52	41	1
52	40	2
52	39	1
52	38	1
52	37	1
52	36	1
52	35	1
52	34	1
52	33	1
52	32	1
52	31	1
52	30	1
52	29	1
52	28	1
52	27	1
52	26	1
52	25	1
52	24	1
52	23	1
52	22	1
52	21	1
52	20	1
52	19	1
52	18	1
52	17	1
52	16	1
52	15	1
52	14	1
52	13	1
52	12	1
52	11	1
52	10	1
52	9	1
52	8	1
52	7	1
52	6	1
52	5	1
52	4	1
52	3	1
52	2	1
52	1	1
53	216	1
53	215	1
53	214	1
53	213	1
53	212	1
53	211	1
53	210	1
53	209	1
53	208	1
53	207	1
53	206	1
53	205	1
53	204	1
53	203	1
53	202	1
53	201	1
53	200	1
53	199	1
53	198	1
53	197	1
53	196	1
53	195	1
53	194	1
53	193	1
53	192	1
53	191	1
53	190	1
53	189	1
53	188	1
53	187	1
53	186	1
53	185	1
53	184	1
53	183	1
53	182	1
53	181	1
53	180	1
53	179	1
53	178	1
53	177	1
53	176	1
53	175	1
53	174	1
53	173	1
53	172	1
53	171	1
53	170	1
53	169	1
53	168	1
53	167	1
53	166	1
53	165	1
53	164	1
53	163	1
53	162	1
53	161	1
53	160	1
53	159	1
53	158	1
53	157	1
53	156	1
53	155	1
53	154	1
53	153	1
53	152	1
53	151	1
53	150	1
53	149	1
53	148	1
53	147	1
53	146	1
53	145	1
53	144	1
53	143	1
53	142	1
53	141	1
53	140	1
53	139	1
53	138	1
53	137	1
53	136	1
53	135	1
53	134	1
53	133	1
53	132	1
53	131	1
53	130	1
53	129	1
53	128	1
53	127	1
53	126	1
53	125	1
53	124	1
53	123	1
53	122	1
53	121	1
53	120	1
53	119	1
53	118	1
53	117	1
53	116	1
53	115	1
53	114	1
53	113	1
53	112	1
53	111	1
53	110	1
53	109	1
53	108	1
53	107	1
53	106	1
53	105	1
53	104	1
53	103	1
53	102	1
53	101	1
53	100	1
53	99	1
53	98	1
53	97	1
53	96	1
53	95	1
53	94	1
53	93	1
53	92	1
53	91	1
53	90	1
53	89	1
53	88	1
53	87	1
53	86	1
53	85	1
53	84	1
53	83	1
53	82	1
53	81	1
53	80	1
53	79	1
53	78	1
53	77	1
53	76	1
53	75	1
53	74	1
53	73	1
53	72	1
53	71	1
53	70	1
53	69	1
53	68	1
53	67	1
53	66	1
53	65	1
53	64	1
53	63	1
53	62	1
53	61	1
53	60	1
53	59	1
53	58	1
53	57	1
53	56	1
53	55	1
53	54	1
53	53	1
53	52	1
53	51	1
53	50	1
53	49	1
53	48	1
53	47	1
53	46	2
53	45	1
53	44	1
53	43	1
53	42	1
53	41	1
53	40	1
53	39	1
53	38	1
53	37	1
53	36	1
53	35	1
53	34	1
53	33	1
53	32	1
53	31	1
53	30	1
53	29	1
53	28	1
53	27	1
53	26	1
53	25	1
53	24	1
53	23	1
53	22	1
53	21	1
53	20	1
53	19	1
53	18	1
53	17	1
53	16	1
53	15	1
53	14	1
53	13	1
53	12	1
53	11	1
53	10	1
53	9	1
53	8	1
53	7	1
53	6	1
53	5	1
53	4	1
53	3	1
53	2	1
53	1	1
54	216	1
54	215	1
54	214	1
54	213	1
54	212	1
54	211	1
54	210	1
54	209	1
54	208	1
54	207	1
54	206	1
54	205	1
54	204	1
54	203	1
54	202	1
54	201	1
54	200	1
54	199	1
54	198	1
54	197	1
54	196	1
54	195	1
54	194	1
54	193	1
54	192	1
54	191	1
54	190	1
54	189	1
54	188	1
54	187	1
54	186	1
54	185	1
54	184	1
54	183	1
54	182	1
54	181	1
54	180	1
54	179	1
54	178	1
54	177	1
54	176	1
54	175	1
54	174	1
54	173	1
54	172	1
54	171	1
54	170	1
54	169	1
54	168	1
54	167	1
54	166	1
54	165	1
54	164	1
54	163	1
54	162	1
54	161	1
54	160	1
54	159	1
54	158	1
54	157	1
54	156	1
54	155	1
54	154	1
54	153	1
54	152	1
54	151	1
54	150	1
54	149	1
54	148	1
54	147	1
54	146	1
54	145	1
54	144	1
54	143	1
54	142	1
54	141	1
54	140	1
54	139	1
54	138	1
54	137	1
54	136	1
54	135	1
54	134	1
54	133	1
54	132	1
54	131	1
54	130	1
54	129	1
54	128	1
54	127	1
54	126	1
54	125	1
54	124	1
54	123	1
54	122	1
54	121	1
54	120	1
54	119	1
54	118	1
54	117	1
54	116	1
54	115	1
54	114	1
54	113	1
54	112	1
54	111	1
54	110	1
54	109	1
54	108	1
54	107	1
54	106	1
54	105	1
54	104	1
54	103	1
54	102	1
54	101	1
54	100	1
54	99	1
54	98	1
54	97	1
54	96	1
54	95	1
54	94	1
54	93	1
54	92	1
54	91	1
54	90	1
54	89	1
54	88	1
54	87	1
54	86	1
54	85	1
54	84	1
54	83	1
54	82	1
54	81	1
54	80	1
54	79	1
54	78	1
54	77	1
54	76	1
54	75	1
54	74	1
54	73	1
54	72	1
54	71	1
54	70	1
54	69	1
54	68	1
54	67	1
54	66	1
54	65	1
54	64	1
54	63	1
54	62	1
54	61	1
54	60	1
54	59	1
54	58	1
54	57	1
54	56	1
54	55	1
54	54	1
54	53	1
54	52	1
54	51	1
54	50	1
54	49	1
54	48	1
54	47	1
54	46	1
54	45	1
54	44	1
54	43	1
54	42	1
54	41	1
54	40	1
54	39	1
54	38	2
54	37	1
54	36	1
54	35	1
54	34	1
54	33	1
54	32	1
54	31	1
54	30	1
54	29	1
54	28	1
54	27	1
54	26	1
54	25	1
54	24	1
54	23	1
54	22	1
54	21	1
54	20	1
54	19	1
54	18	1
54	17	1
54	16	1
54	15	1
54	14	1
54	13	1
54	12	1
54	11	1
54	10	1
54	9	1
54	8	1
54	7	1
54	6	1
54	5	1
54	4	1
54	3	1
54	2	1
54	1	1
55	216	1
55	215	1
55	214	1
55	213	1
55	212	1
55	211	1
55	210	1
55	209	1
55	208	1
55	207	1
55	206	1
55	205	1
55	204	1
55	203	1
55	202	1
55	201	1
55	200	1
55	199	1
55	198	1
55	197	1
55	196	1
55	195	1
55	194	1
55	193	1
55	192	1
55	191	1
55	190	1
55	189	1
55	188	1
55	187	1
55	186	1
55	185	1
55	184	1
55	183	1
55	182	1
55	181	1
55	180	1
55	179	1
55	178	1
55	177	1
55	176	1
55	175	1
55	174	1
55	173	1
55	172	1
55	171	1
55	170	1
55	169	1
55	168	1
55	167	1
55	166	1
55	165	1
55	164	1
55	163	1
55	162	1
55	161	1
55	160	1
55	159	1
55	158	1
55	157	1
55	156	1
55	155	1
55	154	1
55	153	1
55	152	1
55	151	1
55	150	1
55	149	1
55	148	1
55	147	1
55	146	1
55	145	1
55	144	1
55	143	1
55	142	1
55	141	2
55	140	1
55	139	1
55	138	1
55	137	1
55	136	1
55	135	1
55	134	1
55	133	1
55	132	1
55	131	1
55	130	1
55	129	1
55	128	1
55	127	1
55	126	1
55	125	1
55	124	1
55	123	1
55	122	1
55	121	1
55	120	1
55	119	1
55	118	1
55	117	1
55	116	1
55	115	1
55	114	1
55	113	1
55	112	1
55	111	1
55	110	1
55	109	1
55	108	1
55	107	1
55	106	1
55	105	1
55	104	1
55	103	1
55	102	1
55	101	1
55	100	1
55	99	1
55	98	1
55	97	1
55	96	1
55	95	1
55	94	1
55	93	1
55	92	1
55	91	1
55	90	1
55	89	1
55	88	1
55	87	1
55	86	1
55	85	1
55	84	1
55	83	1
55	82	1
55	81	1
55	80	1
55	79	1
55	78	1
55	77	1
55	76	1
55	75	1
55	74	1
55	73	1
55	72	1
55	71	1
55	70	1
55	69	1
55	68	1
55	67	1
55	66	1
55	65	1
55	64	1
55	63	1
55	62	1
55	61	1
55	60	1
55	59	1
55	58	1
55	57	1
55	56	1
55	55	1
55	54	1
55	53	1
55	52	1
55	51	1
55	50	1
55	49	1
55	48	1
55	47	2
55	46	1
55	45	1
55	44	1
55	43	1
55	42	1
55	41	1
55	40	1
55	39	1
55	38	2
55	37	1
55	36	1
55	35	1
55	34	1
55	33	1
55	32	1
55	31	1
55	30	1
55	29	1
55	28	1
55	27	1
55	26	1
55	25	1
55	24	1
55	23	1
55	22	1
55	21	1
55	20	1
55	19	1
55	18	1
55	17	1
55	16	1
55	15	1
55	14	1
55	13	1
55	12	1
55	11	1
55	10	1
55	9	1
55	8	1
55	7	1
55	6	1
55	5	1
55	4	1
55	3	1
55	2	1
55	1	1
56	216	1
56	215	1
56	214	1
56	213	1
56	212	1
56	211	1
56	210	1
56	209	1
56	208	1
56	207	1
56	206	1
56	205	1
56	204	1
56	203	1
56	202	1
56	201	1
56	200	1
56	199	1
56	198	1
56	197	1
56	196	1
56	195	1
56	194	1
56	193	1
56	192	1
56	191	1
56	190	1
56	189	1
56	188	1
56	187	1
56	186	1
56	185	1
56	184	1
56	183	1
56	182	1
56	181	1
56	180	1
56	179	1
56	178	1
56	177	1
56	176	1
56	175	1
56	174	1
56	173	1
56	172	1
56	171	1
56	170	1
56	169	1
56	168	1
56	167	1
56	166	1
56	165	1
56	164	1
56	163	1
56	162	1
56	161	1
56	160	1
56	159	1
56	158	1
56	157	1
56	156	1
56	155	1
56	154	1
56	153	1
56	152	1
56	151	1
56	150	1
56	149	1
56	148	1
56	147	1
56	146	1
56	145	1
56	144	1
56	143	1
56	142	2
56	141	1
56	140	1
56	139	1
56	138	1
56	137	1
56	136	1
56	135	1
56	134	1
56	133	1
56	132	1
56	131	1
56	130	1
56	129	1
56	128	1
56	127	1
56	126	1
56	125	1
56	124	1
56	123	1
56	122	1
56	121	1
56	120	1
56	119	1
56	118	1
56	117	1
56	116	1
56	115	1
56	114	1
56	113	1
56	112	1
56	111	1
56	110	1
56	109	1
56	108	1
56	107	1
56	106	1
56	105	1
56	104	1
56	103	1
56	102	1
56	101	1
56	100	1
56	99	1
56	98	1
56	97	1
56	96	1
56	95	1
56	94	1
56	93	1
56	92	1
56	91	1
56	90	1
56	89	1
56	88	1
56	87	1
56	86	1
56	85	1
56	84	1
56	83	1
56	82	1
56	81	1
56	80	1
56	79	1
56	78	1
56	77	1
56	76	1
56	75	1
56	74	1
56	73	1
56	72	1
56	71	1
56	70	1
56	69	1
56	68	1
56	67	1
56	66	1
56	65	1
56	64	1
56	63	1
56	62	1
56	61	1
56	60	1
56	59	1
56	58	1
56	57	1
56	56	1
56	55	1
56	54	1
56	53	1
56	52	1
56	51	1
56	50	1
56	49	1
56	48	1
56	47	1
56	46	1
56	45	1
56	44	1
56	43	1
56	42	1
56	41	1
56	40	1
56	39	2
56	38	1
56	37	1
56	36	1
56	35	1
56	34	1
56	33	1
56	32	1
56	31	1
56	30	1
56	29	1
56	28	1
56	27	1
56	26	1
56	25	1
56	24	1
56	23	1
56	22	1
56	21	1
56	20	1
56	19	1
56	18	1
56	17	1
56	16	1
56	15	1
56	14	1
56	13	1
56	12	1
56	11	1
56	10	1
56	9	1
56	8	1
56	7	1
56	6	1
56	5	1
56	4	1
56	3	1
56	2	1
56	1	1
57	216	1
57	215	1
57	214	1
57	213	1
57	212	1
57	211	1
57	210	1
57	209	1
57	208	1
57	207	1
57	206	1
57	205	1
57	204	1
57	203	1
57	202	1
57	201	1
57	200	1
57	199	1
57	198	1
57	197	1
57	196	1
57	195	1
57	194	1
57	193	1
57	192	1
57	191	1
57	190	1
57	189	1
57	188	1
57	187	1
57	186	1
57	185	1
57	184	1
57	183	1
57	182	1
57	181	1
57	180	1
57	179	1
57	178	1
57	177	1
57	176	1
57	175	1
57	174	1
57	173	1
57	172	1
57	171	1
57	170	1
57	169	1
57	168	1
57	167	1
57	166	1
57	165	1
57	164	1
57	163	1
57	162	1
57	161	1
57	160	1
57	159	1
57	158	1
57	157	1
57	156	1
57	155	1
57	154	1
57	153	1
57	152	1
57	151	1
57	150	1
57	149	1
57	148	1
57	147	1
57	146	1
57	145	1
57	144	1
57	143	1
57	142	1
57	141	1
57	140	1
57	139	1
57	138	1
57	137	1
57	136	1
57	135	1
57	134	1
57	133	1
57	132	1
57	131	1
57	130	1
57	129	1
57	128	1
57	127	1
57	126	1
57	125	1
57	124	1
57	123	1
57	122	1
57	121	1
57	120	1
57	119	1
57	118	1
57	117	1
57	116	1
57	115	1
57	114	1
57	113	1
57	112	1
57	111	1
57	110	1
57	109	1
57	108	1
57	107	1
57	106	1
57	105	1
57	104	1
57	103	1
57	102	1
57	101	1
57	100	1
57	99	1
57	98	1
57	97	1
57	96	1
57	95	1
57	94	1
57	93	1
57	92	1
57	91	1
57	90	1
57	89	1
57	88	1
57	87	1
57	86	1
57	85	1
57	84	1
57	83	1
57	82	1
57	81	1
57	80	1
57	79	1
57	78	1
57	77	1
57	76	1
57	75	1
57	74	1
57	73	1
57	72	1
57	71	1
57	70	1
57	69	1
57	68	1
57	67	1
57	66	1
57	65	1
57	64	1
57	63	1
57	62	1
57	61	1
57	60	1
57	59	1
57	58	1
57	57	1
57	56	1
57	55	1
57	54	1
57	53	1
57	52	1
57	51	1
57	50	2
57	49	2
57	48	1
57	47	1
57	46	1
57	45	1
57	44	1
57	43	1
57	42	1
57	41	2
57	40	2
57	39	1
57	38	1
57	37	1
57	36	1
57	35	1
57	34	1
57	33	1
57	32	1
57	31	1
57	30	1
57	29	2
57	28	1
57	27	1
57	26	1
57	25	1
57	24	1
57	23	1
57	22	1
57	21	1
57	20	1
57	19	1
57	18	1
57	17	1
57	16	1
57	15	1
57	14	1
57	13	1
57	12	1
57	11	1
57	10	1
57	9	1
57	8	1
57	7	1
57	6	1
57	5	1
57	4	1
57	3	1
57	2	1
57	1	1
58	216	1
58	215	1
58	214	1
58	213	1
58	212	1
58	211	1
58	210	1
58	209	1
58	208	1
58	207	1
58	206	1
58	205	1
58	204	1
58	203	1
58	202	1
58	201	1
58	200	1
58	199	1
58	198	1
58	197	1
58	196	1
58	195	1
58	194	1
58	193	1
58	192	1
58	191	1
58	190	1
58	189	1
58	188	1
58	187	1
58	186	1
58	185	1
58	184	1
58	183	1
58	182	1
58	181	1
58	180	1
58	179	1
58	178	1
58	177	1
58	176	1
58	175	1
58	174	1
58	173	1
58	172	1
58	171	1
58	170	1
58	169	1
58	168	1
58	167	1
58	166	1
58	165	1
58	164	1
58	163	1
58	162	1
58	161	1
58	160	1
58	159	1
58	158	1
58	157	1
58	156	1
58	155	1
58	154	1
58	153	1
58	152	1
58	151	1
58	150	1
58	149	1
58	148	1
58	147	1
58	146	1
58	145	1
58	144	1
58	143	1
58	142	1
58	141	1
58	140	1
58	139	1
58	138	1
58	137	1
58	136	1
58	135	1
58	134	1
58	133	1
58	132	1
58	131	1
58	130	1
58	129	1
58	128	2
58	127	1
58	126	1
58	125	1
58	124	1
58	123	1
58	122	1
58	121	1
58	120	1
58	119	1
58	118	1
58	117	1
58	116	1
58	115	1
58	114	1
58	113	1
58	112	1
58	111	1
58	110	1
58	109	1
58	108	1
58	107	1
58	106	1
58	105	1
58	104	1
58	103	1
58	102	1
58	101	1
58	100	1
58	99	1
58	98	1
58	97	1
58	96	1
58	95	1
58	94	1
58	93	1
58	92	1
58	91	1
58	90	1
58	89	1
58	88	1
58	87	1
58	86	1
58	85	1
58	84	1
58	83	1
58	82	1
58	81	1
58	80	1
58	79	1
58	78	1
58	77	1
58	76	1
58	75	1
58	74	1
58	73	1
58	72	1
58	71	1
58	70	1
58	69	1
58	68	1
58	67	1
58	66	1
58	65	1
58	64	1
58	63	1
58	62	1
58	61	1
58	60	1
58	59	1
58	58	1
58	57	1
58	56	1
58	55	1
58	54	1
58	53	1
58	52	2
58	51	2
58	50	2
58	49	2
58	48	1
58	47	1
58	46	2
58	45	2
58	44	2
58	43	2
58	42	2
58	41	2
58	40	2
58	39	1
58	38	1
58	37	1
58	36	1
58	35	1
58	34	1
58	33	1
58	32	1
58	31	1
58	30	2
58	29	2
58	28	2
58	27	1
58	26	1
58	25	1
58	24	1
58	23	1
58	22	1
58	21	1
58	20	1
58	19	1
58	18	1
58	17	1
58	16	1
58	15	1
58	14	1
58	13	1
58	12	1
58	11	1
58	10	1
58	9	1
58	8	1
58	7	1
58	6	1
58	5	1
58	4	1
58	3	1
58	2	1
58	1	1
59	216	1
59	215	1
59	214	1
59	213	1
59	212	1
59	211	1
59	210	1
59	209	1
59	208	1
59	207	1
59	206	1
59	205	1
59	204	1
59	203	1
59	202	1
59	201	1
59	200	1
59	199	1
59	198	1
59	197	1
59	196	1
59	195	1
59	194	1
59	193	1
59	192	1
59	191	1
59	190	1
59	189	1
59	188	1
59	187	1
59	186	1
59	185	1
59	184	1
59	183	1
59	182	1
59	181	1
59	180	1
59	179	1
59	178	1
59	177	1
59	176	1
59	175	1
59	174	1
59	173	1
59	172	1
59	171	1
59	170	1
59	169	1
59	168	1
59	167	1
59	166	1
59	165	1
59	164	1
59	163	1
59	162	1
59	161	1
59	160	1
59	159	1
59	158	1
59	157	1
59	156	1
59	155	1
59	154	1
59	153	1
59	152	1
59	151	1
59	150	1
59	149	1
59	148	1
59	147	1
59	146	1
59	145	1
59	144	1
59	143	1
59	142	1
59	141	1
59	140	1
59	139	1
59	138	1
59	137	1
59	136	1
59	135	1
59	134	1
59	133	1
59	132	1
59	131	1
59	130	1
59	129	1
59	128	1
59	127	1
59	126	1
59	125	1
59	124	1
59	123	1
59	122	1
59	121	1
59	120	1
59	119	1
59	118	1
59	117	1
59	116	1
59	115	1
59	114	1
59	113	1
59	112	1
59	111	1
59	110	1
59	109	1
59	108	1
59	107	1
59	106	1
59	105	1
59	104	1
59	103	1
59	102	1
59	101	1
59	100	1
59	99	1
59	98	1
59	97	1
59	96	1
59	95	1
59	94	1
59	93	1
59	92	1
59	91	1
59	90	1
59	89	1
59	88	1
59	87	1
59	86	1
59	85	1
59	84	1
59	83	1
59	82	1
59	81	1
59	80	1
59	79	1
59	78	1
59	77	1
59	76	1
59	75	1
59	74	1
59	73	1
59	72	1
59	71	1
59	70	1
59	69	1
59	68	1
59	67	1
59	66	1
59	65	1
59	64	1
59	63	1
59	62	1
59	61	1
59	60	1
59	59	1
59	58	1
59	57	1
59	56	1
59	55	1
59	54	1
59	53	1
59	52	2
59	51	2
59	50	2
59	49	2
59	48	1
59	47	1
59	46	2
59	45	1
59	44	2
59	43	2
59	42	2
59	41	2
59	40	2
59	39	1
59	38	1
59	37	1
59	36	1
59	35	1
59	34	1
59	33	1
59	32	1
59	31	2
59	30	2
59	29	2
59	28	2
59	27	1
59	26	1
59	25	1
59	24	1
59	23	1
59	22	1
59	21	1
59	20	1
59	19	1
59	18	1
59	17	1
59	16	1
59	15	1
59	14	1
59	13	1
59	12	1
59	11	1
59	10	1
59	9	1
59	8	1
59	7	1
59	6	1
59	5	1
59	4	1
59	3	1
59	2	1
59	1	1
60	216	1
60	215	1
60	214	1
60	213	1
60	212	1
60	211	1
60	210	1
60	209	1
60	208	1
60	207	1
60	206	1
60	205	1
60	204	1
60	203	1
60	202	1
60	201	1
60	200	1
60	199	1
60	198	1
60	197	1
60	196	1
60	195	1
60	194	1
60	193	1
60	192	1
60	191	1
60	190	1
60	189	1
60	188	1
60	187	1
60	186	1
60	185	1
60	184	1
60	183	1
60	182	1
60	181	1
60	180	1
60	179	1
60	178	1
60	177	1
60	176	1
60	175	1
60	174	1
60	173	1
60	172	1
60	171	1
60	170	1
60	169	1
60	168	1
60	167	1
60	166	1
60	165	1
60	164	1
60	163	1
60	162	1
60	161	1
60	160	1
60	159	1
60	158	1
60	157	1
60	156	1
60	155	1
60	154	1
60	153	1
60	152	1
60	151	1
60	150	1
60	149	1
60	148	1
60	147	1
60	146	1
60	145	1
60	144	1
60	143	1
60	142	1
60	141	1
60	140	1
60	139	1
60	138	1
60	137	1
60	136	1
60	135	1
60	134	1
60	133	1
60	132	1
60	131	1
60	130	1
60	129	1
60	128	1
60	127	1
60	126	1
60	125	1
60	124	1
60	123	1
60	122	1
60	121	1
60	120	1
60	119	1
60	118	1
60	117	1
60	116	1
60	115	1
60	114	1
60	113	1
60	112	1
60	111	1
60	110	1
60	109	1
60	108	1
60	107	1
60	106	1
60	105	1
60	104	1
60	103	1
60	102	1
60	101	1
60	100	1
60	99	1
60	98	1
60	97	1
60	96	1
60	95	1
60	94	1
60	93	1
60	92	1
60	91	1
60	90	1
60	89	1
60	88	1
60	87	1
60	86	1
60	85	1
60	84	1
60	83	1
60	82	1
60	81	1
60	80	1
60	79	1
60	78	1
60	77	1
60	76	1
60	75	1
60	74	1
60	73	1
60	72	1
60	71	1
60	70	1
60	69	1
60	68	1
60	67	1
60	66	1
60	65	1
60	64	1
60	63	1
60	62	1
60	61	1
60	60	1
60	59	1
60	58	1
60	57	1
60	56	1
60	55	1
60	54	2
60	53	2
60	52	2
60	51	2
60	50	2
60	49	2
60	48	2
60	47	2
60	46	2
60	45	2
60	44	1
60	43	1
60	42	1
60	41	1
60	40	1
60	39	2
60	38	1
60	37	1
60	36	1
60	35	1
60	34	1
60	33	2
60	32	2
60	31	1
60	30	1
60	29	2
60	28	1
60	27	1
60	26	1
60	25	1
60	24	1
60	23	1
60	22	1
60	21	1
60	20	1
60	19	1
60	18	1
60	17	1
60	16	1
60	15	1
60	14	1
60	13	1
60	12	1
60	11	1
60	10	1
60	9	1
60	8	1
60	7	1
60	6	1
60	5	1
60	4	1
60	3	1
60	2	1
60	1	1
61	216	1
61	215	1
61	214	1
61	213	1
61	212	1
61	211	1
61	210	1
61	209	1
61	208	1
61	207	1
61	206	1
61	205	1
61	204	1
61	203	1
61	202	1
61	201	1
61	200	1
61	199	1
61	198	1
61	197	1
61	196	1
61	195	1
61	194	1
61	193	1
61	192	1
61	191	1
61	190	1
61	189	1
61	188	1
61	187	1
61	186	1
61	185	1
61	184	1
61	183	1
61	182	1
61	181	1
61	180	1
61	179	1
61	178	1
61	177	1
61	176	1
61	175	1
61	174	1
61	173	1
61	172	1
61	171	1
61	170	1
61	169	1
61	168	1
61	167	1
61	166	1
61	165	1
61	164	1
61	163	1
61	162	1
61	161	1
61	160	1
61	159	1
61	158	1
61	157	1
61	156	1
61	155	1
61	154	1
61	153	1
61	152	1
61	151	1
61	150	1
61	149	1
61	148	1
61	147	1
61	146	1
61	145	1
61	144	1
61	143	1
61	142	1
61	141	1
61	140	1
61	139	1
61	138	1
61	137	1
61	136	1
61	135	1
61	134	1
61	133	1
61	132	1
61	131	1
61	130	1
61	129	1
61	128	1
61	127	1
61	126	1
61	125	1
61	124	1
61	123	1
61	122	1
61	121	1
61	120	1
61	119	1
61	118	1
61	117	1
61	116	1
61	115	1
61	114	1
61	113	1
61	112	1
61	111	1
61	110	1
61	109	1
61	108	1
61	107	1
61	106	1
61	105	1
61	104	1
61	103	1
61	102	1
61	101	1
61	100	1
61	99	1
61	98	1
61	97	1
61	96	1
61	95	1
61	94	1
61	93	1
61	92	1
61	91	1
61	90	1
61	89	1
61	88	1
61	87	1
61	86	1
61	85	1
61	84	1
61	83	1
61	82	1
61	81	1
61	80	1
61	79	1
61	78	1
61	77	1
61	76	1
61	75	1
61	74	1
61	73	1
61	72	1
61	71	1
61	70	1
61	69	1
61	68	1
61	67	1
61	66	1
61	65	1
61	64	1
61	63	1
61	62	1
61	61	1
61	60	1
61	59	1
61	58	1
61	57	1
61	56	1
61	55	1
61	54	2
61	53	2
61	52	2
61	51	2
61	50	2
61	49	2
61	48	2
61	47	2
61	46	2
61	45	2
61	44	1
61	43	1
61	42	1
61	41	1
61	40	1
61	39	1
61	38	2
61	37	1
61	36	1
61	35	2
61	34	1
61	33	1
61	32	1
61	31	1
61	30	1
61	29	1
61	28	1
61	27	1
61	26	1
61	25	1
61	24	1
61	23	1
61	22	1
61	21	1
61	20	1
61	19	1
61	18	1
61	17	1
61	16	1
61	15	1
61	14	1
61	13	1
61	12	1
61	11	1
61	10	1
61	9	1
61	8	1
61	7	1
61	6	1
61	5	1
61	4	1
61	3	1
61	2	1
61	1	1
62	216	1
62	215	1
62	214	1
62	213	1
62	212	1
62	211	1
62	210	1
62	209	1
62	208	1
62	207	1
62	206	1
62	205	1
62	204	1
62	203	1
62	202	1
62	201	1
62	200	1
62	199	1
62	198	1
62	197	1
62	196	1
62	195	1
62	194	1
62	193	1
62	192	1
62	191	1
62	190	1
62	189	1
62	188	1
62	187	1
62	186	1
62	185	1
62	184	1
62	183	1
62	182	1
62	181	1
62	180	1
62	179	1
62	178	1
62	177	1
62	176	1
62	175	1
62	174	1
62	173	1
62	172	1
62	171	1
62	170	1
62	169	1
62	168	1
62	167	1
62	166	1
62	165	1
62	164	1
62	163	1
62	162	1
62	161	1
62	160	1
62	159	1
62	158	1
62	157	1
62	156	1
62	155	1
62	154	1
62	153	1
62	152	1
62	151	1
62	150	1
62	149	1
62	148	1
62	147	1
62	146	1
62	145	1
62	144	1
62	143	1
62	142	1
62	141	1
62	140	1
62	139	1
62	138	1
62	137	1
62	136	1
62	135	1
62	134	1
62	133	1
62	132	1
62	131	1
62	130	1
62	129	1
62	128	1
62	127	1
62	126	1
62	125	1
62	124	1
62	123	1
62	122	1
62	121	1
62	120	1
62	119	1
62	118	1
62	117	1
62	116	1
62	115	1
62	114	1
62	113	1
62	112	1
62	111	1
62	110	1
62	109	1
62	108	1
62	107	1
62	106	1
62	105	1
62	104	1
62	103	1
62	102	1
62	101	1
62	100	1
62	99	1
62	98	1
62	97	1
62	96	1
62	95	1
62	94	1
62	93	1
62	92	1
62	91	1
62	90	1
62	89	1
62	88	1
62	87	1
62	86	1
62	85	1
62	84	1
62	83	1
62	82	1
62	81	1
62	80	1
62	79	1
62	78	1
62	77	1
62	76	1
62	75	1
62	74	1
62	73	1
62	72	1
62	71	1
62	70	1
62	69	1
62	68	1
62	67	1
62	66	1
62	65	1
62	64	1
62	63	1
62	62	1
62	61	1
62	60	1
62	59	1
62	58	1
62	57	1
62	56	1
62	55	1
62	54	2
62	53	2
62	52	2
62	51	2
62	50	2
62	49	2
62	48	2
62	47	2
62	46	2
62	45	2
62	44	1
62	43	1
62	42	1
62	41	1
62	40	1
62	39	1
62	38	1
62	37	2
62	36	2
62	35	1
62	34	1
62	33	1
62	32	1
62	31	1
62	30	1
62	29	1
62	28	1
62	27	1
62	26	1
62	25	1
62	24	1
62	23	1
62	22	1
62	21	1
62	20	1
62	19	1
62	18	1
62	17	1
62	16	1
62	15	1
62	14	1
62	13	1
62	12	1
62	11	1
62	10	1
62	9	1
62	8	1
62	7	1
62	6	1
62	5	1
62	4	1
62	3	1
62	2	1
62	1	1
63	216	1
63	215	1
63	214	1
63	213	1
63	212	1
63	211	1
63	210	1
63	209	1
63	208	1
63	207	1
63	206	1
63	205	1
63	204	1
63	203	1
63	202	1
63	201	1
63	200	1
63	199	1
63	198	1
63	197	1
63	196	1
63	195	1
63	194	1
63	193	1
63	192	1
63	191	1
63	190	1
63	189	1
63	188	1
63	187	1
63	186	1
63	185	1
63	184	1
63	183	1
63	182	1
63	181	1
63	180	1
63	179	1
63	178	1
63	177	1
63	176	1
63	175	1
63	174	1
63	173	1
63	172	1
63	171	1
63	170	1
63	169	1
63	168	1
63	167	1
63	166	1
63	165	1
63	164	1
63	163	1
63	162	1
63	161	1
63	160	1
63	159	1
63	158	1
63	157	1
63	156	1
63	155	1
63	154	1
63	153	1
63	152	1
63	151	1
63	150	1
63	149	1
63	148	1
63	147	1
63	146	1
63	145	1
63	144	1
63	143	1
63	142	1
63	141	1
63	140	1
63	139	1
63	138	1
63	137	1
63	136	1
63	135	1
63	134	1
63	133	1
63	132	1
63	131	1
63	130	1
63	129	1
63	128	1
63	127	1
63	126	1
63	125	1
63	124	1
63	123	1
63	122	1
63	121	1
63	120	1
63	119	1
63	118	1
63	117	1
63	116	1
63	115	1
63	114	1
63	113	1
63	112	1
63	111	1
63	110	1
63	109	1
63	108	1
63	107	1
63	106	1
63	105	1
63	104	1
63	103	1
63	102	1
63	101	1
63	100	1
63	99	1
63	98	1
63	97	1
63	96	1
63	95	1
63	94	1
63	93	1
63	92	1
63	91	1
63	90	1
63	89	1
63	88	1
63	87	1
63	86	1
63	85	1
63	84	1
63	83	1
63	82	1
63	81	1
63	80	1
63	79	1
63	78	1
63	77	1
63	76	1
63	75	1
63	74	1
63	73	1
63	72	1
63	71	1
63	70	1
63	69	1
63	68	1
63	67	1
63	66	1
63	65	1
63	64	1
63	63	1
63	62	1
63	61	1
63	60	1
63	59	1
63	58	1
63	57	1
63	56	1
63	55	2
63	54	2
63	53	2
63	52	2
63	51	2
63	50	2
63	49	2
63	48	2
63	47	2
63	46	2
63	45	2
63	44	1
63	43	1
63	42	1
63	41	1
63	40	1
63	39	1
63	38	1
63	37	2
63	36	1
63	35	2
63	34	1
63	33	1
63	32	1
63	31	1
63	30	1
63	29	1
63	28	1
63	27	1
63	26	1
63	25	1
63	24	1
63	23	1
63	22	1
63	21	1
63	20	1
63	19	1
63	18	1
63	17	1
63	16	1
63	15	1
63	14	1
63	13	1
63	12	1
63	11	1
63	10	1
63	9	1
63	8	1
63	7	1
63	6	1
63	5	1
63	4	1
63	3	1
63	2	1
63	1	1
64	216	1
64	215	1
64	214	1
64	213	1
64	212	1
64	211	1
64	210	1
64	209	1
64	208	1
64	207	1
64	206	1
64	205	1
64	204	1
64	203	1
64	202	1
64	201	1
64	200	1
64	199	1
64	198	1
64	197	1
64	196	1
64	195	1
64	194	1
64	193	1
64	192	1
64	191	1
64	190	1
64	189	1
64	188	1
64	187	1
64	186	1
64	185	1
64	184	1
64	183	1
64	182	1
64	181	1
64	180	1
64	179	1
64	178	1
64	177	1
64	176	1
64	175	1
64	174	1
64	173	1
64	172	1
64	171	1
64	170	1
64	169	1
64	168	1
64	167	1
64	166	1
64	165	1
64	164	1
64	163	1
64	162	1
64	161	1
64	160	1
64	159	1
64	158	1
64	157	1
64	156	1
64	155	1
64	154	1
64	153	1
64	152	1
64	151	1
64	150	1
64	149	1
64	148	1
64	147	1
64	146	1
64	145	1
64	144	1
64	143	1
64	142	1
64	141	1
64	140	1
64	139	1
64	138	1
64	137	1
64	136	1
64	135	1
64	134	1
64	133	1
64	132	1
64	131	1
64	130	1
64	129	1
64	128	1
64	127	1
64	126	1
64	125	1
64	124	1
64	123	1
64	122	1
64	121	1
64	120	1
64	119	1
64	118	1
64	117	1
64	116	1
64	115	1
64	114	1
64	113	1
64	112	1
64	111	1
64	110	1
64	109	1
64	108	1
64	107	1
64	106	1
64	105	1
64	104	1
64	103	1
64	102	1
64	101	1
64	100	1
64	99	1
64	98	1
64	97	1
64	96	1
64	95	1
64	94	1
64	93	1
64	92	1
64	91	1
64	90	1
64	89	1
64	88	1
64	87	1
64	86	1
64	85	1
64	84	1
64	83	1
64	82	1
64	81	1
64	80	1
64	79	1
64	78	1
64	77	1
64	76	1
64	75	1
64	74	1
64	73	1
64	72	1
64	71	1
64	70	1
64	69	1
64	68	1
64	67	1
64	66	1
64	65	1
64	64	1
64	63	1
64	62	1
64	61	1
64	60	1
64	59	1
64	58	1
64	57	2
64	56	2
64	55	2
64	54	2
64	53	2
64	52	2
64	51	2
64	50	2
64	49	2
64	48	2
64	47	2
64	46	2
64	45	2
64	44	1
64	43	1
64	42	1
64	41	1
64	40	1
64	39	1
64	38	2
64	37	2
64	36	1
64	35	2
64	34	1
64	33	1
64	32	1
64	31	1
64	30	1
64	29	1
64	28	1
64	27	1
64	26	1
64	25	1
64	24	1
64	23	1
64	22	1
64	21	1
64	20	1
64	19	1
64	18	1
64	17	1
64	16	1
64	15	1
64	14	1
64	13	1
64	12	1
64	11	1
64	10	1
64	9	1
64	8	1
64	7	1
64	6	1
64	5	1
64	4	1
64	3	1
64	2	1
64	1	1
65	216	1
65	215	1
65	214	1
65	213	1
65	212	1
65	211	1
65	210	1
65	209	1
65	208	1
65	207	1
65	206	1
65	205	1
65	204	1
65	203	1
65	202	1
65	201	1
65	200	1
65	199	1
65	198	1
65	197	1
65	196	1
65	195	1
65	194	1
65	193	1
65	192	1
65	191	1
65	190	1
65	189	1
65	188	1
65	187	1
65	186	1
65	185	1
65	184	1
65	183	1
65	182	1
65	181	1
65	180	1
65	179	1
65	178	1
65	177	1
65	176	1
65	175	1
65	174	1
65	173	1
65	172	1
65	171	1
65	170	1
65	169	1
65	168	1
65	167	1
65	166	1
65	165	1
65	164	1
65	163	1
65	162	1
65	161	1
65	160	1
65	159	1
65	158	1
65	157	1
65	156	1
65	155	1
65	154	1
65	153	1
65	152	1
65	151	1
65	150	1
65	149	1
65	148	1
65	147	1
65	146	1
65	145	1
65	144	1
65	143	1
65	142	1
65	141	1
65	140	1
65	139	1
65	138	1
65	137	1
65	136	1
65	135	1
65	134	1
65	133	1
65	132	1
65	131	1
65	130	1
65	129	1
65	128	1
65	127	1
65	126	1
65	125	1
65	124	1
65	123	1
65	122	1
65	121	1
65	120	1
65	119	1
65	118	1
65	117	1
65	116	1
65	115	1
65	114	1
65	113	1
65	112	1
65	111	1
65	110	1
65	109	1
65	108	1
65	107	1
65	106	1
65	105	1
65	104	1
65	103	1
65	102	1
65	101	1
65	100	1
65	99	1
65	98	1
65	97	1
65	96	1
65	95	1
65	94	1
65	93	1
65	92	1
65	91	1
65	90	1
65	89	1
65	88	1
65	87	1
65	86	1
65	85	1
65	84	1
65	83	1
65	82	1
65	81	1
65	80	1
65	79	1
65	78	1
65	77	1
65	76	1
65	75	1
65	74	1
65	73	1
65	72	1
65	71	1
65	70	1
65	69	1
65	68	1
65	67	1
65	66	1
65	65	1
65	64	1
65	63	1
65	62	1
65	61	1
65	60	1
65	59	1
65	58	2
65	57	2
65	56	2
65	55	2
65	54	2
65	53	2
65	52	2
65	51	2
65	50	2
65	49	2
65	48	2
65	47	2
65	46	2
65	45	1
65	44	1
65	43	1
65	42	1
65	41	1
65	40	1
65	39	1
65	38	2
65	37	2
65	36	2
65	35	1
65	34	2
65	33	1
65	32	1
65	31	1
65	30	1
65	29	1
65	28	1
65	27	1
65	26	1
65	25	1
65	24	1
65	23	1
65	22	1
65	21	1
65	20	1
65	19	1
65	18	1
65	17	1
65	16	1
65	15	1
65	14	1
65	13	1
65	12	1
65	11	1
65	10	1
65	9	1
65	8	1
65	7	1
65	6	1
65	5	1
65	4	1
65	3	1
65	2	1
65	1	1
66	216	1
66	215	1
66	214	1
66	213	1
66	212	1
66	211	1
66	210	1
66	209	1
66	208	1
66	207	1
66	206	1
66	205	1
66	204	1
66	203	1
66	202	1
66	201	1
66	200	1
66	199	1
66	198	1
66	197	1
66	196	1
66	195	1
66	194	1
66	193	1
66	192	1
66	191	1
66	190	1
66	189	1
66	188	1
66	187	1
66	186	1
66	185	1
66	184	1
66	183	1
66	182	1
66	181	1
66	180	1
66	179	1
66	178	1
66	177	1
66	176	1
66	175	1
66	174	1
66	173	1
66	172	1
66	171	1
66	170	1
66	169	1
66	168	1
66	167	1
66	166	1
66	165	1
66	164	1
66	163	1
66	162	1
66	161	1
66	160	1
66	159	1
66	158	1
66	157	1
66	156	1
66	155	1
66	154	1
66	153	1
66	152	1
66	151	1
66	150	1
66	149	1
66	148	1
66	147	1
66	146	1
66	145	1
66	144	1
66	143	1
66	142	1
66	141	1
66	140	1
66	139	1
66	138	1
66	137	1
66	136	1
66	135	1
66	134	1
66	133	1
66	132	1
66	131	1
66	130	1
66	129	1
66	128	1
66	127	1
66	126	1
66	125	1
66	124	1
66	123	1
66	122	1
66	121	1
66	120	1
66	119	1
66	118	1
66	117	1
66	116	1
66	115	1
66	114	1
66	113	1
66	112	1
66	111	1
66	110	1
66	109	1
66	108	1
66	107	1
66	106	1
66	105	1
66	104	1
66	103	1
66	102	1
66	101	1
66	100	1
66	99	1
66	98	1
66	97	1
66	96	1
66	95	1
66	94	1
66	93	1
66	92	1
66	91	1
66	90	1
66	89	1
66	88	1
66	87	1
66	86	1
66	85	1
66	84	1
66	83	1
66	82	1
66	81	1
66	80	1
66	79	1
66	78	1
66	77	1
66	76	1
66	75	1
66	74	1
66	73	1
66	72	1
66	71	1
66	70	1
66	69	1
66	68	1
66	67	1
66	66	1
66	65	1
66	64	1
66	63	1
66	62	1
66	61	1
66	60	1
66	59	2
66	58	2
66	57	2
66	56	2
66	55	2
66	54	2
66	53	2
66	52	2
66	51	2
66	50	2
66	49	2
66	48	2
66	47	2
66	46	1
66	45	1
66	44	1
66	43	1
66	42	1
66	41	1
66	40	1
66	39	1
66	38	2
66	37	2
66	36	1
66	35	1
66	34	1
66	33	2
66	32	1
66	31	1
66	30	1
66	29	1
66	28	1
66	27	1
66	26	1
66	25	1
66	24	1
66	23	1
66	22	1
66	21	1
66	20	1
66	19	1
66	18	1
66	17	1
66	16	1
66	15	1
66	14	1
66	13	1
66	12	1
66	11	1
66	10	1
66	9	1
66	8	1
66	7	1
66	6	1
66	5	1
66	4	1
66	3	1
66	2	1
66	1	1
67	216	1
67	215	1
67	214	1
67	213	1
67	212	1
67	211	1
67	210	1
67	209	1
67	208	1
67	207	1
67	206	1
67	205	1
67	204	1
67	203	1
67	202	1
67	201	1
67	200	1
67	199	1
67	198	1
67	197	1
67	196	1
67	195	1
67	194	1
67	193	1
67	192	1
67	191	1
67	190	1
67	189	1
67	188	1
67	187	1
67	186	1
67	185	1
67	184	1
67	183	1
67	182	1
67	181	1
67	180	1
67	179	1
67	178	1
67	177	1
67	176	1
67	175	1
67	174	1
67	173	1
67	172	1
67	171	1
67	170	1
67	169	1
67	168	1
67	167	1
67	166	1
67	165	1
67	164	1
67	163	1
67	162	1
67	161	1
67	160	1
67	159	1
67	158	1
67	157	1
67	156	1
67	155	1
67	154	1
67	153	1
67	152	1
67	151	1
67	150	1
67	149	1
67	148	1
67	147	1
67	146	1
67	145	1
67	144	1
67	143	1
67	142	1
67	141	1
67	140	1
67	139	1
67	138	1
67	137	1
67	136	1
67	135	1
67	134	1
67	133	1
67	132	1
67	131	1
67	130	1
67	129	1
67	128	1
67	127	1
67	126	1
67	125	1
67	124	1
67	123	1
67	122	1
67	121	1
67	120	1
67	119	1
67	118	1
67	117	1
67	116	1
67	115	1
67	114	1
67	113	1
67	112	1
67	111	1
67	110	1
67	109	1
67	108	1
67	107	1
67	106	1
67	105	1
67	104	1
67	103	1
67	102	1
67	101	1
67	100	1
67	99	1
67	98	1
67	97	1
67	96	1
67	95	1
67	94	1
67	93	1
67	92	1
67	91	1
67	90	1
67	89	1
67	88	1
67	87	1
67	86	1
67	85	1
67	84	1
67	83	1
67	82	1
67	81	1
67	80	1
67	79	1
67	78	1
67	77	1
67	76	1
67	75	1
67	74	1
67	73	1
67	72	1
67	71	1
67	70	1
67	69	1
67	68	1
67	67	1
67	66	1
67	65	1
67	64	1
67	63	1
67	62	1
67	61	1
67	60	2
67	59	2
67	58	2
67	57	2
67	56	2
67	55	2
67	54	2
67	53	2
67	52	2
67	51	2
67	50	2
67	49	2
67	48	2
67	47	2
67	46	1
67	45	1
67	44	1
67	43	1
67	42	1
67	41	1
67	40	1
67	39	1
67	38	1
67	37	1
67	36	1
67	35	1
67	34	1
67	33	1
67	32	2
67	31	1
67	30	1
67	29	1
67	28	1
67	27	1
67	26	1
67	25	1
67	24	1
67	23	1
67	22	1
67	21	1
67	20	1
67	19	1
67	18	1
67	17	1
67	16	1
67	15	1
67	14	1
67	13	1
67	12	1
67	11	1
67	10	1
67	9	1
67	8	1
67	7	1
67	6	1
67	5	1
67	4	1
67	3	1
67	2	1
67	1	1
68	216	1
68	215	1
68	214	1
68	213	1
68	212	1
68	211	1
68	210	1
68	209	1
68	208	1
68	207	1
68	206	1
68	205	1
68	204	1
68	203	1
68	202	1
68	201	1
68	200	1
68	199	1
68	198	1
68	197	1
68	196	1
68	195	1
68	194	1
68	193	1
68	192	1
68	191	1
68	190	1
68	189	1
68	188	1
68	187	1
68	186	1
68	185	1
68	184	1
68	183	1
68	182	1
68	181	1
68	180	1
68	179	1
68	178	1
68	177	1
68	176	1
68	175	1
68	174	1
68	173	1
68	172	1
68	171	1
68	170	1
68	169	1
68	168	1
68	167	1
68	166	1
68	165	1
68	164	1
68	163	1
68	162	1
68	161	1
68	160	1
68	159	1
68	158	1
68	157	1
68	156	1
68	155	1
68	154	1
68	153	1
68	152	1
68	151	1
68	150	1
68	149	1
68	148	1
68	147	1
68	146	1
68	145	1
68	144	1
68	143	1
68	142	1
68	141	1
68	140	1
68	139	1
68	138	1
68	137	1
68	136	1
68	135	1
68	134	1
68	133	1
68	132	1
68	131	1
68	130	1
68	129	1
68	128	1
68	127	1
68	126	1
68	125	1
68	124	1
68	123	1
68	122	1
68	121	1
68	120	1
68	119	1
68	118	2
68	117	1
68	116	1
68	115	1
68	114	1
68	113	1
68	112	1
68	111	1
68	110	1
68	109	1
68	108	1
68	107	1
68	106	1
68	105	1
68	104	1
68	103	1
68	102	1
68	101	1
68	100	1
68	99	1
68	98	1
68	97	1
68	96	1
68	95	1
68	94	1
68	93	1
68	92	1
68	91	1
68	90	1
68	89	1
68	88	1
68	87	1
68	86	1
68	85	1
68	84	1
68	83	1
68	82	1
68	81	1
68	80	1
68	79	1
68	78	1
68	77	1
68	76	1
68	75	1
68	74	1
68	73	1
68	72	1
68	71	1
68	70	1
68	69	1
68	68	1
68	67	1
68	66	1
68	65	1
68	64	1
68	63	1
68	62	1
68	61	2
68	60	2
68	59	2
68	58	2
68	57	2
68	56	2
68	55	2
68	54	2
68	53	2
68	52	2
68	51	2
68	50	2
68	49	2
68	48	2
68	47	2
68	46	2
68	45	2
68	44	1
68	43	1
68	42	1
68	41	1
68	40	1
68	39	1
68	38	1
68	37	1
68	36	1
68	35	1
68	34	1
68	33	1
68	32	2
68	31	2
68	30	1
68	29	1
68	28	1
68	27	1
68	26	1
68	25	1
68	24	1
68	23	1
68	22	1
68	21	1
68	20	1
68	19	1
68	18	1
68	17	1
68	16	1
68	15	1
68	14	1
68	13	1
68	12	1
68	11	1
68	10	1
68	9	1
68	8	1
68	7	1
68	6	1
68	5	1
68	4	1
68	3	1
68	2	1
68	1	1
69	216	1
69	215	1
69	214	1
69	213	1
69	212	1
69	211	1
69	210	1
69	209	1
69	208	1
69	207	1
69	206	1
69	205	1
69	204	1
69	203	1
69	202	1
69	201	1
69	200	1
69	199	1
69	198	1
69	197	1
69	196	1
69	195	1
69	194	1
69	193	1
69	192	1
69	191	1
69	190	1
69	189	1
69	188	1
69	187	1
69	186	1
69	185	1
69	184	1
69	183	1
69	182	1
69	181	1
69	180	1
69	179	1
69	178	1
69	177	1
69	176	1
69	175	1
69	174	1
69	173	1
69	172	1
69	171	1
69	170	1
69	169	1
69	168	1
69	167	1
69	166	1
69	165	1
69	164	1
69	163	1
69	162	1
69	161	1
69	160	1
69	159	1
69	158	1
69	157	1
69	156	1
69	155	1
69	154	1
69	153	1
69	152	1
69	151	1
69	150	1
69	149	1
69	148	1
69	147	1
69	146	1
69	145	1
69	144	1
69	143	1
69	142	1
69	141	1
69	140	1
69	139	1
69	138	1
69	137	1
69	136	1
69	135	1
69	134	1
69	133	1
69	132	1
69	131	1
69	130	1
69	129	1
69	128	1
69	127	1
69	126	1
69	125	1
69	124	1
69	123	1
69	122	1
69	121	1
69	120	1
69	119	1
69	118	1
69	117	2
69	116	1
69	115	1
69	114	1
69	113	1
69	112	1
69	111	1
69	110	1
69	109	1
69	108	1
69	107	1
69	106	1
69	105	1
69	104	1
69	103	1
69	102	1
69	101	1
69	100	1
69	99	1
69	98	1
69	97	1
69	96	1
69	95	1
69	94	1
69	93	1
69	92	1
69	91	1
69	90	1
69	89	1
69	88	1
69	87	1
69	86	1
69	85	1
69	84	1
69	83	1
69	82	1
69	81	1
69	80	1
69	79	1
69	78	1
69	77	1
69	76	1
69	75	1
69	74	1
69	73	1
69	72	1
69	71	1
69	70	1
69	69	1
69	68	1
69	67	1
69	66	1
69	65	1
69	64	1
69	63	1
69	62	1
69	61	2
69	60	2
69	59	2
69	58	2
69	57	2
69	56	2
69	55	2
69	54	2
69	53	2
69	52	2
69	51	2
69	50	2
69	49	2
69	48	2
69	47	2
69	46	2
69	45	2
69	44	2
69	43	2
69	42	2
69	41	2
69	40	2
69	39	1
69	38	2
69	37	1
69	36	1
69	35	1
69	34	1
69	33	1
69	32	1
69	31	1
69	30	1
69	29	1
69	28	1
69	27	1
69	26	1
69	25	1
69	24	1
69	23	1
69	22	1
69	21	1
69	20	1
69	19	1
69	18	1
69	17	1
69	16	1
69	15	1
69	14	1
69	13	1
69	12	1
69	11	1
69	10	1
69	9	1
69	8	1
69	7	1
69	6	1
69	5	1
69	4	1
69	3	1
69	2	1
69	1	1
70	216	1
70	215	1
70	214	1
70	213	1
70	212	1
70	211	1
70	210	1
70	209	1
70	208	1
70	207	1
70	206	1
70	205	1
70	204	1
70	203	1
70	202	1
70	201	1
70	200	1
70	199	1
70	198	1
70	197	1
70	196	1
70	195	1
70	194	1
70	193	1
70	192	1
70	191	1
70	190	1
70	189	1
70	188	1
70	187	1
70	186	1
70	185	1
70	184	1
70	183	1
70	182	1
70	181	1
70	180	1
70	179	1
70	178	1
70	177	1
70	176	1
70	175	1
70	174	1
70	173	1
70	172	1
70	171	1
70	170	1
70	169	1
70	168	1
70	167	1
70	166	1
70	165	1
70	164	1
70	163	1
70	162	1
70	161	1
70	160	1
70	159	1
70	158	1
70	157	1
70	156	1
70	155	1
70	154	1
70	153	1
70	152	1
70	151	1
70	150	1
70	149	1
70	148	1
70	147	1
70	146	1
70	145	1
70	144	1
70	143	1
70	142	1
70	141	1
70	140	1
70	139	1
70	138	1
70	137	1
70	136	1
70	135	1
70	134	1
70	133	1
70	132	1
70	131	1
70	130	1
70	129	1
70	128	1
70	127	1
70	126	1
70	125	1
70	124	1
70	123	1
70	122	1
70	121	1
70	120	1
70	119	1
70	118	1
70	117	1
70	116	1
70	115	1
70	114	1
70	113	1
70	112	1
70	111	1
70	110	1
70	109	1
70	108	1
70	107	1
70	106	1
70	105	1
70	104	1
70	103	1
70	102	1
70	101	1
70	100	1
70	99	1
70	98	1
70	97	1
70	96	1
70	95	1
70	94	1
70	93	1
70	92	1
70	91	1
70	90	1
70	89	1
70	88	1
70	87	1
70	86	1
70	85	1
70	84	1
70	83	1
70	82	1
70	81	1
70	80	1
70	79	1
70	78	1
70	77	1
70	76	1
70	75	1
70	74	1
70	73	1
70	72	1
70	71	1
70	70	1
70	69	1
70	68	1
70	67	1
70	66	1
70	65	1
70	64	1
70	63	1
70	62	2
70	61	2
70	60	2
70	59	2
70	58	2
70	57	2
70	56	2
70	55	2
70	54	2
70	53	2
70	52	2
70	51	2
70	50	2
70	49	2
70	48	2
70	47	2
70	46	2
70	45	2
70	44	2
70	43	2
70	42	2
70	41	2
70	40	1
70	39	2
70	38	2
70	37	1
70	36	1
70	35	1
70	34	1
70	33	1
70	32	1
70	31	1
70	30	1
70	29	1
70	28	1
70	27	1
70	26	1
70	25	1
70	24	1
70	23	1
70	22	1
70	21	1
70	20	1
70	19	1
70	18	1
70	17	1
70	16	1
70	15	1
70	14	1
70	13	1
70	12	1
70	11	1
70	10	1
70	9	1
70	8	1
70	7	1
70	6	1
70	5	1
70	4	1
70	3	1
70	2	1
70	1	1
71	216	1
71	215	1
71	214	1
71	213	1
71	212	1
71	211	1
71	210	1
71	209	1
71	208	1
71	207	1
71	206	1
71	205	1
71	204	1
71	203	1
71	202	1
71	201	1
71	200	1
71	199	1
71	198	1
71	197	1
71	196	1
71	195	1
71	194	1
71	193	1
71	192	1
71	191	1
71	190	1
71	189	1
71	188	1
71	187	1
71	186	1
71	185	1
71	184	1
71	183	1
71	182	1
71	181	1
71	180	1
71	179	1
71	178	1
71	177	1
71	176	1
71	175	1
71	174	1
71	173	1
71	172	1
71	171	1
71	170	1
71	169	1
71	168	1
71	167	1
71	166	1
71	165	1
71	164	1
71	163	1
71	162	1
71	161	1
71	160	1
71	159	1
71	158	1
71	157	1
71	156	1
71	155	1
71	154	1
71	153	1
71	152	1
71	151	1
71	150	1
71	149	1
71	148	1
71	147	1
71	146	1
71	145	1
71	144	1
71	143	1
71	142	1
71	141	1
71	140	1
71	139	1
71	138	1
71	137	1
71	136	1
71	135	1
71	134	1
71	133	1
71	132	1
71	131	1
71	130	1
71	129	1
71	128	1
71	127	1
71	126	1
71	125	1
71	124	1
71	123	1
71	122	1
71	121	1
71	120	1
71	119	1
71	118	1
71	117	1
71	116	1
71	115	1
71	114	1
71	113	1
71	112	1
71	111	1
71	110	1
71	109	1
71	108	1
71	107	1
71	106	1
71	105	1
71	104	1
71	103	1
71	102	1
71	101	1
71	100	1
71	99	1
71	98	1
71	97	1
71	96	1
71	95	1
71	94	1
71	93	1
71	92	1
71	91	1
71	90	1
71	89	1
71	88	1
71	87	1
71	86	1
71	85	1
71	84	1
71	83	1
71	82	1
71	81	1
71	80	1
71	79	1
71	78	1
71	77	1
71	76	1
71	75	1
71	74	1
71	73	1
71	72	1
71	71	1
71	70	1
71	69	1
71	68	1
71	67	1
71	66	1
71	65	1
71	64	1
71	63	1
71	62	2
71	61	2
71	60	2
71	59	2
71	58	2
71	57	2
71	56	2
71	55	2
71	54	2
71	53	2
71	52	2
71	51	2
71	50	2
71	49	2
71	48	1
71	47	1
71	46	1
71	45	1
71	44	1
71	43	1
71	42	2
71	41	2
71	40	2
71	39	2
71	38	2
71	37	1
71	36	1
71	35	1
71	34	1
71	33	1
71	32	1
71	31	1
71	30	1
71	29	1
71	28	1
71	27	1
71	26	1
71	25	1
71	24	1
71	23	1
71	22	1
71	21	1
71	20	1
71	19	1
71	18	1
71	17	1
71	16	1
71	15	1
71	14	1
71	13	1
71	12	1
71	11	1
71	10	1
71	9	1
71	8	1
71	7	1
71	6	1
71	5	1
71	4	1
71	3	1
71	2	1
71	1	1
72	216	1
72	215	1
72	214	1
72	213	1
72	212	1
72	211	1
72	210	1
72	209	1
72	208	1
72	207	1
72	206	1
72	205	1
72	204	1
72	203	1
72	202	1
72	201	1
72	200	1
72	199	1
72	198	1
72	197	1
72	196	1
72	195	1
72	194	1
72	193	1
72	192	1
72	191	1
72	190	1
72	189	1
72	188	1
72	187	1
72	186	1
72	185	1
72	184	1
72	183	1
72	182	1
72	181	1
72	180	1
72	179	1
72	178	1
72	177	1
72	176	1
72	175	1
72	174	1
72	173	1
72	172	1
72	171	1
72	170	1
72	169	1
72	168	1
72	167	1
72	166	1
72	165	1
72	164	1
72	163	1
72	162	1
72	161	1
72	160	1
72	159	1
72	158	1
72	157	1
72	156	1
72	155	1
72	154	1
72	153	1
72	152	1
72	151	1
72	150	1
72	149	1
72	148	1
72	147	1
72	146	1
72	145	1
72	144	1
72	143	1
72	142	1
72	141	1
72	140	1
72	139	1
72	138	1
72	137	1
72	136	1
72	135	1
72	134	1
72	133	1
72	132	1
72	131	1
72	130	1
72	129	1
72	128	1
72	127	1
72	126	1
72	125	1
72	124	1
72	123	1
72	122	1
72	121	1
72	120	1
72	119	1
72	118	1
72	117	1
72	116	1
72	115	1
72	114	1
72	113	1
72	112	1
72	111	1
72	110	1
72	109	1
72	108	1
72	107	1
72	106	1
72	105	1
72	104	1
72	103	1
72	102	1
72	101	1
72	100	1
72	99	1
72	98	1
72	97	1
72	96	1
72	95	1
72	94	1
72	93	1
72	92	1
72	91	1
72	90	1
72	89	1
72	88	1
72	87	1
72	86	1
72	85	1
72	84	1
72	83	1
72	82	1
72	81	1
72	80	1
72	79	1
72	78	1
72	77	1
72	76	1
72	75	1
72	74	1
72	73	1
72	72	1
72	71	1
72	70	1
72	69	1
72	68	1
72	67	1
72	66	1
72	65	1
72	64	1
72	63	2
72	62	2
72	61	2
72	60	2
72	59	2
72	58	2
72	57	2
72	56	2
72	55	2
72	54	2
72	53	2
72	52	2
72	51	2
72	50	2
72	49	1
72	48	1
72	47	1
72	46	1
72	45	1
72	44	1
72	43	1
72	42	1
72	41	1
72	40	2
72	39	2
72	38	2
72	37	2
72	36	1
72	35	1
72	34	1
72	33	1
72	32	1
72	31	1
72	30	1
72	29	1
72	28	1
72	27	1
72	26	1
72	25	1
72	24	1
72	23	1
72	22	1
72	21	1
72	20	1
72	19	1
72	18	1
72	17	1
72	16	1
72	15	1
72	14	1
72	13	1
72	12	1
72	11	1
72	10	1
72	9	1
72	8	1
72	7	1
72	6	1
72	5	1
72	4	1
72	3	1
72	2	1
72	1	1
73	216	1
73	215	1
73	214	1
73	213	1
73	212	1
73	211	1
73	210	1
73	209	1
73	208	1
73	207	1
73	206	1
73	205	1
73	204	1
73	203	1
73	202	1
73	201	1
73	200	1
73	199	1
73	198	1
73	197	1
73	196	1
73	195	1
73	194	1
73	193	1
73	192	1
73	191	1
73	190	1
73	189	1
73	188	1
73	187	1
73	186	1
73	185	1
73	184	1
73	183	1
73	182	1
73	181	1
73	180	1
73	179	1
73	178	1
73	177	1
73	176	1
73	175	1
73	174	1
73	173	1
73	172	1
73	171	1
73	170	1
73	169	1
73	168	1
73	167	1
73	166	1
73	165	1
73	164	1
73	163	1
73	162	1
73	161	1
73	160	1
73	159	1
73	158	1
73	157	1
73	156	1
73	155	1
73	154	1
73	153	1
73	152	1
73	151	1
73	150	1
73	149	1
73	148	1
73	147	1
73	146	1
73	145	1
73	144	1
73	143	1
73	142	1
73	141	1
73	140	1
73	139	1
73	138	1
73	137	1
73	136	1
73	135	1
73	134	1
73	133	1
73	132	1
73	131	1
73	130	1
73	129	1
73	128	1
73	127	1
73	126	1
73	125	1
73	124	1
73	123	1
73	122	1
73	121	1
73	120	1
73	119	1
73	118	1
73	117	1
73	116	1
73	115	1
73	114	1
73	113	1
73	112	1
73	111	1
73	110	1
73	109	1
73	108	1
73	107	1
73	106	1
73	105	1
73	104	1
73	103	1
73	102	1
73	101	1
73	100	1
73	99	1
73	98	1
73	97	1
73	96	1
73	95	1
73	94	1
73	93	1
73	92	1
73	91	1
73	90	1
73	89	1
73	88	1
73	87	1
73	86	1
73	85	1
73	84	1
73	83	1
73	82	1
73	81	1
73	80	1
73	79	1
73	78	1
73	77	1
73	76	1
73	75	1
73	74	1
73	73	1
73	72	1
73	71	1
73	70	1
73	69	1
73	68	1
73	67	1
73	66	1
73	65	1
73	64	1
73	63	2
73	62	2
73	61	2
73	60	2
73	59	2
73	58	2
73	57	2
73	56	2
73	55	2
73	54	2
73	53	2
73	52	2
73	51	2
73	50	1
73	49	1
73	48	1
73	47	1
73	46	1
73	45	1
73	44	1
73	43	1
73	42	1
73	41	1
73	40	1
73	39	2
73	38	1
73	37	2
73	36	2
73	35	1
73	34	1
73	33	1
73	32	1
73	31	1
73	30	1
73	29	1
73	28	1
73	27	1
73	26	1
73	25	1
73	24	1
73	23	1
73	22	1
73	21	1
73	20	1
73	19	1
73	18	1
73	17	1
73	16	1
73	15	1
73	14	1
73	13	1
73	12	1
73	11	1
73	10	1
73	9	1
73	8	1
73	7	1
73	6	1
73	5	1
73	4	1
73	3	1
73	2	1
73	1	1
74	216	1
74	215	1
74	214	1
74	213	1
74	212	1
74	211	1
74	210	1
74	209	1
74	208	1
74	207	1
74	206	1
74	205	1
74	204	1
74	203	1
74	202	1
74	201	1
74	200	1
74	199	1
74	198	1
74	197	1
74	196	1
74	195	1
74	194	1
74	193	1
74	192	1
74	191	1
74	190	1
74	189	1
74	188	1
74	187	1
74	186	1
74	185	1
74	184	1
74	183	1
74	182	1
74	181	1
74	180	1
74	179	1
74	178	1
74	177	1
74	176	1
74	175	1
74	174	1
74	173	1
74	172	1
74	171	1
74	170	1
74	169	1
74	168	1
74	167	1
74	166	1
74	165	1
74	164	1
74	163	1
74	162	1
74	161	1
74	160	1
74	159	1
74	158	1
74	157	1
74	156	1
74	155	1
74	154	1
74	153	1
74	152	1
74	151	1
74	150	1
74	149	1
74	148	1
74	147	1
74	146	1
74	145	1
74	144	1
74	143	1
74	142	1
74	141	1
74	140	1
74	139	1
74	138	1
74	137	1
74	136	1
74	135	1
74	134	1
74	133	1
74	132	1
74	131	1
74	130	1
74	129	1
74	128	1
74	127	1
74	126	1
74	125	1
74	124	1
74	123	1
74	122	1
74	121	1
74	120	1
74	119	1
74	118	1
74	117	1
74	116	1
74	115	1
74	114	1
74	113	1
74	112	1
74	111	1
74	110	1
74	109	1
74	108	1
74	107	1
74	106	1
74	105	1
74	104	1
74	103	1
74	102	1
74	101	1
74	100	2
74	99	1
74	98	1
74	97	1
74	96	1
74	95	1
74	94	1
74	93	1
74	92	1
74	91	1
74	90	1
74	89	1
74	88	1
74	87	1
74	86	1
74	85	1
74	84	1
74	83	1
74	82	1
74	81	1
74	80	1
74	79	1
74	78	1
74	77	1
74	76	1
74	75	1
74	74	1
74	73	1
74	72	1
74	71	1
74	70	1
74	69	1
74	68	1
74	67	1
74	66	1
74	65	1
74	64	2
74	63	2
74	62	2
74	61	2
74	60	2
74	59	2
74	58	2
74	57	2
74	56	2
74	55	2
74	54	2
74	53	2
74	52	2
74	51	2
74	50	1
74	49	1
74	48	1
74	47	1
74	46	1
74	45	1
74	44	1
74	43	1
74	42	1
74	41	1
74	40	1
74	39	2
74	38	1
74	37	1
74	36	2
74	35	1
74	34	1
74	33	1
74	32	1
74	31	1
74	30	1
74	29	1
74	28	1
74	27	1
74	26	1
74	25	1
74	24	1
74	23	1
74	22	1
74	21	1
74	20	1
74	19	1
74	18	1
74	17	1
74	16	1
74	15	1
74	14	1
74	13	1
74	12	1
74	11	1
74	10	1
74	9	1
74	8	1
74	7	1
74	6	1
74	5	1
74	4	1
74	3	1
74	2	1
74	1	1
75	216	1
75	215	1
75	214	1
75	213	1
75	212	1
75	211	1
75	210	1
75	209	1
75	208	1
75	207	1
75	206	1
75	205	1
75	204	1
75	203	1
75	202	1
75	201	1
75	200	1
75	199	1
75	198	1
75	197	1
75	196	1
75	195	1
75	194	1
75	193	1
75	192	1
75	191	1
75	190	1
75	189	1
75	188	1
75	187	1
75	186	1
75	185	1
75	184	1
75	183	1
75	182	1
75	181	1
75	180	1
75	179	1
75	178	1
75	177	1
75	176	1
75	175	1
75	174	1
75	173	1
75	172	1
75	171	1
75	170	1
75	169	1
75	168	1
75	167	1
75	166	1
75	165	1
75	164	1
75	163	1
75	162	1
75	161	1
75	160	1
75	159	1
75	158	1
75	157	1
75	156	1
75	155	1
75	154	1
75	153	1
75	152	1
75	151	1
75	150	1
75	149	1
75	148	1
75	147	1
75	146	1
75	145	1
75	144	1
75	143	1
75	142	1
75	141	1
75	140	1
75	139	1
75	138	1
75	137	1
75	136	1
75	135	1
75	134	1
75	133	1
75	132	1
75	131	1
75	130	1
75	129	1
75	128	1
75	127	1
75	126	1
75	125	1
75	124	1
75	123	1
75	122	1
75	121	1
75	120	1
75	119	1
75	118	1
75	117	1
75	116	1
75	115	1
75	114	1
75	113	1
75	112	1
75	111	2
75	110	1
75	109	1
75	108	1
75	107	1
75	106	1
75	105	1
75	104	1
75	103	1
75	102	1
75	101	1
75	100	1
75	99	1
75	98	1
75	97	1
75	96	1
75	95	1
75	94	1
75	93	1
75	92	1
75	91	1
75	90	1
75	89	1
75	88	1
75	87	1
75	86	1
75	85	1
75	84	1
75	83	1
75	82	1
75	81	1
75	80	1
75	79	1
75	78	1
75	77	1
75	76	1
75	75	1
75	74	1
75	73	1
75	72	1
75	71	1
75	70	1
75	69	1
75	68	1
75	67	1
75	66	1
75	65	1
75	64	2
75	63	2
75	62	2
75	61	2
75	60	2
75	59	2
75	58	2
75	57	2
75	56	2
75	55	2
75	54	2
75	53	2
75	52	2
75	51	2
75	50	1
75	49	1
75	48	1
75	47	1
75	46	1
75	45	1
75	44	1
75	43	1
75	42	1
75	41	1
75	40	1
75	39	2
75	38	2
75	37	1
75	36	1
75	35	1
75	34	1
75	33	1
75	32	1
75	31	1
75	30	1
75	29	1
75	28	1
75	27	1
75	26	1
75	25	1
75	24	1
75	23	1
75	22	1
75	21	1
75	20	1
75	19	1
75	18	1
75	17	1
75	16	1
75	15	1
75	14	1
75	13	1
75	12	1
75	11	1
75	10	1
75	9	1
75	8	1
75	7	1
75	6	1
75	5	1
75	4	1
75	3	1
75	2	1
75	1	1
76	216	1
76	215	1
76	214	1
76	213	1
76	212	1
76	211	1
76	210	1
76	209	1
76	208	1
76	207	1
76	206	1
76	205	1
76	204	1
76	203	1
76	202	1
76	201	1
76	200	1
76	199	1
76	198	1
76	197	1
76	196	1
76	195	1
76	194	1
76	193	1
76	192	1
76	191	1
76	190	1
76	189	1
76	188	1
76	187	1
76	186	1
76	185	1
76	184	1
76	183	1
76	182	1
76	181	1
76	180	1
76	179	1
76	178	1
76	177	1
76	176	1
76	175	1
76	174	1
76	173	1
76	172	1
76	171	1
76	170	1
76	169	1
76	168	1
76	167	1
76	166	1
76	165	1
76	164	1
76	163	1
76	162	1
76	161	1
76	160	1
76	159	1
76	158	1
76	157	1
76	156	1
76	155	1
76	154	1
76	153	1
76	152	1
76	151	1
76	150	1
76	149	1
76	148	1
76	147	1
76	146	1
76	145	1
76	144	1
76	143	1
76	142	1
76	141	1
76	140	1
76	139	1
76	138	1
76	137	1
76	136	1
76	135	1
76	134	1
76	133	1
76	132	1
76	131	1
76	130	1
76	129	1
76	128	1
76	127	1
76	126	1
76	125	1
76	124	1
76	123	1
76	122	1
76	121	1
76	120	1
76	119	1
76	118	1
76	117	1
76	116	1
76	115	1
76	114	1
76	113	1
76	112	1
76	111	1
76	110	1
76	109	1
76	108	1
76	107	1
76	106	1
76	105	1
76	104	1
76	103	1
76	102	1
76	101	2
76	100	1
76	99	1
76	98	1
76	97	1
76	96	1
76	95	1
76	94	1
76	93	1
76	92	1
76	91	1
76	90	1
76	89	1
76	88	1
76	87	1
76	86	1
76	85	1
76	84	1
76	83	1
76	82	1
76	81	1
76	80	1
76	79	1
76	78	1
76	77	1
76	76	1
76	75	1
76	74	1
76	73	1
76	72	1
76	71	1
76	70	1
76	69	1
76	68	1
76	67	1
76	66	1
76	65	2
76	64	2
76	63	2
76	62	2
76	61	2
76	60	2
76	59	2
76	58	2
76	57	2
76	56	2
76	55	2
76	54	2
76	53	2
76	52	2
76	51	1
76	50	1
76	49	1
76	48	1
76	47	1
76	46	1
76	45	1
76	44	1
76	43	1
76	42	1
76	41	1
76	40	1
76	39	2
76	38	2
76	37	2
76	36	2
76	35	1
76	34	1
76	33	1
76	32	1
76	31	1
76	30	1
76	29	1
76	28	1
76	27	1
76	26	1
76	25	1
76	24	1
76	23	1
76	22	1
76	21	1
76	20	1
76	19	1
76	18	1
76	17	1
76	16	1
76	15	1
76	14	1
76	13	1
76	12	1
76	11	1
76	10	1
76	9	1
76	8	1
76	7	1
76	6	1
76	5	1
76	4	1
76	3	1
76	2	1
76	1	1
77	216	1
77	215	1
77	214	1
77	213	1
77	212	1
77	211	1
77	210	1
77	209	1
77	208	1
77	207	1
77	206	1
77	205	1
77	204	1
77	203	1
77	202	1
77	201	1
77	200	1
77	199	1
77	198	1
77	197	1
77	196	1
77	195	1
77	194	1
77	193	1
77	192	1
77	191	1
77	190	1
77	189	1
77	188	1
77	187	1
77	186	1
77	185	1
77	184	1
77	183	1
77	182	1
77	181	1
77	180	1
77	179	1
77	178	1
77	177	1
77	176	1
77	175	1
77	174	1
77	173	1
77	172	1
77	171	1
77	170	1
77	169	1
77	168	1
77	167	1
77	166	1
77	165	1
77	164	1
77	163	1
77	162	1
77	161	1
77	160	1
77	159	1
77	158	1
77	157	1
77	156	1
77	155	1
77	154	1
77	153	1
77	152	1
77	151	1
77	150	1
77	149	1
77	148	1
77	147	1
77	146	1
77	145	1
77	144	1
77	143	1
77	142	1
77	141	1
77	140	1
77	139	1
77	138	1
77	137	1
77	136	1
77	135	1
77	134	1
77	133	1
77	132	1
77	131	1
77	130	1
77	129	1
77	128	1
77	127	1
77	126	1
77	125	1
77	124	1
77	123	1
77	122	1
77	121	1
77	120	1
77	119	1
77	118	1
77	117	1
77	116	1
77	115	1
77	114	1
77	113	1
77	112	1
77	111	1
77	110	1
77	109	1
77	108	1
77	107	1
77	106	1
77	105	1
77	104	1
77	103	1
77	102	1
77	101	1
77	100	1
77	99	1
77	98	1
77	97	1
77	96	1
77	95	1
77	94	1
77	93	1
77	92	1
77	91	1
77	90	1
77	89	1
77	88	1
77	87	1
77	86	1
77	85	1
77	84	1
77	83	1
77	82	1
77	81	1
77	80	1
77	79	1
77	78	1
77	77	1
77	76	1
77	75	1
77	74	1
77	73	1
77	72	1
77	71	1
77	70	1
77	69	1
77	68	1
77	67	1
77	66	2
77	65	2
77	64	2
77	63	2
77	62	2
77	61	2
77	60	2
77	59	2
77	58	2
77	57	2
77	56	2
77	55	2
77	54	2
77	53	1
77	52	2
77	51	2
77	50	1
77	49	1
77	48	1
77	47	1
77	46	1
77	45	1
77	44	1
77	43	1
77	42	1
77	41	1
77	40	1
77	39	2
77	38	2
77	37	2
77	36	1
77	35	1
77	34	1
77	33	1
77	32	2
77	31	1
77	30	1
77	29	1
77	28	1
77	27	1
77	26	1
77	25	1
77	24	1
77	23	1
77	22	1
77	21	1
77	20	1
77	19	1
77	18	1
77	17	1
77	16	1
77	15	1
77	14	1
77	13	1
77	12	1
77	11	1
77	10	1
77	9	1
77	8	1
77	7	1
77	6	1
77	5	1
77	4	1
77	3	1
77	2	1
77	1	1
78	216	1
78	215	1
78	214	1
78	213	1
78	212	1
78	211	1
78	210	1
78	209	1
78	208	1
78	207	1
78	206	1
78	205	1
78	204	1
78	203	1
78	202	1
78	201	1
78	200	1
78	199	1
78	198	1
78	197	1
78	196	1
78	195	1
78	194	1
78	193	1
78	192	1
78	191	1
78	190	1
78	189	1
78	188	1
78	187	1
78	186	1
78	185	1
78	184	1
78	183	1
78	182	1
78	181	1
78	180	1
78	179	1
78	178	1
78	177	1
78	176	1
78	175	1
78	174	1
78	173	1
78	172	1
78	171	1
78	170	1
78	169	1
78	168	1
78	167	1
78	166	1
78	165	1
78	164	1
78	163	1
78	162	1
78	161	1
78	160	1
78	159	1
78	158	1
78	157	1
78	156	1
78	155	1
78	154	1
78	153	1
78	152	1
78	151	1
78	150	1
78	149	1
78	148	1
78	147	1
78	146	1
78	145	1
78	144	1
78	143	1
78	142	1
78	141	1
78	140	1
78	139	1
78	138	1
78	137	1
78	136	1
78	135	1
78	134	1
78	133	1
78	132	1
78	131	1
78	130	1
78	129	1
78	128	1
78	127	1
78	126	1
78	125	1
78	124	1
78	123	1
78	122	1
78	121	1
78	120	1
78	119	1
78	118	1
78	117	1
78	116	1
78	115	1
78	114	1
78	113	1
78	112	1
78	111	1
78	110	1
78	109	1
78	108	1
78	107	1
78	106	1
78	105	1
78	104	1
78	103	1
78	102	1
78	101	1
78	100	1
78	99	1
78	98	1
78	97	1
78	96	1
78	95	1
78	94	1
78	93	1
78	92	1
78	91	1
78	90	1
78	89	1
78	88	1
78	87	1
78	86	1
78	85	1
78	84	1
78	83	1
78	82	1
78	81	1
78	80	1
78	79	1
78	78	1
78	77	1
78	76	1
78	75	1
78	74	1
78	73	1
78	72	1
78	71	1
78	70	1
78	69	1
78	68	1
78	67	1
78	66	2
78	65	2
78	64	2
78	63	2
78	62	2
78	61	2
78	60	2
78	59	2
78	58	2
78	57	2
78	56	2
78	55	2
78	54	1
78	53	1
78	52	2
78	51	2
78	50	1
78	49	1
78	48	1
78	47	1
78	46	1
78	45	1
78	44	1
78	43	1
78	42	1
78	41	1
78	40	1
78	39	2
78	38	2
78	37	1
78	36	1
78	35	1
78	34	1
78	33	1
78	32	1
78	31	1
78	30	1
78	29	1
78	28	1
78	27	1
78	26	1
78	25	1
78	24	1
78	23	1
78	22	1
78	21	1
78	20	1
78	19	1
78	18	1
78	17	1
78	16	1
78	15	1
78	14	1
78	13	1
78	12	1
78	11	1
78	10	1
78	9	1
78	8	1
78	7	1
78	6	1
78	5	1
78	4	1
78	3	1
78	2	1
78	1	1
79	216	1
79	215	1
79	214	1
79	213	1
79	212	1
79	211	1
79	210	1
79	209	1
79	208	1
79	207	1
79	206	1
79	205	1
79	204	1
79	203	1
79	202	1
79	201	1
79	200	1
79	199	1
79	198	1
79	197	1
79	196	1
79	195	1
79	194	1
79	193	1
79	192	1
79	191	1
79	190	1
79	189	1
79	188	1
79	187	1
79	186	1
79	185	1
79	184	1
79	183	1
79	182	1
79	181	1
79	180	1
79	179	1
79	178	1
79	177	1
79	176	1
79	175	1
79	174	1
79	173	1
79	172	1
79	171	1
79	170	1
79	169	1
79	168	1
79	167	1
79	166	1
79	165	1
79	164	1
79	163	1
79	162	1
79	161	1
79	160	1
79	159	1
79	158	1
79	157	1
79	156	1
79	155	1
79	154	1
79	153	1
79	152	1
79	151	1
79	150	1
79	149	1
79	148	1
79	147	1
79	146	1
79	145	1
79	144	1
79	143	1
79	142	1
79	141	1
79	140	1
79	139	1
79	138	1
79	137	1
79	136	1
79	135	1
79	134	1
79	133	1
79	132	1
79	131	1
79	130	1
79	129	1
79	128	1
79	127	1
79	126	1
79	125	1
79	124	1
79	123	1
79	122	1
79	121	1
79	120	1
79	119	1
79	118	1
79	117	1
79	116	1
79	115	1
79	114	1
79	113	1
79	112	1
79	111	1
79	110	1
79	109	1
79	108	1
79	107	1
79	106	1
79	105	1
79	104	1
79	103	1
79	102	1
79	101	1
79	100	1
79	99	1
79	98	1
79	97	1
79	96	1
79	95	1
79	94	1
79	93	1
79	92	1
79	91	1
79	90	1
79	89	1
79	88	1
79	87	1
79	86	1
79	85	1
79	84	1
79	83	1
79	82	1
79	81	1
79	80	1
79	79	1
79	78	1
79	77	1
79	76	1
79	75	1
79	74	1
79	73	1
79	72	1
79	71	1
79	70	1
79	69	1
79	68	1
79	67	2
79	66	2
79	65	2
79	64	2
79	63	2
79	62	2
79	61	2
79	60	2
79	59	2
79	58	2
79	57	2
79	56	2
79	55	1
79	54	1
79	53	1
79	52	1
79	51	1
79	50	1
79	49	1
79	48	1
79	47	1
79	46	1
79	45	1
79	44	1
79	43	1
79	42	1
79	41	1
79	40	1
79	39	1
79	38	2
79	37	1
79	36	1
79	35	1
79	34	1
79	33	1
79	32	1
79	31	1
79	30	1
79	29	1
79	28	1
79	27	1
79	26	1
79	25	1
79	24	1
79	23	1
79	22	1
79	21	1
79	20	1
79	19	1
79	18	1
79	17	1
79	16	1
79	15	1
79	14	1
79	13	1
79	12	1
79	11	1
79	10	1
79	9	1
79	8	1
79	7	1
79	6	1
79	5	1
79	4	1
79	3	1
79	2	1
79	1	1
80	216	1
80	215	1
80	214	1
80	213	1
80	212	1
80	211	1
80	210	1
80	209	1
80	208	1
80	207	1
80	206	1
80	205	1
80	204	1
80	203	1
80	202	1
80	201	1
80	200	1
80	199	1
80	198	1
80	197	1
80	196	1
80	195	1
80	194	1
80	193	1
80	192	1
80	191	1
80	190	1
80	189	1
80	188	1
80	187	1
80	186	1
80	185	1
80	184	1
80	183	1
80	182	1
80	181	1
80	180	1
80	179	1
80	178	1
80	177	1
80	176	1
80	175	1
80	174	1
80	173	1
80	172	1
80	171	1
80	170	1
80	169	1
80	168	1
80	167	1
80	166	1
80	165	1
80	164	1
80	163	1
80	162	1
80	161	1
80	160	1
80	159	1
80	158	1
80	157	1
80	156	1
80	155	1
80	154	1
80	153	1
80	152	1
80	151	1
80	150	1
80	149	1
80	148	1
80	147	1
80	146	1
80	145	1
80	144	1
80	143	1
80	142	1
80	141	1
80	140	1
80	139	1
80	138	1
80	137	1
80	136	1
80	135	1
80	134	1
80	133	1
80	132	1
80	131	1
80	130	1
80	129	1
80	128	1
80	127	1
80	126	1
80	125	1
80	124	1
80	123	1
80	122	1
80	121	1
80	120	1
80	119	1
80	118	1
80	117	1
80	116	1
80	115	1
80	114	1
80	113	1
80	112	1
80	111	1
80	110	1
80	109	1
80	108	1
80	107	1
80	106	1
80	105	1
80	104	1
80	103	1
80	102	1
80	101	1
80	100	1
80	99	1
80	98	1
80	97	1
80	96	1
80	95	1
80	94	1
80	93	1
80	92	1
80	91	1
80	90	1
80	89	1
80	88	1
80	87	1
80	86	1
80	85	1
80	84	1
80	83	1
80	82	1
80	81	1
80	80	1
80	79	1
80	78	1
80	77	1
80	76	1
80	75	1
80	74	1
80	73	1
80	72	1
80	71	1
80	70	1
80	69	1
80	68	2
80	67	2
80	66	2
80	65	2
80	64	2
80	63	2
80	62	2
80	61	2
80	60	2
80	59	2
80	58	2
80	57	2
80	56	1
80	55	1
80	54	1
80	53	1
80	52	1
80	51	1
80	50	1
80	49	1
80	48	1
80	47	1
80	46	1
80	45	1
80	44	1
80	43	1
80	42	1
80	41	1
80	40	2
80	39	1
80	38	1
80	37	1
80	36	1
80	35	1
80	34	1
80	33	1
80	32	1
80	31	1
80	30	1
80	29	1
80	28	1
80	27	1
80	26	1
80	25	1
80	24	1
80	23	1
80	22	1
80	21	1
80	20	1
80	19	1
80	18	1
80	17	1
80	16	1
80	15	1
80	14	1
80	13	1
80	12	1
80	11	1
80	10	1
80	9	1
80	8	1
80	7	1
80	6	1
80	5	1
80	4	1
80	3	1
80	2	1
80	1	1
81	216	1
81	215	1
81	214	1
81	213	1
81	212	1
81	211	1
81	210	1
81	209	1
81	208	1
81	207	1
81	206	1
81	205	1
81	204	1
81	203	1
81	202	1
81	201	1
81	200	1
81	199	1
81	198	1
81	197	1
81	196	1
81	195	1
81	194	1
81	193	1
81	192	1
81	191	1
81	190	1
81	189	1
81	188	1
81	187	1
81	186	1
81	185	1
81	184	1
81	183	1
81	182	1
81	181	1
81	180	1
81	179	1
81	178	1
81	177	1
81	176	1
81	175	1
81	174	1
81	173	1
81	172	1
81	171	1
81	170	1
81	169	1
81	168	1
81	167	1
81	166	1
81	165	1
81	164	1
81	163	1
81	162	1
81	161	1
81	160	1
81	159	1
81	158	1
81	157	1
81	156	1
81	155	1
81	154	1
81	153	1
81	152	1
81	151	1
81	150	1
81	149	1
81	148	1
81	147	1
81	146	1
81	145	1
81	144	1
81	143	1
81	142	1
81	141	1
81	140	1
81	139	1
81	138	1
81	137	1
81	136	1
81	135	1
81	134	1
81	133	1
81	132	1
81	131	1
81	130	1
81	129	1
81	128	1
81	127	1
81	126	1
81	125	1
81	124	1
81	123	1
81	122	1
81	121	1
81	120	1
81	119	1
81	118	1
81	117	1
81	116	1
81	115	1
81	114	1
81	113	1
81	112	1
81	111	1
81	110	1
81	109	1
81	108	1
81	107	1
81	106	1
81	105	1
81	104	1
81	103	1
81	102	1
81	101	1
81	100	1
81	99	1
81	98	1
81	97	1
81	96	1
81	95	1
81	94	1
81	93	1
81	92	1
81	91	1
81	90	1
81	89	1
81	88	1
81	87	1
81	86	1
81	85	1
81	84	1
81	83	1
81	82	1
81	81	1
81	80	1
81	79	1
81	78	1
81	77	1
81	76	1
81	75	1
81	74	1
81	73	1
81	72	1
81	71	1
81	70	1
81	69	2
81	68	2
81	67	2
81	66	2
81	65	2
81	64	2
81	63	2
81	62	2
81	61	2
81	60	2
81	59	2
81	58	2
81	57	2
81	56	1
81	55	1
81	54	1
81	53	1
81	52	1
81	51	2
81	50	1
81	49	1
81	48	1
81	47	1
81	46	1
81	45	1
81	44	1
81	43	1
81	42	1
81	41	1
81	40	2
81	39	1
81	38	1
81	37	1
81	36	1
81	35	1
81	34	1
81	33	1
81	32	1
81	31	1
81	30	1
81	29	1
81	28	1
81	27	1
81	26	1
81	25	1
81	24	1
81	23	1
81	22	1
81	21	1
81	20	1
81	19	1
81	18	1
81	17	1
81	16	1
81	15	1
81	14	1
81	13	1
81	12	1
81	11	1
81	10	1
81	9	1
81	8	1
81	7	1
81	6	1
81	5	1
81	4	1
81	3	1
81	2	1
81	1	1
82	216	1
82	215	1
82	214	1
82	213	1
82	212	1
82	211	1
82	210	1
82	209	1
82	208	1
82	207	1
82	206	1
82	205	1
82	204	1
82	203	1
82	202	1
82	201	1
82	200	1
82	199	1
82	198	1
82	197	1
82	196	1
82	195	1
82	194	1
82	193	1
82	192	1
82	191	1
82	190	1
82	189	1
82	188	1
82	187	1
82	186	1
82	185	1
82	184	1
82	183	1
82	182	1
82	181	1
82	180	1
82	179	1
82	178	1
82	177	1
82	176	1
82	175	1
82	174	1
82	173	1
82	172	1
82	171	1
82	170	1
82	169	1
82	168	1
82	167	1
82	166	1
82	165	1
82	164	1
82	163	1
82	162	1
82	161	1
82	160	1
82	159	1
82	158	1
82	157	1
82	156	1
82	155	1
82	154	1
82	153	1
82	152	1
82	151	1
82	150	1
82	149	1
82	148	1
82	147	1
82	146	1
82	145	1
82	144	1
82	143	1
82	142	1
82	141	1
82	140	1
82	139	1
82	138	1
82	137	1
82	136	1
82	135	1
82	134	1
82	133	1
82	132	1
82	131	1
82	130	1
82	129	1
82	128	1
82	127	1
82	126	1
82	125	1
82	124	1
82	123	1
82	122	1
82	121	1
82	120	1
82	119	1
82	118	1
82	117	1
82	116	1
82	115	1
82	114	1
82	113	1
82	112	1
82	111	1
82	110	1
82	109	1
82	108	1
82	107	1
82	106	1
82	105	1
82	104	1
82	103	1
82	102	1
82	101	1
82	100	1
82	99	1
82	98	1
82	97	1
82	96	1
82	95	1
82	94	1
82	93	1
82	92	1
82	91	1
82	90	1
82	89	1
82	88	1
82	87	1
82	86	1
82	85	1
82	84	1
82	83	1
82	82	1
82	81	1
82	80	1
82	79	1
82	78	1
82	77	1
82	76	1
82	75	1
82	74	1
82	73	1
82	72	1
82	71	1
82	70	2
82	69	2
82	68	2
82	67	2
82	66	2
82	65	2
82	64	2
82	63	2
82	62	2
82	61	2
82	60	2
82	59	2
82	58	2
82	57	1
82	56	1
82	55	1
82	54	1
82	53	1
82	52	2
82	51	2
82	50	1
82	49	1
82	48	1
82	47	1
82	46	1
82	45	1
82	44	1
82	43	1
82	42	1
82	41	1
82	40	1
82	39	1
82	38	1
82	37	1
82	36	1
82	35	1
82	34	1
82	33	1
82	32	1
82	31	1
82	30	1
82	29	1
82	28	1
82	27	1
82	26	1
82	25	1
82	24	1
82	23	1
82	22	1
82	21	1
82	20	1
82	19	1
82	18	1
82	17	1
82	16	1
82	15	1
82	14	1
82	13	1
82	12	1
82	11	1
82	10	1
82	9	1
82	8	1
82	7	1
82	6	1
82	5	1
82	4	1
82	3	1
82	2	1
82	1	1
83	216	1
83	215	1
83	214	1
83	213	1
83	212	1
83	211	1
83	210	1
83	209	1
83	208	1
83	207	1
83	206	1
83	205	1
83	204	1
83	203	1
83	202	1
83	201	1
83	200	1
83	199	1
83	198	1
83	197	1
83	196	1
83	195	1
83	194	1
83	193	1
83	192	1
83	191	1
83	190	1
83	189	1
83	188	1
83	187	1
83	186	1
83	185	1
83	184	1
83	183	1
83	182	1
83	181	1
83	180	1
83	179	1
83	178	1
83	177	1
83	176	1
83	175	1
83	174	1
83	173	1
83	172	1
83	171	1
83	170	1
83	169	1
83	168	1
83	167	1
83	166	1
83	165	1
83	164	1
83	163	1
83	162	1
83	161	1
83	160	1
83	159	1
83	158	1
83	157	1
83	156	1
83	155	1
83	154	1
83	153	1
83	152	1
83	151	1
83	150	1
83	149	1
83	148	1
83	147	1
83	146	1
83	145	1
83	144	1
83	143	1
83	142	1
83	141	1
83	140	1
83	139	1
83	138	1
83	137	1
83	136	1
83	135	1
83	134	1
83	133	1
83	132	1
83	131	1
83	130	1
83	129	1
83	128	1
83	127	1
83	126	1
83	125	1
83	124	1
83	123	1
83	122	1
83	121	1
83	120	1
83	119	1
83	118	1
83	117	1
83	116	1
83	115	1
83	114	1
83	113	1
83	112	1
83	111	1
83	110	1
83	109	1
83	108	1
83	107	1
83	106	1
83	105	1
83	104	1
83	103	1
83	102	1
83	101	1
83	100	1
83	99	1
83	98	1
83	97	1
83	96	1
83	95	1
83	94	1
83	93	1
83	92	1
83	91	1
83	90	1
83	89	1
83	88	1
83	87	1
83	86	1
83	85	1
83	84	1
83	83	1
83	82	1
83	81	1
83	80	1
83	79	1
83	78	1
83	77	1
83	76	1
83	75	1
83	74	1
83	73	1
83	72	1
83	71	1
83	70	2
83	69	2
83	68	2
83	67	2
83	66	2
83	65	2
83	64	2
83	63	2
83	62	2
83	61	2
83	60	2
83	59	2
83	58	2
83	57	1
83	56	1
83	55	1
83	54	1
83	53	2
83	52	2
83	51	2
83	50	2
83	49	1
83	48	1
83	47	1
83	46	1
83	45	1
83	44	1
83	43	1
83	42	1
83	41	1
83	40	1
83	39	1
83	38	1
83	37	1
83	36	1
83	35	1
83	34	1
83	33	1
83	32	1
83	31	1
83	30	1
83	29	1
83	28	1
83	27	1
83	26	1
83	25	1
83	24	1
83	23	1
83	22	1
83	21	1
83	20	1
83	19	1
83	18	1
83	17	1
83	16	1
83	15	1
83	14	1
83	13	1
83	12	1
83	11	1
83	10	1
83	9	1
83	8	1
83	7	1
83	6	1
83	5	1
83	4	1
83	3	1
83	2	1
83	1	1
84	216	1
84	215	1
84	214	1
84	213	1
84	212	1
84	211	1
84	210	1
84	209	1
84	208	1
84	207	1
84	206	1
84	205	1
84	204	1
84	203	1
84	202	1
84	201	1
84	200	1
84	199	1
84	198	1
84	197	1
84	196	1
84	195	1
84	194	1
84	193	1
84	192	1
84	191	1
84	190	1
84	189	1
84	188	1
84	187	1
84	186	1
84	185	1
84	184	1
84	183	1
84	182	1
84	181	1
84	180	1
84	179	1
84	178	1
84	177	1
84	176	1
84	175	1
84	174	1
84	173	1
84	172	1
84	171	1
84	170	1
84	169	1
84	168	1
84	167	1
84	166	1
84	165	1
84	164	1
84	163	1
84	162	1
84	161	1
84	160	1
84	159	1
84	158	1
84	157	1
84	156	1
84	155	1
84	154	1
84	153	1
84	152	1
84	151	1
84	150	1
84	149	1
84	148	1
84	147	1
84	146	1
84	145	1
84	144	1
84	143	1
84	142	1
84	141	1
84	140	1
84	139	1
84	138	1
84	137	1
84	136	1
84	135	1
84	134	1
84	133	1
84	132	1
84	131	1
84	130	1
84	129	1
84	128	1
84	127	1
84	126	1
84	125	1
84	124	1
84	123	1
84	122	1
84	121	1
84	120	1
84	119	1
84	118	1
84	117	1
84	116	1
84	115	1
84	114	1
84	113	1
84	112	1
84	111	1
84	110	1
84	109	1
84	108	1
84	107	1
84	106	1
84	105	1
84	104	1
84	103	1
84	102	1
84	101	1
84	100	1
84	99	1
84	98	1
84	97	1
84	96	1
84	95	1
84	94	1
84	93	1
84	92	1
84	91	1
84	90	1
84	89	1
84	88	1
84	87	1
84	86	1
84	85	1
84	84	1
84	83	1
84	82	1
84	81	1
84	80	1
84	79	1
84	78	1
84	77	1
84	76	1
84	75	1
84	74	1
84	73	1
84	72	1
84	71	2
84	70	2
84	69	2
84	68	2
84	67	2
84	66	2
84	65	2
84	64	2
84	63	2
84	62	2
84	61	2
84	60	2
84	59	2
84	58	2
84	57	1
84	56	1
84	55	2
84	54	2
84	53	1
84	52	1
84	51	1
84	50	1
84	49	2
84	48	1
84	47	1
84	46	1
84	45	1
84	44	1
84	43	1
84	42	1
84	41	1
84	40	1
84	39	1
84	38	1
84	37	1
84	36	1
84	35	1
84	34	1
84	33	1
84	32	1
84	31	1
84	30	1
84	29	1
84	28	1
84	27	1
84	26	1
84	25	1
84	24	1
84	23	1
84	22	1
84	21	1
84	20	1
84	19	1
84	18	1
84	17	1
84	16	1
84	15	1
84	14	1
84	13	1
84	12	1
84	11	1
84	10	1
84	9	1
84	8	1
84	7	1
84	6	1
84	5	1
84	4	1
84	3	1
84	2	1
84	1	1
85	216	1
85	215	1
85	214	1
85	213	1
85	212	1
85	211	1
85	210	1
85	209	1
85	208	1
85	207	1
85	206	1
85	205	1
85	204	1
85	203	1
85	202	1
85	201	1
85	200	1
85	199	1
85	198	1
85	197	1
85	196	1
85	195	1
85	194	1
85	193	1
85	192	1
85	191	1
85	190	1
85	189	1
85	188	1
85	187	1
85	186	1
85	185	1
85	184	1
85	183	1
85	182	1
85	181	1
85	180	1
85	179	1
85	178	1
85	177	1
85	176	1
85	175	1
85	174	1
85	173	1
85	172	1
85	171	1
85	170	1
85	169	1
85	168	1
85	167	1
85	166	1
85	165	1
85	164	1
85	163	1
85	162	1
85	161	1
85	160	1
85	159	1
85	158	1
85	157	1
85	156	1
85	155	1
85	154	1
85	153	1
85	152	1
85	151	1
85	150	1
85	149	1
85	148	1
85	147	1
85	146	1
85	145	1
85	144	1
85	143	1
85	142	1
85	141	1
85	140	1
85	139	1
85	138	1
85	137	1
85	136	1
85	135	1
85	134	1
85	133	1
85	132	1
85	131	1
85	130	1
85	129	1
85	128	1
85	127	1
85	126	1
85	125	1
85	124	1
85	123	1
85	122	1
85	121	1
85	120	1
85	119	1
85	118	1
85	117	1
85	116	1
85	115	1
85	114	1
85	113	1
85	112	1
85	111	1
85	110	1
85	109	1
85	108	1
85	107	1
85	106	1
85	105	1
85	104	1
85	103	1
85	102	1
85	101	1
85	100	1
85	99	1
85	98	1
85	97	1
85	96	1
85	95	1
85	94	1
85	93	1
85	92	1
85	91	1
85	90	1
85	89	1
85	88	1
85	87	1
85	86	1
85	85	1
85	84	1
85	83	1
85	82	1
85	81	1
85	80	1
85	79	1
85	78	1
85	77	1
85	76	1
85	75	1
85	74	1
85	73	1
85	72	1
85	71	2
85	70	2
85	69	2
85	68	2
85	67	2
85	66	2
85	65	2
85	64	2
85	63	2
85	62	2
85	61	2
85	60	2
85	59	2
85	58	2
85	57	1
85	56	1
85	55	1
85	54	1
85	53	1
85	52	1
85	51	1
85	50	1
85	49	1
85	48	1
85	47	1
85	46	1
85	45	1
85	44	1
85	43	1
85	42	1
85	41	1
85	40	1
85	39	1
85	38	1
85	37	1
85	36	1
85	35	1
85	34	1
85	33	1
85	32	1
85	31	1
85	30	1
85	29	1
85	28	1
85	27	1
85	26	1
85	25	1
85	24	1
85	23	1
85	22	1
85	21	1
85	20	1
85	19	1
85	18	1
85	17	1
85	16	1
85	15	1
85	14	1
85	13	1
85	12	1
85	11	1
85	10	1
85	9	1
85	8	1
85	7	1
85	6	1
85	5	1
85	4	1
85	3	1
85	2	1
85	1	1
86	216	1
86	215	1
86	214	1
86	213	1
86	212	1
86	211	1
86	210	1
86	209	1
86	208	1
86	207	1
86	206	1
86	205	1
86	204	1
86	203	1
86	202	1
86	201	1
86	200	1
86	199	1
86	198	1
86	197	1
86	196	1
86	195	1
86	194	1
86	193	1
86	192	1
86	191	1
86	190	1
86	189	1
86	188	1
86	187	1
86	186	1
86	185	1
86	184	1
86	183	1
86	182	1
86	181	1
86	180	1
86	179	1
86	178	1
86	177	1
86	176	1
86	175	1
86	174	1
86	173	1
86	172	1
86	171	1
86	170	1
86	169	1
86	168	1
86	167	1
86	166	1
86	165	1
86	164	1
86	163	1
86	162	1
86	161	1
86	160	1
86	159	1
86	158	1
86	157	1
86	156	1
86	155	1
86	154	1
86	153	1
86	152	1
86	151	1
86	150	1
86	149	1
86	148	1
86	147	1
86	146	1
86	145	1
86	144	1
86	143	1
86	142	1
86	141	1
86	140	1
86	139	1
86	138	1
86	137	1
86	136	1
86	135	1
86	134	1
86	133	1
86	132	1
86	131	1
86	130	1
86	129	1
86	128	1
86	127	1
86	126	1
86	125	1
86	124	1
86	123	1
86	122	1
86	121	1
86	120	1
86	119	1
86	118	1
86	117	1
86	116	1
86	115	1
86	114	1
86	113	1
86	112	1
86	111	1
86	110	1
86	109	1
86	108	1
86	107	1
86	106	1
86	105	1
86	104	1
86	103	1
86	102	1
86	101	1
86	100	1
86	99	1
86	98	1
86	97	1
86	96	1
86	95	1
86	94	1
86	93	1
86	92	1
86	91	1
86	90	1
86	89	1
86	88	1
86	87	1
86	86	1
86	85	1
86	84	1
86	83	1
86	82	1
86	81	1
86	80	1
86	79	1
86	78	1
86	77	1
86	76	1
86	75	1
86	74	1
86	73	1
86	72	2
86	71	2
86	70	2
86	69	2
86	68	2
86	67	2
86	66	2
86	65	2
86	64	2
86	63	2
86	62	2
86	61	2
86	60	2
86	59	2
86	58	1
86	57	1
86	56	1
86	55	1
86	54	1
86	53	1
86	52	1
86	51	1
86	50	1
86	49	1
86	48	1
86	47	1
86	46	1
86	45	1
86	44	1
86	43	1
86	42	1
86	41	1
86	40	1
86	39	1
86	38	1
86	37	1
86	36	1
86	35	1
86	34	1
86	33	1
86	32	1
86	31	1
86	30	1
86	29	1
86	28	1
86	27	1
86	26	1
86	25	1
86	24	1
86	23	1
86	22	1
86	21	1
86	20	1
86	19	1
86	18	1
86	17	1
86	16	1
86	15	1
86	14	1
86	13	1
86	12	1
86	11	1
86	10	1
86	9	1
86	8	1
86	7	1
86	6	1
86	5	1
86	4	1
86	3	1
86	2	1
86	1	1
87	216	1
87	215	1
87	214	1
87	213	1
87	212	1
87	211	1
87	210	1
87	209	1
87	208	1
87	207	1
87	206	1
87	205	1
87	204	1
87	203	1
87	202	1
87	201	1
87	200	1
87	199	1
87	198	1
87	197	1
87	196	1
87	195	1
87	194	1
87	193	1
87	192	1
87	191	1
87	190	1
87	189	1
87	188	1
87	187	1
87	186	1
87	185	1
87	184	1
87	183	1
87	182	1
87	181	1
87	180	1
87	179	1
87	178	1
87	177	1
87	176	1
87	175	1
87	174	1
87	173	1
87	172	1
87	171	1
87	170	1
87	169	1
87	168	1
87	167	1
87	166	1
87	165	1
87	164	1
87	163	1
87	162	1
87	161	1
87	160	1
87	159	1
87	158	1
87	157	1
87	156	1
87	155	1
87	154	1
87	153	1
87	152	1
87	151	1
87	150	1
87	149	1
87	148	1
87	147	1
87	146	1
87	145	1
87	144	1
87	143	1
87	142	1
87	141	1
87	140	1
87	139	1
87	138	1
87	137	1
87	136	1
87	135	1
87	134	1
87	133	1
87	132	1
87	131	1
87	130	1
87	129	1
87	128	1
87	127	1
87	126	1
87	125	1
87	124	1
87	123	1
87	122	1
87	121	1
87	120	1
87	119	1
87	118	1
87	117	1
87	116	1
87	115	1
87	114	1
87	113	1
87	112	1
87	111	1
87	110	1
87	109	1
87	108	1
87	107	1
87	106	1
87	105	1
87	104	1
87	103	1
87	102	1
87	101	1
87	100	1
87	99	1
87	98	1
87	97	1
87	96	1
87	95	1
87	94	1
87	93	1
87	92	1
87	91	1
87	90	1
87	89	1
87	88	1
87	87	1
87	86	1
87	85	1
87	84	1
87	83	1
87	82	1
87	81	1
87	80	1
87	79	1
87	78	1
87	77	1
87	76	1
87	75	1
87	74	1
87	73	2
87	72	2
87	71	2
87	70	2
87	69	2
87	68	2
87	67	2
87	66	2
87	65	2
87	64	2
87	63	2
87	62	2
87	61	2
87	60	2
87	59	2
87	58	1
87	57	1
87	56	1
87	55	1
87	54	1
87	53	1
87	52	1
87	51	1
87	50	1
87	49	1
87	48	1
87	47	1
87	46	1
87	45	1
87	44	1
87	43	1
87	42	1
87	41	1
87	40	1
87	39	1
87	38	1
87	37	1
87	36	1
87	35	1
87	34	1
87	33	1
87	32	1
87	31	1
87	30	1
87	29	1
87	28	1
87	27	1
87	26	1
87	25	1
87	24	1
87	23	1
87	22	1
87	21	1
87	20	1
87	19	1
87	18	1
87	17	1
87	16	1
87	15	1
87	14	1
87	13	1
87	12	1
87	11	1
87	10	1
87	9	1
87	8	1
87	7	1
87	6	1
87	5	1
87	4	1
87	3	1
87	2	1
87	1	1
88	216	1
88	215	1
88	214	1
88	213	1
88	212	1
88	211	1
88	210	1
88	209	1
88	208	1
88	207	1
88	206	1
88	205	1
88	204	1
88	203	1
88	202	1
88	201	1
88	200	1
88	199	1
88	198	1
88	197	1
88	196	1
88	195	1
88	194	1
88	193	1
88	192	1
88	191	1
88	190	1
88	189	1
88	188	1
88	187	1
88	186	1
88	185	1
88	184	1
88	183	1
88	182	1
88	181	1
88	180	1
88	179	1
88	178	1
88	177	1
88	176	1
88	175	1
88	174	1
88	173	1
88	172	1
88	171	1
88	170	1
88	169	1
88	168	1
88	167	1
88	166	1
88	165	1
88	164	1
88	163	1
88	162	1
88	161	1
88	160	1
88	159	1
88	158	1
88	157	1
88	156	1
88	155	1
88	154	1
88	153	1
88	152	1
88	151	1
88	150	1
88	149	1
88	148	1
88	147	1
88	146	1
88	145	1
88	144	1
88	143	1
88	142	1
88	141	1
88	140	1
88	139	1
88	138	1
88	137	1
88	136	1
88	135	1
88	134	1
88	133	1
88	132	1
88	131	1
88	130	1
88	129	1
88	128	1
88	127	1
88	126	1
88	125	1
88	124	1
88	123	1
88	122	1
88	121	1
88	120	1
88	119	1
88	118	1
88	117	1
88	116	1
88	115	1
88	114	1
88	113	1
88	112	1
88	111	1
88	110	1
88	109	1
88	108	1
88	107	1
88	106	1
88	105	1
88	104	1
88	103	1
88	102	1
88	101	1
88	100	1
88	99	1
88	98	1
88	97	1
88	96	1
88	95	1
88	94	1
88	93	1
88	92	1
88	91	1
88	90	1
88	89	1
88	88	1
88	87	1
88	86	1
88	85	1
88	84	1
88	83	1
88	82	1
88	81	1
88	80	1
88	79	1
88	78	1
88	77	1
88	76	1
88	75	1
88	74	1
88	73	2
88	72	2
88	71	2
88	70	2
88	69	2
88	68	2
88	67	2
88	66	2
88	65	2
88	64	2
88	63	2
88	62	2
88	61	2
88	60	2
88	59	2
88	58	1
88	57	1
88	56	1
88	55	1
88	54	1
88	53	1
88	52	1
88	51	1
88	50	1
88	49	1
88	48	1
88	47	1
88	46	1
88	45	1
88	44	1
88	43	1
88	42	1
88	41	1
88	40	1
88	39	1
88	38	1
88	37	1
88	36	1
88	35	1
88	34	1
88	33	1
88	32	1
88	31	1
88	30	1
88	29	1
88	28	1
88	27	1
88	26	1
88	25	1
88	24	1
88	23	1
88	22	1
88	21	1
88	20	1
88	19	1
88	18	1
88	17	1
88	16	1
88	15	1
88	14	1
88	13	1
88	12	1
88	11	1
88	10	1
88	9	1
88	8	1
88	7	1
88	6	1
88	5	1
88	4	1
88	3	1
88	2	1
88	1	1
89	216	1
89	215	1
89	214	1
89	213	1
89	212	1
89	211	1
89	210	1
89	209	1
89	208	1
89	207	1
89	206	1
89	205	1
89	204	1
89	203	1
89	202	1
89	201	1
89	200	1
89	199	1
89	198	1
89	197	1
89	196	1
89	195	1
89	194	1
89	193	1
89	192	1
89	191	1
89	190	1
89	189	1
89	188	1
89	187	1
89	186	1
89	185	1
89	184	1
89	183	1
89	182	1
89	181	1
89	180	1
89	179	1
89	178	1
89	177	1
89	176	1
89	175	1
89	174	1
89	173	1
89	172	1
89	171	1
89	170	1
89	169	1
89	168	1
89	167	1
89	166	1
89	165	1
89	164	1
89	163	1
89	162	1
89	161	1
89	160	1
89	159	1
89	158	1
89	157	1
89	156	1
89	155	1
89	154	1
89	153	1
89	152	1
89	151	1
89	150	1
89	149	1
89	148	1
89	147	1
89	146	1
89	145	1
89	144	1
89	143	1
89	142	1
89	141	1
89	140	1
89	139	1
89	138	1
89	137	1
89	136	1
89	135	1
89	134	1
89	133	1
89	132	1
89	131	1
89	130	1
89	129	1
89	128	1
89	127	1
89	126	1
89	125	1
89	124	1
89	123	1
89	122	1
89	121	1
89	120	1
89	119	1
89	118	1
89	117	1
89	116	1
89	115	1
89	114	1
89	113	1
89	112	1
89	111	1
89	110	1
89	109	1
89	108	1
89	107	1
89	106	1
89	105	1
89	104	1
89	103	1
89	102	1
89	101	1
89	100	1
89	99	1
89	98	1
89	97	1
89	96	1
89	95	1
89	94	1
89	93	1
89	92	1
89	91	1
89	90	1
89	89	1
89	88	1
89	87	1
89	86	1
89	85	1
89	84	1
89	83	1
89	82	1
89	81	1
89	80	1
89	79	1
89	78	1
89	77	1
89	76	1
89	75	1
89	74	2
89	73	2
89	72	2
89	71	2
89	70	2
89	69	2
89	68	2
89	67	2
89	66	2
89	65	2
89	64	2
89	63	2
89	62	2
89	61	2
89	60	2
89	59	1
89	58	1
89	57	1
89	56	1
89	55	1
89	54	1
89	53	1
89	52	1
89	51	1
89	50	1
89	49	1
89	48	1
89	47	1
89	46	1
89	45	1
89	44	1
89	43	1
89	42	1
89	41	1
89	40	1
89	39	1
89	38	1
89	37	1
89	36	1
89	35	1
89	34	1
89	33	1
89	32	1
89	31	1
89	30	1
89	29	1
89	28	1
89	27	1
89	26	1
89	25	1
89	24	1
89	23	1
89	22	1
89	21	1
89	20	1
89	19	1
89	18	1
89	17	1
89	16	1
89	15	1
89	14	1
89	13	1
89	12	1
89	11	1
89	10	1
89	9	1
89	8	1
89	7	1
89	6	1
89	5	1
89	4	1
89	3	1
89	2	1
89	1	1
90	216	1
90	215	1
90	214	1
90	213	1
90	212	1
90	211	1
90	210	1
90	209	1
90	208	1
90	207	1
90	206	1
90	205	1
90	204	1
90	203	1
90	202	1
90	201	1
90	200	1
90	199	1
90	198	1
90	197	1
90	196	1
90	195	1
90	194	1
90	193	1
90	192	1
90	191	1
90	190	1
90	189	1
90	188	1
90	187	1
90	186	1
90	185	1
90	184	1
90	183	1
90	182	1
90	181	1
90	180	1
90	179	1
90	178	1
90	177	1
90	176	1
90	175	1
90	174	1
90	173	1
90	172	1
90	171	1
90	170	1
90	169	1
90	168	1
90	167	1
90	166	1
90	165	1
90	164	1
90	163	1
90	162	1
90	161	1
90	160	1
90	159	1
90	158	1
90	157	1
90	156	1
90	155	1
90	154	1
90	153	1
90	152	1
90	151	1
90	150	1
90	149	1
90	148	1
90	147	1
90	146	1
90	145	1
90	144	1
90	143	1
90	142	1
90	141	1
90	140	1
90	139	1
90	138	1
90	137	1
90	136	1
90	135	1
90	134	1
90	133	1
90	132	1
90	131	1
90	130	1
90	129	1
90	128	1
90	127	1
90	126	1
90	125	1
90	124	1
90	123	1
90	122	1
90	121	1
90	120	1
90	119	1
90	118	1
90	117	1
90	116	1
90	115	1
90	114	1
90	113	1
90	112	1
90	111	1
90	110	1
90	109	1
90	108	1
90	107	1
90	106	1
90	105	1
90	104	1
90	103	1
90	102	1
90	101	1
90	100	1
90	99	1
90	98	1
90	97	1
90	96	1
90	95	1
90	94	1
90	93	1
90	92	1
90	91	1
90	90	1
90	89	1
90	88	1
90	87	1
90	86	1
90	85	1
90	84	1
90	83	1
90	82	1
90	81	1
90	80	1
90	79	1
90	78	1
90	77	1
90	76	1
90	75	1
90	74	2
90	73	2
90	72	2
90	71	2
90	70	2
90	69	2
90	68	2
90	67	2
90	66	2
90	65	2
90	64	2
90	63	2
90	62	2
90	61	2
90	60	2
90	59	1
90	58	1
90	57	1
90	56	1
90	55	1
90	54	1
90	53	1
90	52	1
90	51	1
90	50	1
90	49	1
90	48	1
90	47	1
90	46	1
90	45	1
90	44	1
90	43	1
90	42	1
90	41	1
90	40	1
90	39	1
90	38	1
90	37	1
90	36	1
90	35	1
90	34	1
90	33	1
90	32	1
90	31	1
90	30	1
90	29	1
90	28	1
90	27	1
90	26	1
90	25	1
90	24	1
90	23	1
90	22	1
90	21	1
90	20	1
90	19	1
90	18	1
90	17	1
90	16	1
90	15	1
90	14	1
90	13	1
90	12	1
90	11	1
90	10	1
90	9	1
90	8	1
90	7	1
90	6	1
90	5	1
90	4	1
90	3	1
90	2	1
90	1	1
91	216	1
91	215	1
91	214	1
91	213	1
91	212	1
91	211	1
91	210	1
91	209	1
91	208	1
91	207	1
91	206	1
91	205	1
91	204	1
91	203	1
91	202	1
91	201	1
91	200	1
91	199	1
91	198	1
91	197	1
91	196	1
91	195	1
91	194	1
91	193	1
91	192	1
91	191	1
91	190	1
91	189	1
91	188	1
91	187	1
91	186	1
91	185	1
91	184	1
91	183	1
91	182	1
91	181	1
91	180	1
91	179	1
91	178	1
91	177	1
91	176	1
91	175	1
91	174	1
91	173	1
91	172	1
91	171	1
91	170	1
91	169	1
91	168	1
91	167	1
91	166	1
91	165	1
91	164	1
91	163	1
91	162	1
91	161	1
91	160	1
91	159	1
91	158	1
91	157	1
91	156	1
91	155	1
91	154	1
91	153	1
91	152	1
91	151	1
91	150	1
91	149	1
91	148	1
91	147	1
91	146	1
91	145	1
91	144	1
91	143	1
91	142	1
91	141	1
91	140	1
91	139	1
91	138	1
91	137	1
91	136	1
91	135	1
91	134	1
91	133	1
91	132	1
91	131	1
91	130	1
91	129	1
91	128	1
91	127	1
91	126	1
91	125	1
91	124	1
91	123	1
91	122	1
91	121	1
91	120	1
91	119	1
91	118	1
91	117	1
91	116	1
91	115	1
91	114	1
91	113	1
91	112	1
91	111	1
91	110	1
91	109	1
91	108	1
91	107	1
91	106	1
91	105	1
91	104	1
91	103	1
91	102	1
91	101	1
91	100	1
91	99	1
91	98	1
91	97	1
91	96	1
91	95	1
91	94	1
91	93	1
91	92	1
91	91	1
91	90	1
91	89	1
91	88	1
91	87	1
91	86	1
91	85	1
91	84	1
91	83	1
91	82	1
91	81	1
91	80	1
91	79	1
91	78	1
91	77	1
91	76	1
91	75	1
91	74	2
91	73	2
91	72	2
91	71	2
91	70	2
91	69	2
91	68	2
91	67	2
91	66	2
91	65	2
91	64	2
91	63	2
91	62	2
91	61	1
91	60	1
91	59	1
91	58	1
91	57	1
91	56	1
91	55	1
91	54	1
91	53	1
91	52	1
91	51	1
91	50	1
91	49	1
91	48	1
91	47	1
91	46	1
91	45	1
91	44	1
91	43	1
91	42	1
91	41	1
91	40	1
91	39	1
91	38	1
91	37	1
91	36	1
91	35	1
91	34	1
91	33	1
91	32	1
91	31	1
91	30	1
91	29	1
91	28	1
91	27	1
91	26	1
91	25	1
91	24	1
91	23	1
91	22	1
91	21	1
91	20	1
91	19	1
91	18	1
91	17	1
91	16	1
91	15	1
91	14	1
91	13	1
91	12	1
91	11	1
91	10	1
91	9	1
91	8	1
91	7	1
91	6	1
91	5	1
91	4	1
91	3	1
91	2	1
91	1	1
92	216	1
92	215	1
92	214	1
92	213	1
92	212	1
92	211	1
92	210	1
92	209	1
92	208	1
92	207	1
92	206	1
92	205	1
92	204	1
92	203	1
92	202	1
92	201	1
92	200	1
92	199	1
92	198	1
92	197	1
92	196	1
92	195	1
92	194	1
92	193	1
92	192	1
92	191	1
92	190	1
92	189	1
92	188	1
92	187	1
92	186	1
92	185	1
92	184	1
92	183	1
92	182	1
92	181	1
92	180	1
92	179	1
92	178	1
92	177	1
92	176	1
92	175	1
92	174	1
92	173	1
92	172	1
92	171	1
92	170	1
92	169	1
92	168	1
92	167	1
92	166	1
92	165	1
92	164	1
92	163	1
92	162	1
92	161	1
92	160	1
92	159	1
92	158	1
92	157	1
92	156	1
92	155	1
92	154	1
92	153	1
92	152	1
92	151	1
92	150	1
92	149	1
92	148	1
92	147	1
92	146	1
92	145	1
92	144	1
92	143	1
92	142	1
92	141	1
92	140	1
92	139	1
92	138	1
92	137	1
92	136	1
92	135	1
92	134	1
92	133	1
92	132	1
92	131	1
92	130	1
92	129	1
92	128	1
92	127	1
92	126	1
92	125	1
92	124	1
92	123	1
92	122	1
92	121	1
92	120	1
92	119	1
92	118	2
92	117	2
92	116	1
92	115	1
92	114	1
92	113	1
92	112	1
92	111	1
92	110	1
92	109	1
92	108	1
92	107	1
92	106	1
92	105	1
92	104	1
92	103	1
92	102	1
92	101	1
92	100	1
92	99	1
92	98	1
92	97	1
92	96	1
92	95	1
92	94	1
92	93	1
92	92	1
92	91	1
92	90	1
92	89	1
92	88	1
92	87	1
92	86	1
92	85	1
92	84	1
92	83	1
92	82	1
92	81	1
92	80	1
92	79	1
92	78	1
92	77	1
92	76	1
92	75	1
92	74	1
92	73	2
92	72	2
92	71	2
92	70	2
92	69	2
92	68	2
92	67	2
92	66	2
92	65	2
92	64	2
92	63	2
92	62	1
92	61	1
92	60	1
92	59	1
92	58	1
92	57	1
92	56	1
92	55	1
92	54	1
92	53	1
92	52	1
92	51	1
92	50	1
92	49	1
92	48	1
92	47	1
92	46	1
92	45	1
92	44	1
92	43	1
92	42	1
92	41	1
92	40	1
92	39	1
92	38	1
92	37	1
92	36	1
92	35	1
92	34	1
92	33	1
92	32	1
92	31	1
92	30	1
92	29	1
92	28	1
92	27	1
92	26	1
92	25	1
92	24	1
92	23	1
92	22	1
92	21	1
92	20	1
92	19	1
92	18	1
92	17	1
92	16	1
92	15	1
92	14	1
92	13	1
92	12	1
92	11	1
92	10	1
92	9	1
92	8	1
92	7	1
92	6	1
92	5	1
92	4	1
92	3	1
92	2	1
92	1	1
93	216	1
93	215	1
93	214	1
93	213	1
93	212	1
93	211	1
93	210	1
93	209	1
93	208	1
93	207	1
93	206	1
93	205	1
93	204	1
93	203	1
93	202	1
93	201	1
93	200	1
93	199	1
93	198	1
93	197	1
93	196	1
93	195	1
93	194	1
93	193	1
93	192	1
93	191	1
93	190	1
93	189	1
93	188	1
93	187	1
93	186	1
93	185	1
93	184	1
93	183	1
93	182	1
93	181	1
93	180	1
93	179	1
93	178	1
93	177	1
93	176	1
93	175	1
93	174	1
93	173	1
93	172	1
93	171	1
93	170	1
93	169	1
93	168	1
93	167	1
93	166	1
93	165	1
93	164	1
93	163	1
93	162	1
93	161	1
93	160	1
93	159	1
93	158	1
93	157	1
93	156	1
93	155	1
93	154	1
93	153	1
93	152	1
93	151	1
93	150	1
93	149	1
93	148	1
93	147	1
93	146	1
93	145	1
93	144	1
93	143	1
93	142	1
93	141	1
93	140	1
93	139	1
93	138	1
93	137	1
93	136	1
93	135	1
93	134	1
93	133	1
93	132	1
93	131	1
93	130	1
93	129	1
93	128	1
93	127	1
93	126	1
93	125	1
93	124	1
93	123	1
93	122	1
93	121	1
93	120	1
93	119	1
93	118	1
93	117	2
93	116	1
93	115	1
93	114	1
93	113	1
93	112	1
93	111	1
93	110	1
93	109	1
93	108	1
93	107	1
93	106	1
93	105	1
93	104	1
93	103	1
93	102	1
93	101	1
93	100	1
93	99	1
93	98	1
93	97	1
93	96	1
93	95	1
93	94	1
93	93	1
93	92	1
93	91	1
93	90	1
93	89	1
93	88	1
93	87	1
93	86	1
93	85	1
93	84	1
93	83	1
93	82	1
93	81	1
93	80	1
93	79	1
93	78	1
93	77	1
93	76	1
93	75	2
93	74	2
93	73	2
93	72	2
93	71	2
93	70	2
93	69	2
93	68	2
93	67	2
93	66	2
93	65	2
93	64	2
93	63	2
93	62	1
93	61	1
93	60	1
93	59	1
93	58	1
93	57	1
93	56	1
93	55	1
93	54	1
93	53	1
93	52	1
93	51	1
93	50	1
93	49	1
93	48	1
93	47	1
93	46	1
93	45	1
93	44	1
93	43	1
93	42	1
93	41	1
93	40	1
93	39	1
93	38	1
93	37	1
93	36	1
93	35	1
93	34	1
93	33	1
93	32	1
93	31	1
93	30	1
93	29	1
93	28	1
93	27	1
93	26	1
93	25	1
93	24	1
93	23	1
93	22	1
93	21	1
93	20	1
93	19	1
93	18	1
93	17	1
93	16	1
93	15	1
93	14	1
93	13	1
93	12	1
93	11	1
93	10	1
93	9	1
93	8	1
93	7	1
93	6	1
93	5	1
93	4	1
93	3	1
93	2	1
93	1	1
94	216	1
94	215	1
94	214	1
94	213	1
94	212	1
94	211	1
94	210	1
94	209	1
94	208	1
94	207	1
94	206	1
94	205	1
94	204	1
94	203	1
94	202	1
94	201	1
94	200	1
94	199	1
94	198	1
94	197	1
94	196	1
94	195	1
94	194	1
94	193	1
94	192	1
94	191	1
94	190	1
94	189	1
94	188	1
94	187	1
94	186	1
94	185	1
94	184	1
94	183	1
94	182	1
94	181	1
94	180	1
94	179	1
94	178	1
94	177	1
94	176	1
94	175	1
94	174	1
94	173	1
94	172	1
94	171	1
94	170	1
94	169	1
94	168	1
94	167	1
94	166	1
94	165	1
94	164	1
94	163	1
94	162	1
94	161	1
94	160	1
94	159	1
94	158	1
94	157	1
94	156	1
94	155	1
94	154	1
94	153	1
94	152	1
94	151	1
94	150	1
94	149	1
94	148	1
94	147	1
94	146	1
94	145	1
94	144	1
94	143	1
94	142	1
94	141	1
94	140	1
94	139	1
94	138	1
94	137	1
94	136	1
94	135	1
94	134	1
94	133	1
94	132	1
94	131	1
94	130	1
94	129	1
94	128	1
94	127	1
94	126	1
94	125	1
94	124	1
94	123	1
94	122	1
94	121	1
94	120	1
94	119	1
94	118	1
94	117	1
94	116	1
94	115	1
94	114	1
94	113	1
94	112	1
94	111	1
94	110	1
94	109	1
94	108	1
94	107	1
94	106	2
94	105	1
94	104	1
94	103	1
94	102	1
94	101	1
94	100	1
94	99	2
94	98	1
94	97	1
94	96	1
94	95	1
94	94	1
94	93	1
94	92	1
94	91	1
94	90	1
94	89	1
94	88	1
94	87	1
94	86	1
94	85	1
94	84	1
94	83	1
94	82	1
94	81	1
94	80	1
94	79	1
94	78	1
94	77	1
94	76	2
94	75	2
94	74	2
94	73	2
94	72	2
94	71	2
94	70	2
94	69	2
94	68	2
94	67	2
94	66	2
94	65	2
94	64	2
94	63	2
94	62	1
94	61	1
94	60	1
94	59	1
94	58	1
94	57	1
94	56	1
94	55	1
94	54	1
94	53	1
94	52	1
94	51	1
94	50	1
94	49	1
94	48	1
94	47	1
94	46	1
94	45	1
94	44	1
94	43	1
94	42	1
94	41	1
94	40	1
94	39	1
94	38	1
94	37	1
94	36	1
94	35	1
94	34	1
94	33	1
94	32	1
94	31	1
94	30	1
94	29	1
94	28	1
94	27	1
94	26	1
94	25	1
94	24	1
94	23	1
94	22	1
94	21	1
94	20	1
94	19	1
94	18	1
94	17	1
94	16	1
94	15	1
94	14	1
94	13	1
94	12	1
94	11	1
94	10	1
94	9	1
94	8	1
94	7	1
94	6	1
94	5	1
94	4	1
94	3	1
94	2	1
94	1	1
95	216	1
95	215	1
95	214	1
95	213	1
95	212	1
95	211	1
95	210	1
95	209	1
95	208	1
95	207	1
95	206	1
95	205	1
95	204	1
95	203	1
95	202	1
95	201	1
95	200	1
95	199	1
95	198	1
95	197	1
95	196	1
95	195	1
95	194	1
95	193	1
95	192	1
95	191	1
95	190	1
95	189	1
95	188	1
95	187	1
95	186	1
95	185	1
95	184	1
95	183	1
95	182	1
95	181	1
95	180	1
95	179	1
95	178	1
95	177	1
95	176	1
95	175	1
95	174	1
95	173	1
95	172	1
95	171	1
95	170	1
95	169	1
95	168	1
95	167	2
95	166	1
95	165	1
95	164	1
95	163	1
95	162	1
95	161	1
95	160	1
95	159	1
95	158	1
95	157	1
95	156	1
95	155	1
95	154	1
95	153	1
95	152	1
95	151	1
95	150	1
95	149	1
95	148	1
95	147	1
95	146	1
95	145	1
95	144	1
95	143	1
95	142	1
95	141	1
95	140	1
95	139	1
95	138	1
95	137	1
95	136	1
95	135	1
95	134	1
95	133	1
95	132	1
95	131	1
95	130	1
95	129	1
95	128	1
95	127	1
95	126	1
95	125	1
95	124	1
95	123	1
95	122	1
95	121	1
95	120	1
95	119	1
95	118	1
95	117	1
95	116	1
95	115	1
95	114	1
95	113	1
95	112	1
95	111	1
95	110	1
95	109	1
95	108	1
95	107	1
95	106	1
95	105	1
95	104	1
95	103	1
95	102	1
95	101	1
95	100	1
95	99	1
95	98	1
95	97	1
95	96	1
95	95	1
95	94	1
95	93	1
95	92	1
95	91	1
95	90	1
95	89	1
95	88	1
95	87	1
95	86	1
95	85	1
95	84	1
95	83	1
95	82	1
95	81	1
95	80	1
95	79	1
95	78	1
95	77	1
95	76	2
95	75	2
95	74	2
95	73	2
95	72	2
95	71	2
95	70	2
95	69	2
95	68	2
95	67	2
95	66	2
95	65	2
95	64	2
95	63	1
95	62	1
95	61	1
95	60	1
95	59	1
95	58	1
95	57	1
95	56	1
95	55	1
95	54	1
95	53	1
95	52	1
95	51	1
95	50	1
95	49	1
95	48	1
95	47	1
95	46	1
95	45	1
95	44	1
95	43	1
95	42	1
95	41	1
95	40	1
95	39	1
95	38	1
95	37	1
95	36	1
95	35	1
95	34	1
95	33	1
95	32	1
95	31	1
95	30	1
95	29	1
95	28	1
95	27	1
95	26	1
95	25	1
95	24	1
95	23	1
95	22	1
95	21	1
95	20	1
95	19	1
95	18	1
95	17	1
95	16	1
95	15	1
95	14	1
95	13	1
95	12	1
95	11	1
95	10	1
95	9	1
95	8	1
95	7	1
95	6	1
95	5	1
95	4	1
95	3	1
95	2	1
95	1	1
96	216	1
96	215	1
96	214	1
96	213	1
96	212	1
96	211	1
96	210	1
96	209	1
96	208	1
96	207	1
96	206	1
96	205	1
96	204	1
96	203	1
96	202	1
96	201	1
96	200	1
96	199	1
96	198	1
96	197	1
96	196	1
96	195	1
96	194	1
96	193	1
96	192	1
96	191	1
96	190	1
96	189	1
96	188	1
96	187	1
96	186	1
96	185	1
96	184	1
96	183	1
96	182	1
96	181	1
96	180	1
96	179	1
96	178	1
96	177	1
96	176	1
96	175	1
96	174	1
96	173	1
96	172	1
96	171	1
96	170	1
96	169	1
96	168	2
96	167	1
96	166	1
96	165	1
96	164	1
96	163	1
96	162	1
96	161	1
96	160	1
96	159	1
96	158	1
96	157	1
96	156	1
96	155	1
96	154	1
96	153	1
96	152	1
96	151	1
96	150	1
96	149	1
96	148	1
96	147	1
96	146	1
96	145	1
96	144	1
96	143	1
96	142	1
96	141	1
96	140	1
96	139	1
96	138	1
96	137	1
96	136	1
96	135	1
96	134	1
96	133	1
96	132	1
96	131	1
96	130	1
96	129	1
96	128	1
96	127	1
96	126	1
96	125	1
96	124	1
96	123	1
96	122	1
96	121	1
96	120	1
96	119	1
96	118	1
96	117	1
96	116	1
96	115	1
96	114	1
96	113	1
96	112	1
96	111	1
96	110	1
96	109	1
96	108	1
96	107	1
96	106	1
96	105	1
96	104	1
96	103	1
96	102	1
96	101	1
96	100	1
96	99	1
96	98	1
96	97	1
96	96	1
96	95	1
96	94	1
96	93	1
96	92	1
96	91	1
96	90	1
96	89	1
96	88	1
96	87	1
96	86	1
96	85	1
96	84	1
96	83	1
96	82	1
96	81	1
96	80	1
96	79	1
96	78	1
96	77	1
96	76	2
96	75	2
96	74	2
96	73	2
96	72	2
96	71	2
96	70	2
96	69	2
96	68	2
96	67	2
96	66	2
96	65	2
96	64	2
96	63	1
96	62	1
96	61	1
96	60	1
96	59	1
96	58	1
96	57	1
96	56	1
96	55	1
96	54	1
96	53	1
96	52	1
96	51	1
96	50	1
96	49	1
96	48	1
96	47	1
96	46	1
96	45	1
96	44	1
96	43	1
96	42	1
96	41	1
96	40	1
96	39	1
96	38	1
96	37	1
96	36	1
96	35	1
96	34	1
96	33	1
96	32	1
96	31	1
96	30	1
96	29	1
96	28	1
96	27	1
96	26	1
96	25	1
96	24	1
96	23	1
96	22	1
96	21	1
96	20	1
96	19	1
96	18	1
96	17	1
96	16	1
96	15	1
96	14	1
96	13	1
96	12	1
96	11	1
96	10	1
96	9	1
96	8	1
96	7	1
96	6	1
96	5	1
96	4	1
96	3	1
96	2	1
96	1	1
97	216	1
97	215	1
97	214	1
97	213	1
97	212	1
97	211	1
97	210	1
97	209	1
97	208	1
97	207	1
97	206	1
97	205	1
97	204	1
97	203	1
97	202	1
97	201	1
97	200	1
97	199	1
97	198	1
97	197	1
97	196	1
97	195	1
97	194	1
97	193	1
97	192	1
97	191	1
97	190	1
97	189	1
97	188	1
97	187	1
97	186	1
97	185	1
97	184	1
97	183	1
97	182	1
97	181	1
97	180	1
97	179	1
97	178	1
97	177	1
97	176	1
97	175	1
97	174	1
97	173	1
97	172	1
97	171	1
97	170	1
97	169	1
97	168	1
97	167	1
97	166	1
97	165	1
97	164	1
97	163	1
97	162	1
97	161	1
97	160	1
97	159	1
97	158	1
97	157	1
97	156	1
97	155	1
97	154	1
97	153	1
97	152	1
97	151	1
97	150	1
97	149	1
97	148	1
97	147	1
97	146	1
97	145	1
97	144	1
97	143	1
97	142	1
97	141	1
97	140	1
97	139	1
97	138	1
97	137	1
97	136	1
97	135	1
97	134	1
97	133	1
97	132	1
97	131	1
97	130	1
97	129	1
97	128	1
97	127	1
97	126	1
97	125	1
97	124	1
97	123	1
97	122	1
97	121	1
97	120	1
97	119	1
97	118	1
97	117	1
97	116	1
97	115	1
97	114	1
97	113	1
97	112	1
97	111	1
97	110	1
97	109	1
97	108	1
97	107	1
97	106	1
97	105	1
97	104	1
97	103	1
97	102	1
97	101	1
97	100	1
97	99	1
97	98	1
97	97	1
97	96	1
97	95	1
97	94	1
97	93	1
97	92	1
97	91	1
97	90	1
97	89	1
97	88	1
97	87	1
97	86	1
97	85	1
97	84	1
97	83	1
97	82	1
97	81	1
97	80	1
97	79	1
97	78	1
97	77	2
97	76	2
97	75	2
97	74	2
97	73	2
97	72	2
97	71	2
97	70	2
97	69	2
97	68	2
97	67	2
97	66	2
97	65	2
97	64	1
97	63	1
97	62	1
97	61	1
97	60	1
97	59	1
97	58	1
97	57	1
97	56	1
97	55	1
97	54	1
97	53	1
97	52	1
97	51	1
97	50	1
97	49	1
97	48	1
97	47	1
97	46	1
97	45	1
97	44	1
97	43	1
97	42	1
97	41	1
97	40	1
97	39	1
97	38	1
97	37	1
97	36	1
97	35	1
97	34	1
97	33	1
97	32	1
97	31	1
97	30	1
97	29	1
97	28	1
97	27	1
97	26	1
97	25	1
97	24	1
97	23	1
97	22	1
97	21	1
97	20	1
97	19	1
97	18	1
97	17	1
97	16	1
97	15	1
97	14	1
97	13	1
97	12	1
97	11	1
97	10	1
97	9	1
97	8	1
97	7	1
97	6	1
97	5	1
97	4	1
97	3	1
97	2	1
97	1	1
98	216	1
98	215	1
98	214	1
98	213	1
98	212	1
98	211	1
98	210	1
98	209	1
98	208	1
98	207	1
98	206	1
98	205	1
98	204	1
98	203	1
98	202	1
98	201	1
98	200	1
98	199	1
98	198	1
98	197	1
98	196	1
98	195	1
98	194	1
98	193	1
98	192	1
98	191	1
98	190	1
98	189	1
98	188	1
98	187	1
98	186	1
98	185	1
98	184	1
98	183	1
98	182	1
98	181	1
98	180	1
98	179	1
98	178	1
98	177	1
98	176	1
98	175	1
98	174	1
98	173	1
98	172	1
98	171	1
98	170	1
98	169	1
98	168	1
98	167	1
98	166	1
98	165	1
98	164	1
98	163	1
98	162	1
98	161	1
98	160	1
98	159	1
98	158	1
98	157	1
98	156	1
98	155	1
98	154	1
98	153	1
98	152	1
98	151	1
98	150	1
98	149	1
98	148	1
98	147	1
98	146	1
98	145	1
98	144	1
98	143	1
98	142	1
98	141	1
98	140	1
98	139	1
98	138	1
98	137	1
98	136	1
98	135	1
98	134	1
98	133	1
98	132	1
98	131	1
98	130	1
98	129	1
98	128	1
98	127	1
98	126	1
98	125	1
98	124	1
98	123	1
98	122	1
98	121	1
98	120	1
98	119	1
98	118	1
98	117	1
98	116	1
98	115	1
98	114	1
98	113	1
98	112	1
98	111	1
98	110	1
98	109	1
98	108	1
98	107	1
98	106	1
98	105	1
98	104	1
98	103	1
98	102	1
98	101	1
98	100	1
98	99	1
98	98	1
98	97	1
98	96	1
98	95	1
98	94	1
98	93	1
98	92	1
98	91	1
98	90	1
98	89	1
98	88	1
98	87	1
98	86	1
98	85	1
98	84	1
98	83	1
98	82	1
98	81	1
98	80	1
98	79	1
98	78	2
98	77	2
98	76	2
98	75	2
98	74	2
98	73	2
98	72	2
98	71	2
98	70	2
98	69	2
98	68	2
98	67	2
98	66	2
98	65	1
98	64	1
98	63	1
98	62	1
98	61	1
98	60	1
98	59	1
98	58	1
98	57	1
98	56	1
98	55	1
98	54	1
98	53	1
98	52	1
98	51	1
98	50	1
98	49	1
98	48	1
98	47	1
98	46	1
98	45	1
98	44	1
98	43	1
98	42	1
98	41	1
98	40	1
98	39	1
98	38	1
98	37	1
98	36	1
98	35	1
98	34	1
98	33	1
98	32	1
98	31	1
98	30	1
98	29	1
98	28	1
98	27	1
98	26	1
98	25	1
98	24	1
98	23	1
98	22	1
98	21	1
98	20	1
98	19	1
98	18	1
98	17	1
98	16	1
98	15	1
98	14	1
98	13	1
98	12	1
98	11	1
98	10	1
98	9	1
98	8	1
98	7	1
98	6	1
98	5	1
98	4	1
98	3	1
98	2	1
98	1	1
99	216	1
99	215	1
99	214	1
99	213	1
99	212	1
99	211	1
99	210	1
99	209	1
99	208	1
99	207	1
99	206	1
99	205	1
99	204	1
99	203	1
99	202	1
99	201	1
99	200	1
99	199	1
99	198	1
99	197	1
99	196	1
99	195	1
99	194	1
99	193	1
99	192	1
99	191	1
99	190	1
99	189	1
99	188	1
99	187	1
99	186	1
99	185	1
99	184	1
99	183	1
99	182	1
99	181	1
99	180	1
99	179	1
99	178	1
99	177	1
99	176	1
99	175	1
99	174	1
99	173	1
99	172	1
99	171	1
99	170	1
99	169	1
99	168	1
99	167	1
99	166	1
99	165	1
99	164	1
99	163	1
99	162	1
99	161	1
99	160	1
99	159	1
99	158	1
99	157	1
99	156	1
99	155	1
99	154	1
99	153	1
99	152	1
99	151	1
99	150	1
99	149	1
99	148	1
99	147	1
99	146	1
99	145	1
99	144	1
99	143	1
99	142	1
99	141	1
99	140	1
99	139	1
99	138	1
99	137	1
99	136	1
99	135	1
99	134	1
99	133	1
99	132	1
99	131	1
99	130	1
99	129	1
99	128	1
99	127	1
99	126	1
99	125	1
99	124	1
99	123	1
99	122	1
99	121	1
99	120	1
99	119	1
99	118	1
99	117	1
99	116	1
99	115	1
99	114	1
99	113	1
99	112	1
99	111	1
99	110	1
99	109	1
99	108	1
99	107	1
99	106	1
99	105	1
99	104	1
99	103	1
99	102	1
99	101	1
99	100	1
99	99	1
99	98	1
99	97	1
99	96	1
99	95	1
99	94	1
99	93	1
99	92	1
99	91	1
99	90	1
99	89	1
99	88	1
99	87	1
99	86	1
99	85	1
99	84	1
99	83	1
99	82	1
99	81	1
99	80	1
99	79	2
99	78	2
99	77	2
99	76	2
99	75	2
99	74	2
99	73	2
99	72	2
99	71	2
99	70	2
99	69	2
99	68	2
99	67	2
99	66	2
99	65	1
99	64	1
99	63	1
99	62	1
99	61	1
99	60	1
99	59	1
99	58	1
99	57	1
99	56	1
99	55	1
99	54	1
99	53	1
99	52	1
99	51	1
99	50	1
99	49	1
99	48	1
99	47	1
99	46	1
99	45	1
99	44	1
99	43	1
99	42	1
99	41	1
99	40	1
99	39	1
99	38	1
99	37	1
99	36	1
99	35	1
99	34	1
99	33	1
99	32	1
99	31	1
99	30	1
99	29	1
99	28	1
99	27	1
99	26	1
99	25	1
99	24	1
99	23	1
99	22	1
99	21	1
99	20	1
99	19	1
99	18	1
99	17	1
99	16	1
99	15	1
99	14	1
99	13	1
99	12	1
99	11	1
99	10	1
99	9	1
99	8	1
99	7	1
99	6	1
99	5	1
99	4	1
99	3	1
99	2	1
99	1	1
100	216	1
100	215	1
100	214	1
100	213	1
100	212	1
100	211	1
100	210	1
100	209	1
100	208	1
100	207	1
100	206	1
100	205	1
100	204	1
100	203	1
100	202	1
100	201	1
100	200	1
100	199	1
100	198	1
100	197	1
100	196	1
100	195	1
100	194	1
100	193	1
100	192	1
100	191	1
100	190	1
100	189	1
100	188	1
100	187	1
100	186	1
100	185	1
100	184	1
100	183	1
100	182	1
100	181	1
100	180	1
100	179	1
100	178	1
100	177	1
100	176	1
100	175	1
100	174	1
100	173	1
100	172	1
100	171	1
100	170	1
100	169	1
100	168	1
100	167	1
100	166	1
100	165	1
100	164	1
100	163	1
100	162	1
100	161	1
100	160	1
100	159	1
100	158	1
100	157	1
100	156	1
100	155	1
100	154	1
100	153	1
100	152	1
100	151	1
100	150	1
100	149	1
100	148	1
100	147	1
100	146	1
100	145	1
100	144	1
100	143	1
100	142	1
100	141	1
100	140	1
100	139	1
100	138	1
100	137	1
100	136	1
100	135	1
100	134	1
100	133	1
100	132	1
100	131	1
100	130	1
100	129	1
100	128	1
100	127	1
100	126	1
100	125	1
100	124	1
100	123	1
100	122	1
100	121	1
100	120	1
100	119	1
100	118	1
100	117	1
100	116	1
100	115	1
100	114	1
100	113	1
100	112	1
100	111	1
100	110	1
100	109	1
100	108	1
100	107	1
100	106	1
100	105	1
100	104	1
100	103	1
100	102	1
100	101	1
100	100	1
100	99	1
100	98	1
100	97	1
100	96	1
100	95	1
100	94	1
100	93	1
100	92	1
100	91	1
100	90	1
100	89	1
100	88	1
100	87	1
100	86	1
100	85	1
100	84	1
100	83	1
100	82	1
100	81	1
100	80	2
100	79	2
100	78	2
100	77	2
100	76	2
100	75	2
100	74	2
100	73	2
100	72	2
100	71	2
100	70	2
100	69	2
100	68	2
100	67	2
100	66	1
100	65	1
100	64	1
100	63	1
100	62	1
100	61	1
100	60	1
100	59	1
100	58	1
100	57	1
100	56	1
100	55	1
100	54	1
100	53	1
100	52	1
100	51	1
100	50	1
100	49	1
100	48	1
100	47	1
100	46	1
100	45	1
100	44	1
100	43	1
100	42	1
100	41	1
100	40	1
100	39	1
100	38	1
100	37	1
100	36	1
100	35	1
100	34	1
100	33	1
100	32	1
100	31	1
100	30	1
100	29	1
100	28	1
100	27	1
100	26	1
100	25	1
100	24	1
100	23	1
100	22	1
100	21	1
100	20	1
100	19	1
100	18	1
100	17	1
100	16	1
100	15	1
100	14	1
100	13	1
100	12	1
100	11	1
100	10	1
100	9	1
100	8	1
100	7	1
100	6	1
100	5	1
100	4	1
100	3	1
100	2	1
100	1	1
101	216	1
101	215	1
101	214	1
101	213	1
101	212	1
101	211	1
101	210	1
101	209	1
101	208	1
101	207	1
101	206	1
101	205	1
101	204	1
101	203	1
101	202	1
101	201	1
101	200	1
101	199	1
101	198	1
101	197	1
101	196	1
101	195	1
101	194	1
101	193	1
101	192	1
101	191	1
101	190	1
101	189	1
101	188	1
101	187	1
101	186	1
101	185	1
101	184	1
101	183	1
101	182	1
101	181	1
101	180	1
101	179	1
101	178	1
101	177	1
101	176	1
101	175	1
101	174	1
101	173	1
101	172	1
101	171	1
101	170	1
101	169	1
101	168	1
101	167	1
101	166	1
101	165	1
101	164	1
101	163	1
101	162	1
101	161	1
101	160	1
101	159	1
101	158	1
101	157	1
101	156	1
101	155	1
101	154	1
101	153	1
101	152	1
101	151	1
101	150	1
101	149	1
101	148	1
101	147	1
101	146	1
101	145	1
101	144	1
101	143	1
101	142	1
101	141	1
101	140	1
101	139	1
101	138	1
101	137	1
101	136	1
101	135	1
101	134	1
101	133	1
101	132	1
101	131	1
101	130	1
101	129	1
101	128	1
101	127	1
101	126	1
101	125	1
101	124	1
101	123	1
101	122	1
101	121	1
101	120	1
101	119	1
101	118	1
101	117	1
101	116	1
101	115	1
101	114	1
101	113	1
101	112	1
101	111	1
101	110	1
101	109	1
101	108	1
101	107	1
101	106	1
101	105	1
101	104	1
101	103	1
101	102	1
101	101	1
101	100	1
101	99	1
101	98	1
101	97	1
101	96	1
101	95	1
101	94	1
101	93	1
101	92	1
101	91	1
101	90	1
101	89	1
101	88	1
101	87	1
101	86	1
101	85	1
101	84	1
101	83	1
101	82	1
101	81	2
101	80	2
101	79	2
101	78	2
101	77	2
101	76	2
101	75	2
101	74	2
101	73	2
101	72	2
101	71	2
101	70	2
101	69	2
101	68	2
101	67	1
101	66	1
101	65	1
101	64	1
101	63	1
101	62	1
101	61	1
101	60	1
101	59	1
101	58	1
101	57	1
101	56	1
101	55	1
101	54	1
101	53	1
101	52	1
101	51	1
101	50	1
101	49	1
101	48	1
101	47	1
101	46	1
101	45	1
101	44	1
101	43	1
101	42	1
101	41	1
101	40	1
101	39	1
101	38	1
101	37	1
101	36	1
101	35	1
101	34	1
101	33	1
101	32	1
101	31	1
101	30	1
101	29	1
101	28	1
101	27	1
101	26	1
101	25	1
101	24	1
101	23	1
101	22	1
101	21	1
101	20	1
101	19	1
101	18	1
101	17	1
101	16	1
101	15	1
101	14	1
101	13	1
101	12	1
101	11	1
101	10	1
101	9	1
101	8	1
101	7	1
101	6	1
101	5	1
101	4	1
101	3	1
101	2	1
101	1	1
102	216	1
102	215	1
102	214	1
102	213	1
102	212	1
102	211	1
102	210	1
102	209	1
102	208	1
102	207	1
102	206	1
102	205	1
102	204	1
102	203	1
102	202	1
102	201	1
102	200	1
102	199	1
102	198	1
102	197	1
102	196	1
102	195	1
102	194	1
102	193	1
102	192	1
102	191	1
102	190	1
102	189	1
102	188	1
102	187	1
102	186	1
102	185	1
102	184	1
102	183	1
102	182	1
102	181	1
102	180	1
102	179	1
102	178	1
102	177	1
102	176	1
102	175	1
102	174	1
102	173	1
102	172	1
102	171	1
102	170	1
102	169	1
102	168	1
102	167	1
102	166	1
102	165	1
102	164	1
102	163	1
102	162	1
102	161	1
102	160	1
102	159	1
102	158	1
102	157	1
102	156	1
102	155	1
102	154	1
102	153	1
102	152	1
102	151	1
102	150	1
102	149	1
102	148	1
102	147	1
102	146	1
102	145	1
102	144	1
102	143	1
102	142	1
102	141	1
102	140	1
102	139	1
102	138	1
102	137	1
102	136	1
102	135	1
102	134	1
102	133	1
102	132	1
102	131	1
102	130	1
102	129	1
102	128	1
102	127	1
102	126	1
102	125	1
102	124	1
102	123	1
102	122	1
102	121	1
102	120	1
102	119	1
102	118	1
102	117	1
102	116	1
102	115	1
102	114	1
102	113	1
102	112	1
102	111	1
102	110	1
102	109	1
102	108	1
102	107	1
102	106	1
102	105	1
102	104	1
102	103	1
102	102	1
102	101	1
102	100	1
102	99	1
102	98	1
102	97	1
102	96	1
102	95	1
102	94	1
102	93	1
102	92	1
102	91	1
102	90	1
102	89	1
102	88	1
102	87	1
102	86	1
102	85	1
102	84	1
102	83	1
102	82	1
102	81	2
102	80	2
102	79	2
102	78	2
102	77	2
102	76	2
102	75	2
102	74	2
102	73	2
102	72	2
102	71	2
102	70	2
102	69	2
102	68	2
102	67	1
102	66	1
102	65	1
102	64	1
102	63	1
102	62	1
102	61	1
102	60	1
102	59	1
102	58	1
102	57	1
102	56	1
102	55	1
102	54	1
102	53	1
102	52	1
102	51	1
102	50	1
102	49	1
102	48	1
102	47	1
102	46	1
102	45	1
102	44	1
102	43	1
102	42	1
102	41	1
102	40	1
102	39	1
102	38	1
102	37	1
102	36	1
102	35	1
102	34	1
102	33	1
102	32	1
102	31	1
102	30	1
102	29	1
102	28	1
102	27	1
102	26	1
102	25	1
102	24	1
102	23	1
102	22	1
102	21	1
102	20	1
102	19	1
102	18	1
102	17	1
102	16	1
102	15	1
102	14	1
102	13	1
102	12	1
102	11	1
102	10	1
102	9	1
102	8	1
102	7	1
102	6	1
102	5	1
102	4	1
102	3	1
102	2	1
102	1	1
103	216	1
103	215	1
103	214	1
103	213	1
103	212	1
103	211	1
103	210	1
103	209	1
103	208	1
103	207	1
103	206	1
103	205	1
103	204	1
103	203	1
103	202	1
103	201	1
103	200	1
103	199	1
103	198	1
103	197	1
103	196	1
103	195	1
103	194	1
103	193	1
103	192	1
103	191	1
103	190	1
103	189	1
103	188	1
103	187	1
103	186	1
103	185	1
103	184	1
103	183	1
103	182	1
103	181	1
103	180	1
103	179	1
103	178	1
103	177	1
103	176	1
103	175	1
103	174	1
103	173	1
103	172	1
103	171	1
103	170	1
103	169	1
103	168	1
103	167	1
103	166	1
103	165	1
103	164	1
103	163	1
103	162	1
103	161	1
103	160	1
103	159	1
103	158	1
103	157	1
103	156	1
103	155	1
103	154	1
103	153	1
103	152	1
103	151	1
103	150	1
103	149	1
103	148	1
103	147	1
103	146	1
103	145	1
103	144	1
103	143	1
103	142	1
103	141	1
103	140	1
103	139	1
103	138	1
103	137	1
103	136	1
103	135	1
103	134	1
103	133	1
103	132	1
103	131	1
103	130	1
103	129	1
103	128	1
103	127	1
103	126	1
103	125	1
103	124	1
103	123	1
103	122	1
103	121	1
103	120	1
103	119	1
103	118	1
103	117	1
103	116	1
103	115	1
103	114	1
103	113	1
103	112	1
103	111	1
103	110	1
103	109	1
103	108	1
103	107	1
103	106	1
103	105	1
103	104	1
103	103	1
103	102	1
103	101	1
103	100	1
103	99	1
103	98	1
103	97	1
103	96	1
103	95	1
103	94	1
103	93	1
103	92	1
103	91	1
103	90	1
103	89	1
103	88	1
103	87	1
103	86	1
103	85	1
103	84	1
103	83	1
103	82	1
103	81	2
103	80	2
103	79	2
103	78	2
103	77	1
103	76	2
103	75	2
103	74	2
103	73	2
103	72	2
103	71	2
103	70	2
103	69	2
103	68	1
103	67	1
103	66	1
103	65	1
103	64	1
103	63	1
103	62	1
103	61	1
103	60	1
103	59	1
103	58	1
103	57	1
103	56	1
103	55	1
103	54	1
103	53	1
103	52	1
103	51	1
103	50	1
103	49	1
103	48	1
103	47	1
103	46	1
103	45	1
103	44	1
103	43	1
103	42	1
103	41	1
103	40	1
103	39	1
103	38	1
103	37	1
103	36	1
103	35	1
103	34	1
103	33	1
103	32	1
103	31	1
103	30	1
103	29	1
103	28	1
103	27	1
103	26	1
103	25	1
103	24	1
103	23	1
103	22	1
103	21	1
103	20	1
103	19	1
103	18	1
103	17	1
103	16	1
103	15	1
103	14	1
103	13	1
103	12	1
103	11	1
103	10	1
103	9	1
103	8	1
103	7	1
103	6	1
103	5	1
103	4	1
103	3	1
103	2	1
103	1	1
104	216	1
104	215	1
104	214	1
104	213	1
104	212	1
104	211	1
104	210	1
104	209	1
104	208	1
104	207	1
104	206	1
104	205	1
104	204	1
104	203	1
104	202	1
104	201	1
104	200	1
104	199	1
104	198	1
104	197	1
104	196	1
104	195	1
104	194	1
104	193	1
104	192	1
104	191	1
104	190	1
104	189	1
104	188	1
104	187	1
104	186	1
104	185	1
104	184	1
104	183	1
104	182	1
104	181	1
104	180	1
104	179	1
104	178	1
104	177	1
104	176	1
104	175	1
104	174	1
104	173	1
104	172	1
104	171	1
104	170	1
104	169	1
104	168	1
104	167	1
104	166	1
104	165	1
104	164	1
104	163	1
104	162	1
104	161	1
104	160	1
104	159	1
104	158	1
104	157	1
104	156	1
104	155	1
104	154	1
104	153	1
104	152	1
104	151	1
104	150	1
104	149	1
104	148	1
104	147	1
104	146	1
104	145	1
104	144	1
104	143	1
104	142	1
104	141	1
104	140	1
104	139	1
104	138	1
104	137	1
104	136	1
104	135	1
104	134	1
104	133	1
104	132	1
104	131	1
104	130	1
104	129	1
104	128	1
104	127	1
104	126	1
104	125	1
104	124	1
104	123	1
104	122	1
104	121	1
104	120	1
104	119	1
104	118	1
104	117	1
104	116	1
104	115	1
104	114	1
104	113	1
104	112	1
104	111	1
104	110	1
104	109	1
104	108	1
104	107	1
104	106	1
104	105	1
104	104	1
104	103	1
104	102	1
104	101	1
104	100	1
104	99	1
104	98	1
104	97	1
104	96	1
104	95	1
104	94	1
104	93	1
104	92	1
104	91	1
104	90	1
104	89	1
104	88	1
104	87	1
104	86	1
104	85	1
104	84	1
104	83	2
104	82	2
104	81	2
104	80	2
104	79	2
104	78	2
104	77	1
104	76	2
104	75	2
104	74	2
104	73	2
104	72	2
104	71	2
104	70	2
104	69	1
104	68	1
104	67	1
104	66	1
104	65	1
104	64	1
104	63	1
104	62	1
104	61	1
104	60	1
104	59	1
104	58	1
104	57	1
104	56	1
104	55	1
104	54	1
104	53	1
104	52	1
104	51	1
104	50	1
104	49	1
104	48	1
104	47	1
104	46	1
104	45	1
104	44	1
104	43	1
104	42	1
104	41	1
104	40	1
104	39	1
104	38	1
104	37	1
104	36	1
104	35	1
104	34	1
104	33	1
104	32	1
104	31	1
104	30	1
104	29	1
104	28	1
104	27	1
104	26	1
104	25	1
104	24	1
104	23	1
104	22	1
104	21	1
104	20	1
104	19	1
104	18	1
104	17	1
104	16	1
104	15	1
104	14	1
104	13	1
104	12	1
104	11	1
104	10	1
104	9	1
104	8	1
104	7	1
104	6	1
104	5	1
104	4	1
104	3	1
104	2	1
104	1	1
105	216	1
105	215	1
105	214	1
105	213	1
105	212	1
105	211	1
105	210	1
105	209	1
105	208	1
105	207	1
105	206	1
105	205	1
105	204	1
105	203	1
105	202	1
105	201	1
105	200	1
105	199	1
105	198	1
105	197	1
105	196	1
105	195	1
105	194	1
105	193	1
105	192	1
105	191	1
105	190	1
105	189	1
105	188	1
105	187	1
105	186	1
105	185	1
105	184	1
105	183	1
105	182	1
105	181	1
105	180	1
105	179	1
105	178	1
105	177	1
105	176	1
105	175	1
105	174	1
105	173	1
105	172	1
105	171	1
105	170	1
105	169	1
105	168	1
105	167	1
105	166	1
105	165	1
105	164	1
105	163	1
105	162	1
105	161	1
105	160	1
105	159	1
105	158	1
105	157	1
105	156	1
105	155	1
105	154	1
105	153	1
105	152	1
105	151	1
105	150	1
105	149	1
105	148	1
105	147	1
105	146	1
105	145	1
105	144	1
105	143	1
105	142	1
105	141	1
105	140	1
105	139	1
105	138	1
105	137	1
105	136	1
105	135	1
105	134	1
105	133	1
105	132	1
105	131	1
105	130	1
105	129	1
105	128	1
105	127	1
105	126	1
105	125	1
105	124	1
105	123	1
105	122	1
105	121	1
105	120	1
105	119	1
105	118	1
105	117	1
105	116	1
105	115	1
105	114	1
105	113	1
105	112	1
105	111	1
105	110	1
105	109	1
105	108	1
105	107	1
105	106	1
105	105	1
105	104	1
105	103	1
105	102	1
105	101	1
105	100	1
105	99	1
105	98	1
105	97	1
105	96	1
105	95	1
105	94	1
105	93	1
105	92	1
105	91	1
105	90	1
105	89	1
105	88	1
105	87	2
105	86	2
105	85	2
105	84	2
105	83	2
105	82	2
105	81	2
105	80	2
105	79	2
105	78	2
105	77	2
105	76	2
105	75	2
105	74	2
105	73	2
105	72	2
105	71	2
105	70	2
105	69	1
105	68	1
105	67	1
105	66	1
105	65	1
105	64	1
105	63	1
105	62	1
105	61	1
105	60	1
105	59	1
105	58	1
105	57	1
105	56	1
105	55	1
105	54	1
105	53	1
105	52	1
105	51	1
105	50	1
105	49	1
105	48	1
105	47	1
105	46	1
105	45	1
105	44	1
105	43	1
105	42	1
105	41	1
105	40	1
105	39	1
105	38	1
105	37	1
105	36	1
105	35	1
105	34	1
105	33	1
105	32	1
105	31	1
105	30	1
105	29	1
105	28	1
105	27	1
105	26	1
105	25	1
105	24	1
105	23	1
105	22	1
105	21	1
105	20	1
105	19	1
105	18	1
105	17	1
105	16	1
105	15	1
105	14	1
105	13	1
105	12	1
105	11	1
105	10	1
105	9	1
105	8	1
105	7	1
105	6	1
105	5	1
105	4	1
105	3	1
105	2	1
105	1	1
106	216	1
106	215	1
106	214	1
106	213	1
106	212	1
106	211	1
106	210	1
106	209	1
106	208	1
106	207	1
106	206	1
106	205	1
106	204	1
106	203	1
106	202	1
106	201	1
106	200	1
106	199	1
106	198	1
106	197	1
106	196	1
106	195	1
106	194	1
106	193	1
106	192	1
106	191	1
106	190	1
106	189	1
106	188	1
106	187	1
106	186	1
106	185	1
106	184	1
106	183	1
106	182	1
106	181	1
106	180	1
106	179	1
106	178	1
106	177	1
106	176	1
106	175	1
106	174	1
106	173	1
106	172	1
106	171	1
106	170	1
106	169	1
106	168	1
106	167	1
106	166	1
106	165	1
106	164	1
106	163	1
106	162	1
106	161	1
106	160	1
106	159	1
106	158	1
106	157	1
106	156	1
106	155	1
106	154	1
106	153	1
106	152	1
106	151	1
106	150	1
106	149	1
106	148	1
106	147	1
106	146	1
106	145	1
106	144	1
106	143	1
106	142	1
106	141	1
106	140	1
106	139	1
106	138	1
106	137	1
106	136	1
106	135	1
106	134	1
106	133	1
106	132	1
106	131	1
106	130	1
106	129	1
106	128	1
106	127	1
106	126	1
106	125	1
106	124	1
106	123	1
106	122	1
106	121	1
106	120	1
106	119	1
106	118	1
106	117	1
106	116	1
106	115	1
106	114	1
106	113	1
106	112	1
106	111	1
106	110	1
106	109	1
106	108	1
106	107	1
106	106	1
106	105	1
106	104	1
106	103	1
106	102	1
106	101	1
106	100	1
106	99	1
106	98	1
106	97	1
106	96	1
106	95	1
106	94	1
106	93	1
106	92	1
106	91	1
106	90	1
106	89	1
106	88	1
106	87	2
106	86	2
106	85	2
106	84	2
106	83	1
106	82	1
106	81	2
106	80	2
106	79	1
106	78	1
106	77	2
106	76	2
106	75	2
106	74	2
106	73	2
106	72	2
106	71	2
106	70	2
106	69	1
106	68	1
106	67	1
106	66	1
106	65	1
106	64	2
106	63	2
106	62	1
106	61	1
106	60	1
106	59	1
106	58	1
106	57	1
106	56	1
106	55	1
106	54	1
106	53	1
106	52	1
106	51	1
106	50	1
106	49	1
106	48	1
106	47	1
106	46	1
106	45	1
106	44	1
106	43	1
106	42	1
106	41	1
106	40	1
106	39	1
106	38	1
106	37	1
106	36	1
106	35	1
106	34	1
106	33	1
106	32	1
106	31	1
106	30	1
106	29	1
106	28	1
106	27	1
106	26	1
106	25	1
106	24	1
106	23	1
106	22	1
106	21	1
106	20	1
106	19	1
106	18	1
106	17	1
106	16	1
106	15	1
106	14	1
106	13	1
106	12	1
106	11	1
106	10	1
106	9	1
106	8	1
106	7	1
106	6	1
106	5	1
106	4	1
106	3	1
106	2	1
106	1	1
107	216	1
107	215	1
107	214	1
107	213	1
107	212	1
107	211	1
107	210	1
107	209	1
107	208	1
107	207	1
107	206	1
107	205	1
107	204	1
107	203	1
107	202	1
107	201	1
107	200	1
107	199	1
107	198	1
107	197	1
107	196	1
107	195	1
107	194	1
107	193	1
107	192	1
107	191	1
107	190	1
107	189	1
107	188	1
107	187	1
107	186	1
107	185	1
107	184	1
107	183	1
107	182	1
107	181	1
107	180	1
107	179	1
107	178	1
107	177	1
107	176	1
107	175	1
107	174	1
107	173	1
107	172	1
107	171	1
107	170	1
107	169	1
107	168	1
107	167	1
107	166	1
107	165	1
107	164	1
107	163	1
107	162	1
107	161	1
107	160	1
107	159	1
107	158	1
107	157	1
107	156	1
107	155	1
107	154	1
107	153	1
107	152	1
107	151	1
107	150	1
107	149	1
107	148	1
107	147	1
107	146	1
107	145	1
107	144	1
107	143	1
107	142	1
107	141	1
107	140	1
107	139	1
107	138	1
107	137	1
107	136	1
107	135	1
107	134	1
107	133	1
107	132	1
107	131	1
107	130	1
107	129	1
107	128	1
107	127	1
107	126	1
107	125	1
107	124	1
107	123	1
107	122	1
107	121	1
107	120	1
107	119	1
107	118	1
107	117	1
107	116	1
107	115	1
107	114	1
107	113	1
107	112	1
107	111	1
107	110	1
107	109	1
107	108	1
107	107	1
107	106	1
107	105	1
107	104	1
107	103	1
107	102	1
107	101	1
107	100	1
107	99	1
107	98	1
107	97	1
107	96	1
107	95	1
107	94	1
107	93	1
107	92	1
107	91	1
107	90	1
107	89	1
107	88	1
107	87	1
107	86	2
107	85	2
107	84	2
107	83	2
107	82	1
107	81	2
107	80	2
107	79	1
107	78	2
107	77	2
107	76	2
107	75	2
107	74	2
107	73	2
107	72	2
107	71	2
107	70	1
107	69	1
107	68	1
107	67	1
107	66	1
107	65	1
107	64	1
107	63	1
107	62	1
107	61	1
107	60	1
107	59	1
107	58	1
107	57	1
107	56	1
107	55	1
107	54	1
107	53	1
107	52	1
107	51	1
107	50	1
107	49	1
107	48	1
107	47	1
107	46	1
107	45	1
107	44	1
107	43	1
107	42	1
107	41	1
107	40	1
107	39	1
107	38	1
107	37	1
107	36	1
107	35	1
107	34	1
107	33	1
107	32	1
107	31	1
107	30	1
107	29	1
107	28	1
107	27	1
107	26	1
107	25	1
107	24	1
107	23	1
107	22	1
107	21	1
107	20	1
107	19	1
107	18	1
107	17	1
107	16	1
107	15	1
107	14	1
107	13	1
107	12	1
107	11	1
107	10	1
107	9	1
107	8	1
107	7	1
107	6	1
107	5	1
107	4	1
107	3	1
107	2	1
107	1	1
108	216	1
108	215	1
108	214	1
108	213	1
108	212	1
108	211	1
108	210	1
108	209	1
108	208	1
108	207	1
108	206	1
108	205	1
108	204	1
108	203	1
108	202	1
108	201	1
108	200	1
108	199	1
108	198	1
108	197	1
108	196	1
108	195	1
108	194	1
108	193	1
108	192	1
108	191	1
108	190	1
108	189	1
108	188	1
108	187	1
108	186	1
108	185	1
108	184	1
108	183	1
108	182	1
108	181	1
108	180	1
108	179	1
108	178	1
108	177	1
108	176	1
108	175	1
108	174	1
108	173	1
108	172	1
108	171	1
108	170	1
108	169	1
108	168	1
108	167	1
108	166	1
108	165	1
108	164	1
108	163	1
108	162	1
108	161	1
108	160	1
108	159	1
108	158	1
108	157	1
108	156	1
108	155	1
108	154	1
108	153	1
108	152	1
108	151	1
108	150	1
108	149	1
108	148	1
108	147	1
108	146	1
108	145	1
108	144	1
108	143	1
108	142	1
108	141	1
108	140	1
108	139	1
108	138	1
108	137	1
108	136	1
108	135	1
108	134	1
108	133	1
108	132	1
108	131	1
108	130	1
108	129	1
108	128	1
108	127	1
108	126	1
108	125	1
108	124	1
108	123	1
108	122	1
108	121	1
108	120	1
108	119	1
108	118	1
108	117	1
108	116	1
108	115	1
108	114	1
108	113	1
108	112	1
108	111	1
108	110	1
108	109	1
108	108	1
108	107	1
108	106	1
108	105	1
108	104	1
108	103	1
108	102	1
108	101	1
108	100	1
108	99	1
108	98	1
108	97	1
108	96	1
108	95	1
108	94	1
108	93	1
108	92	1
108	91	2
108	90	1
108	89	1
108	88	1
108	87	1
108	86	1
108	85	2
108	84	2
108	83	2
108	82	2
108	81	2
108	80	2
108	79	2
108	78	2
108	77	2
108	76	2
108	75	2
108	74	2
108	73	2
108	72	1
108	71	1
108	70	1
108	69	1
108	68	1
108	67	1
108	66	1
108	65	1
108	64	1
108	63	1
108	62	1
108	61	1
108	60	1
108	59	1
108	58	1
108	57	1
108	56	1
108	55	1
108	54	1
108	53	1
108	52	1
108	51	1
108	50	1
108	49	1
108	48	1
108	47	1
108	46	1
108	45	1
108	44	1
108	43	1
108	42	1
108	41	1
108	40	1
108	39	1
108	38	1
108	37	1
108	36	1
108	35	1
108	34	1
108	33	1
108	32	1
108	31	1
108	30	1
108	29	1
108	28	1
108	27	1
108	26	1
108	25	1
108	24	1
108	23	1
108	22	1
108	21	1
108	20	1
108	19	1
108	18	1
108	17	1
108	16	1
108	15	1
108	14	1
108	13	1
108	12	1
108	11	1
108	10	1
108	9	1
108	8	1
108	7	1
108	6	1
108	5	1
108	4	1
108	3	1
108	2	1
108	1	1
109	216	1
109	215	1
109	214	1
109	213	1
109	212	1
109	211	1
109	210	1
109	209	1
109	208	1
109	207	1
109	206	1
109	205	1
109	204	1
109	203	1
109	202	1
109	201	1
109	200	1
109	199	1
109	198	1
109	197	1
109	196	1
109	195	1
109	194	1
109	193	1
109	192	1
109	191	1
109	190	1
109	189	1
109	188	1
109	187	1
109	186	1
109	185	1
109	184	1
109	183	1
109	182	1
109	181	1
109	180	1
109	179	1
109	178	1
109	177	1
109	176	1
109	175	1
109	174	1
109	173	1
109	172	1
109	171	1
109	170	1
109	169	1
109	168	1
109	167	1
109	166	1
109	165	1
109	164	1
109	163	1
109	162	1
109	161	1
109	160	1
109	159	1
109	158	1
109	157	1
109	156	1
109	155	1
109	154	1
109	153	1
109	152	1
109	151	1
109	150	1
109	149	1
109	148	1
109	147	1
109	146	1
109	145	1
109	144	1
109	143	1
109	142	1
109	141	1
109	140	1
109	139	1
109	138	1
109	137	1
109	136	1
109	135	1
109	134	1
109	133	1
109	132	1
109	131	1
109	130	1
109	129	1
109	128	1
109	127	1
109	126	1
109	125	1
109	124	1
109	123	1
109	122	1
109	121	1
109	120	1
109	119	1
109	118	1
109	117	1
109	116	1
109	115	1
109	114	1
109	113	1
109	112	1
109	111	1
109	110	1
109	109	1
109	108	1
109	107	1
109	106	1
109	105	1
109	104	1
109	103	1
109	102	1
109	101	1
109	100	1
109	99	1
109	98	1
109	97	1
109	96	1
109	95	1
109	94	1
109	93	1
109	92	1
109	91	1
109	90	2
109	89	1
109	88	1
109	87	1
109	86	2
109	85	2
109	84	2
109	83	2
109	82	2
109	81	2
109	80	1
109	79	1
109	78	2
109	77	2
109	76	2
109	75	2
109	74	2
109	73	2
109	72	1
109	71	1
109	70	1
109	69	1
109	68	1
109	67	1
109	66	1
109	65	1
109	64	1
109	63	1
109	62	1
109	61	1
109	60	1
109	59	1
109	58	1
109	57	1
109	56	1
109	55	1
109	54	1
109	53	1
109	52	1
109	51	1
109	50	1
109	49	1
109	48	1
109	47	1
109	46	1
109	45	1
109	44	1
109	43	1
109	42	1
109	41	1
109	40	1
109	39	1
109	38	1
109	37	1
109	36	1
109	35	1
109	34	1
109	33	1
109	32	1
109	31	1
109	30	1
109	29	1
109	28	1
109	27	1
109	26	1
109	25	1
109	24	1
109	23	1
109	22	1
109	21	1
109	20	1
109	19	1
109	18	1
109	17	1
109	16	1
109	15	1
109	14	1
109	13	1
109	12	1
109	11	1
109	10	1
109	9	1
109	8	1
109	7	1
109	6	1
109	5	1
109	4	1
109	3	1
109	2	1
109	1	1
110	216	1
110	215	1
110	214	1
110	213	1
110	212	1
110	211	1
110	210	1
110	209	1
110	208	1
110	207	1
110	206	1
110	205	1
110	204	1
110	203	1
110	202	1
110	201	1
110	200	1
110	199	1
110	198	1
110	197	1
110	196	1
110	195	1
110	194	1
110	193	1
110	192	1
110	191	1
110	190	1
110	189	1
110	188	1
110	187	1
110	186	1
110	185	1
110	184	1
110	183	1
110	182	1
110	181	1
110	180	1
110	179	1
110	178	1
110	177	1
110	176	1
110	175	1
110	174	1
110	173	1
110	172	1
110	171	1
110	170	1
110	169	1
110	168	1
110	167	1
110	166	1
110	165	1
110	164	1
110	163	1
110	162	1
110	161	1
110	160	1
110	159	1
110	158	1
110	157	1
110	156	1
110	155	1
110	154	1
110	153	1
110	152	1
110	151	1
110	150	1
110	149	1
110	148	1
110	147	1
110	146	1
110	145	1
110	144	1
110	143	1
110	142	1
110	141	1
110	140	1
110	139	1
110	138	1
110	137	1
110	136	1
110	135	1
110	134	1
110	133	1
110	132	1
110	131	1
110	130	1
110	129	1
110	128	1
110	127	1
110	126	1
110	125	1
110	124	1
110	123	1
110	122	1
110	121	1
110	120	1
110	119	1
110	118	1
110	117	1
110	116	1
110	115	1
110	114	1
110	113	1
110	112	1
110	111	1
110	110	1
110	109	1
110	108	1
110	107	1
110	106	1
110	105	1
110	104	1
110	103	1
110	102	1
110	101	1
110	100	1
110	99	1
110	98	1
110	97	1
110	96	1
110	95	1
110	94	1
110	93	1
110	92	1
110	91	1
110	90	2
110	89	1
110	88	1
110	87	2
110	86	2
110	85	2
110	84	2
110	83	2
110	82	2
110	81	2
110	80	1
110	79	1
110	78	2
110	77	2
110	76	2
110	75	2
110	74	2
110	73	2
110	72	1
110	71	1
110	70	1
110	69	1
110	68	1
110	67	1
110	66	1
110	65	1
110	64	1
110	63	1
110	62	1
110	61	1
110	60	1
110	59	1
110	58	1
110	57	1
110	56	1
110	55	1
110	54	1
110	53	1
110	52	1
110	51	1
110	50	1
110	49	1
110	48	1
110	47	1
110	46	1
110	45	1
110	44	1
110	43	1
110	42	1
110	41	1
110	40	1
110	39	1
110	38	1
110	37	1
110	36	1
110	35	1
110	34	1
110	33	1
110	32	1
110	31	1
110	30	1
110	29	1
110	28	1
110	27	1
110	26	1
110	25	1
110	24	1
110	23	1
110	22	1
110	21	1
110	20	1
110	19	1
110	18	1
110	17	1
110	16	1
110	15	1
110	14	1
110	13	1
110	12	1
110	11	1
110	10	1
110	9	1
110	8	1
110	7	1
110	6	1
110	5	1
110	4	1
110	3	1
110	2	1
110	1	1
111	216	1
111	215	1
111	214	1
111	213	1
111	212	1
111	211	1
111	210	1
111	209	1
111	208	1
111	207	1
111	206	1
111	205	1
111	204	1
111	203	1
111	202	1
111	201	1
111	200	1
111	199	1
111	198	1
111	197	1
111	196	1
111	195	1
111	194	1
111	193	1
111	192	1
111	191	1
111	190	1
111	189	1
111	188	1
111	187	1
111	186	1
111	185	1
111	184	1
111	183	1
111	182	1
111	181	1
111	180	1
111	179	1
111	178	1
111	177	1
111	176	1
111	175	1
111	174	1
111	173	1
111	172	1
111	171	1
111	170	1
111	169	1
111	168	1
111	167	1
111	166	1
111	165	1
111	164	1
111	163	1
111	162	1
111	161	1
111	160	1
111	159	1
111	158	1
111	157	1
111	156	1
111	155	1
111	154	1
111	153	1
111	152	1
111	151	1
111	150	1
111	149	1
111	148	1
111	147	1
111	146	1
111	145	1
111	144	1
111	143	1
111	142	1
111	141	1
111	140	1
111	139	1
111	138	1
111	137	1
111	136	1
111	135	1
111	134	1
111	133	1
111	132	1
111	131	1
111	130	1
111	129	1
111	128	1
111	127	1
111	126	1
111	125	1
111	124	1
111	123	1
111	122	1
111	121	1
111	120	1
111	119	1
111	118	1
111	117	1
111	116	1
111	115	1
111	114	1
111	113	1
111	112	1
111	111	1
111	110	1
111	109	1
111	108	1
111	107	1
111	106	1
111	105	1
111	104	1
111	103	1
111	102	1
111	101	1
111	100	1
111	99	1
111	98	1
111	97	1
111	96	1
111	95	1
111	94	1
111	93	1
111	92	1
111	91	1
111	90	1
111	89	1
111	88	2
111	87	2
111	86	2
111	85	2
111	84	2
111	83	2
111	82	2
111	81	2
111	80	1
111	79	2
111	78	2
111	77	2
111	76	2
111	75	2
111	74	2
111	73	1
111	72	1
111	71	1
111	70	1
111	69	1
111	68	1
111	67	1
111	66	1
111	65	1
111	64	1
111	63	1
111	62	1
111	61	1
111	60	1
111	59	1
111	58	1
111	57	1
111	56	1
111	55	1
111	54	1
111	53	1
111	52	1
111	51	1
111	50	1
111	49	1
111	48	1
111	47	1
111	46	1
111	45	1
111	44	1
111	43	1
111	42	1
111	41	1
111	40	1
111	39	1
111	38	1
111	37	1
111	36	1
111	35	1
111	34	1
111	33	1
111	32	1
111	31	1
111	30	1
111	29	1
111	28	1
111	27	1
111	26	1
111	25	1
111	24	1
111	23	1
111	22	1
111	21	1
111	20	1
111	19	1
111	18	1
111	17	1
111	16	1
111	15	1
111	14	1
111	13	1
111	12	1
111	11	1
111	10	1
111	9	1
111	8	1
111	7	1
111	6	1
111	5	1
111	4	1
111	3	1
111	2	1
111	1	1
112	216	1
112	215	1
112	214	1
112	213	1
112	212	1
112	211	1
112	210	1
112	209	1
112	208	1
112	207	1
112	206	1
112	205	1
112	204	1
112	203	1
112	202	1
112	201	1
112	200	1
112	199	1
112	198	1
112	197	1
112	196	1
112	195	1
112	194	1
112	193	1
112	192	1
112	191	1
112	190	1
112	189	1
112	188	1
112	187	1
112	186	1
112	185	1
112	184	1
112	183	1
112	182	1
112	181	1
112	180	1
112	179	1
112	178	1
112	177	1
112	176	1
112	175	1
112	174	1
112	173	1
112	172	1
112	171	1
112	170	1
112	169	1
112	168	1
112	167	1
112	166	1
112	165	1
112	164	1
112	163	1
112	162	1
112	161	1
112	160	1
112	159	1
112	158	1
112	157	1
112	156	1
112	155	1
112	154	1
112	153	1
112	152	1
112	151	1
112	150	2
112	149	1
112	148	1
112	147	1
112	146	1
112	145	1
112	144	1
112	143	1
112	142	1
112	141	1
112	140	1
112	139	1
112	138	1
112	137	1
112	136	1
112	135	1
112	134	1
112	133	1
112	132	1
112	131	1
112	130	1
112	129	1
112	128	1
112	127	1
112	126	1
112	125	1
112	124	1
112	123	1
112	122	1
112	121	1
112	120	1
112	119	1
112	118	1
112	117	1
112	116	1
112	115	1
112	114	1
112	113	1
112	112	1
112	111	1
112	110	1
112	109	1
112	108	1
112	107	1
112	106	1
112	105	1
112	104	1
112	103	1
112	102	1
112	101	1
112	100	1
112	99	1
112	98	1
112	97	1
112	96	1
112	95	1
112	94	1
112	93	1
112	92	1
112	91	1
112	90	1
112	89	1
112	88	2
112	87	2
112	86	2
112	85	2
112	84	2
112	83	2
112	82	2
112	81	1
112	80	1
112	79	2
112	78	2
112	77	2
112	76	2
112	75	2
112	74	1
112	73	1
112	72	1
112	71	1
112	70	1
112	69	1
112	68	1
112	67	1
112	66	1
112	65	1
112	64	1
112	63	1
112	62	1
112	61	1
112	60	1
112	59	2
112	58	1
112	57	1
112	56	1
112	55	1
112	54	1
112	53	1
112	52	1
112	51	1
112	50	1
112	49	1
112	48	1
112	47	1
112	46	1
112	45	1
112	44	1
112	43	1
112	42	1
112	41	1
112	40	1
112	39	1
112	38	1
112	37	1
112	36	1
112	35	1
112	34	1
112	33	1
112	32	1
112	31	1
112	30	1
112	29	1
112	28	1
112	27	1
112	26	1
112	25	1
112	24	1
112	23	1
112	22	1
112	21	1
112	20	1
112	19	1
112	18	1
112	17	1
112	16	1
112	15	1
112	14	1
112	13	1
112	12	1
112	11	1
112	10	1
112	9	1
112	8	1
112	7	1
112	6	1
112	5	1
112	4	1
112	3	1
112	2	1
112	1	1
113	216	1
113	215	1
113	214	1
113	213	1
113	212	1
113	211	1
113	210	1
113	209	1
113	208	1
113	207	1
113	206	1
113	205	1
113	204	1
113	203	1
113	202	1
113	201	1
113	200	1
113	199	1
113	198	1
113	197	1
113	196	1
113	195	1
113	194	1
113	193	1
113	192	1
113	191	1
113	190	1
113	189	1
113	188	1
113	187	1
113	186	1
113	185	1
113	184	1
113	183	1
113	182	1
113	181	1
113	180	1
113	179	1
113	178	1
113	177	1
113	176	1
113	175	1
113	174	1
113	173	1
113	172	1
113	171	1
113	170	1
113	169	1
113	168	1
113	167	1
113	166	1
113	165	1
113	164	1
113	163	1
113	162	1
113	161	1
113	160	1
113	159	1
113	158	1
113	157	1
113	156	1
113	155	1
113	154	1
113	153	1
113	152	1
113	151	1
113	150	2
113	149	1
113	148	1
113	147	1
113	146	1
113	145	1
113	144	1
113	143	1
113	142	1
113	141	1
113	140	1
113	139	1
113	138	1
113	137	1
113	136	1
113	135	1
113	134	1
113	133	1
113	132	1
113	131	1
113	130	1
113	129	1
113	128	1
113	127	1
113	126	1
113	125	1
113	124	1
113	123	1
113	122	1
113	121	1
113	120	1
113	119	1
113	118	1
113	117	1
113	116	1
113	115	1
113	114	1
113	113	1
113	112	1
113	111	1
113	110	1
113	109	1
113	108	1
113	107	1
113	106	1
113	105	1
113	104	1
113	103	1
113	102	1
113	101	1
113	100	1
113	99	1
113	98	1
113	97	1
113	96	1
113	95	1
113	94	1
113	93	1
113	92	1
113	91	1
113	90	1
113	89	1
113	88	2
113	87	2
113	86	2
113	85	2
113	84	2
113	83	2
113	82	2
113	81	1
113	80	1
113	79	2
113	78	2
113	77	2
113	76	2
113	75	2
113	74	1
113	73	1
113	72	1
113	71	1
113	70	1
113	69	1
113	68	1
113	67	1
113	66	1
113	65	1
113	64	1
113	63	1
113	62	1
113	61	1
113	60	1
113	59	1
113	58	1
113	57	1
113	56	1
113	55	1
113	54	1
113	53	1
113	52	1
113	51	1
113	50	1
113	49	1
113	48	1
113	47	1
113	46	1
113	45	1
113	44	1
113	43	1
113	42	1
113	41	1
113	40	1
113	39	1
113	38	1
113	37	1
113	36	1
113	35	1
113	34	1
113	33	1
113	32	1
113	31	1
113	30	1
113	29	1
113	28	1
113	27	1
113	26	1
113	25	1
113	24	1
113	23	1
113	22	1
113	21	1
113	20	1
113	19	1
113	18	1
113	17	1
113	16	1
113	15	1
113	14	1
113	13	1
113	12	1
113	11	1
113	10	1
113	9	1
113	8	1
113	7	1
113	6	1
113	5	1
113	4	1
113	3	1
113	2	1
113	1	1
114	216	1
114	215	1
114	214	1
114	213	1
114	212	1
114	211	1
114	210	1
114	209	1
114	208	1
114	207	1
114	206	1
114	205	1
114	204	1
114	203	1
114	202	1
114	201	1
114	200	1
114	199	1
114	198	1
114	197	1
114	196	1
114	195	1
114	194	1
114	193	1
114	192	1
114	191	1
114	190	1
114	189	1
114	188	1
114	187	1
114	186	1
114	185	1
114	184	1
114	183	1
114	182	1
114	181	1
114	180	1
114	179	1
114	178	1
114	177	1
114	176	1
114	175	1
114	174	1
114	173	1
114	172	1
114	171	1
114	170	1
114	169	1
114	168	1
114	167	1
114	166	1
114	165	1
114	164	1
114	163	1
114	162	1
114	161	1
114	160	1
114	159	1
114	158	1
114	157	1
114	156	1
114	155	1
114	154	1
114	153	1
114	152	1
114	151	1
114	150	1
114	149	1
114	148	1
114	147	1
114	146	1
114	145	1
114	144	1
114	143	1
114	142	1
114	141	1
114	140	1
114	139	1
114	138	1
114	137	1
114	136	1
114	135	1
114	134	1
114	133	1
114	132	1
114	131	1
114	130	1
114	129	1
114	128	1
114	127	1
114	126	1
114	125	1
114	124	1
114	123	1
114	122	1
114	121	1
114	120	1
114	119	1
114	118	1
114	117	1
114	116	1
114	115	1
114	114	1
114	113	1
114	112	1
114	111	1
114	110	1
114	109	1
114	108	1
114	107	1
114	106	1
114	105	1
114	104	1
114	103	1
114	102	1
114	101	1
114	100	1
114	99	1
114	98	1
114	97	1
114	96	1
114	95	1
114	94	1
114	93	1
114	92	1
114	91	1
114	90	1
114	89	2
114	88	2
114	87	2
114	86	2
114	85	2
114	84	1
114	83	2
114	82	2
114	81	1
114	80	1
114	79	2
114	78	2
114	77	2
114	76	2
114	75	2
114	74	2
114	73	1
114	72	1
114	71	1
114	70	1
114	69	1
114	68	1
114	67	1
114	66	1
114	65	1
114	64	1
114	63	1
114	62	1
114	61	1
114	60	1
114	59	1
114	58	1
114	57	1
114	56	1
114	55	1
114	54	1
114	53	1
114	52	1
114	51	1
114	50	1
114	49	1
114	48	1
114	47	1
114	46	1
114	45	1
114	44	1
114	43	1
114	42	1
114	41	1
114	40	1
114	39	1
114	38	1
114	37	1
114	36	1
114	35	1
114	34	1
114	33	1
114	32	1
114	31	1
114	30	1
114	29	1
114	28	1
114	27	1
114	26	1
114	25	1
114	24	1
114	23	1
114	22	1
114	21	1
114	20	1
114	19	1
114	18	1
114	17	1
114	16	1
114	15	1
114	14	1
114	13	1
114	12	1
114	11	1
114	10	1
114	9	1
114	8	1
114	7	1
114	6	1
114	5	1
114	4	1
114	3	1
114	2	1
114	1	1
115	216	1
115	215	1
115	214	1
115	213	1
115	212	1
115	211	1
115	210	1
115	209	1
115	208	1
115	207	1
115	206	1
115	205	1
115	204	1
115	203	1
115	202	1
115	201	1
115	200	1
115	199	1
115	198	1
115	197	1
115	196	1
115	195	1
115	194	1
115	193	1
115	192	1
115	191	1
115	190	1
115	189	1
115	188	1
115	187	1
115	186	1
115	185	1
115	184	1
115	183	1
115	182	1
115	181	1
115	180	1
115	179	1
115	178	1
115	177	1
115	176	1
115	175	1
115	174	1
115	173	1
115	172	1
115	171	1
115	170	1
115	169	1
115	168	1
115	167	1
115	166	1
115	165	1
115	164	1
115	163	1
115	162	1
115	161	1
115	160	1
115	159	1
115	158	1
115	157	1
115	156	1
115	155	1
115	154	1
115	153	1
115	152	1
115	151	1
115	150	1
115	149	1
115	148	1
115	147	1
115	146	1
115	145	1
115	144	1
115	143	1
115	142	1
115	141	1
115	140	1
115	139	1
115	138	1
115	137	1
115	136	1
115	135	1
115	134	1
115	133	1
115	132	1
115	131	1
115	130	1
115	129	1
115	128	1
115	127	1
115	126	1
115	125	1
115	124	1
115	123	1
115	122	1
115	121	1
115	120	1
115	119	1
115	118	1
115	117	1
115	116	1
115	115	1
115	114	1
115	113	1
115	112	1
115	111	1
115	110	1
115	109	1
115	108	1
115	107	1
115	106	1
115	105	1
115	104	1
115	103	1
115	102	1
115	101	1
115	100	1
115	99	1
115	98	1
115	97	1
115	96	1
115	95	2
115	94	1
115	93	1
115	92	1
115	91	1
115	90	1
115	89	2
115	88	2
115	87	2
115	86	2
115	85	1
115	84	1
115	83	2
115	82	1
115	81	1
115	80	2
115	79	2
115	78	2
115	77	2
115	76	1
115	75	2
115	74	1
115	73	1
115	72	1
115	71	1
115	70	1
115	69	1
115	68	1
115	67	1
115	66	1
115	65	1
115	64	1
115	63	1
115	62	1
115	61	1
115	60	1
115	59	1
115	58	1
115	57	1
115	56	1
115	55	1
115	54	1
115	53	1
115	52	1
115	51	1
115	50	1
115	49	1
115	48	1
115	47	1
115	46	1
115	45	1
115	44	1
115	43	1
115	42	1
115	41	1
115	40	1
115	39	1
115	38	1
115	37	1
115	36	1
115	35	1
115	34	1
115	33	1
115	32	1
115	31	1
115	30	1
115	29	1
115	28	1
115	27	1
115	26	1
115	25	1
115	24	1
115	23	1
115	22	1
115	21	1
115	20	1
115	19	1
115	18	1
115	17	1
115	16	1
115	15	1
115	14	1
115	13	1
115	12	1
115	11	1
115	10	1
115	9	1
115	8	1
115	7	1
115	6	1
115	5	1
115	4	1
115	3	1
115	2	1
115	1	1
116	216	1
116	215	1
116	214	1
116	213	1
116	212	1
116	211	1
116	210	1
116	209	1
116	208	1
116	207	1
116	206	1
116	205	1
116	204	1
116	203	1
116	202	1
116	201	1
116	200	1
116	199	1
116	198	1
116	197	1
116	196	1
116	195	1
116	194	1
116	193	1
116	192	1
116	191	1
116	190	1
116	189	1
116	188	1
116	187	1
116	186	1
116	185	1
116	184	1
116	183	1
116	182	1
116	181	1
116	180	1
116	179	1
116	178	1
116	177	1
116	176	1
116	175	1
116	174	1
116	173	1
116	172	1
116	171	1
116	170	1
116	169	1
116	168	1
116	167	1
116	166	1
116	165	1
116	164	1
116	163	1
116	162	1
116	161	1
116	160	1
116	159	1
116	158	1
116	157	1
116	156	1
116	155	1
116	154	1
116	153	1
116	152	1
116	151	1
116	150	1
116	149	1
116	148	1
116	147	1
116	146	1
116	145	1
116	144	1
116	143	1
116	142	1
116	141	1
116	140	1
116	139	1
116	138	1
116	137	1
116	136	1
116	135	1
116	134	1
116	133	1
116	132	1
116	131	1
116	130	1
116	129	1
116	128	1
116	127	1
116	126	1
116	125	1
116	124	1
116	123	1
116	122	1
116	121	1
116	120	1
116	119	1
116	118	1
116	117	1
116	116	1
116	115	1
116	114	1
116	113	1
116	112	1
116	111	1
116	110	1
116	109	1
116	108	1
116	107	1
116	106	1
116	105	1
116	104	1
116	103	1
116	102	1
116	101	1
116	100	1
116	99	1
116	98	1
116	97	1
116	96	1
116	95	1
116	94	2
116	93	2
116	92	1
116	91	1
116	90	1
116	89	2
116	88	2
116	87	2
116	86	1
116	85	1
116	84	2
116	83	2
116	82	1
116	81	1
116	80	2
116	79	2
116	78	2
116	77	2
116	76	1
116	75	1
116	74	1
116	73	1
116	72	1
116	71	1
116	70	1
116	69	1
116	68	1
116	67	1
116	66	1
116	65	1
116	64	1
116	63	1
116	62	1
116	61	1
116	60	1
116	59	1
116	58	1
116	57	1
116	56	1
116	55	1
116	54	1
116	53	1
116	52	1
116	51	1
116	50	1
116	49	1
116	48	1
116	47	1
116	46	1
116	45	1
116	44	1
116	43	1
116	42	1
116	41	1
116	40	1
116	39	1
116	38	1
116	37	1
116	36	1
116	35	1
116	34	1
116	33	1
116	32	1
116	31	1
116	30	1
116	29	1
116	28	1
116	27	1
116	26	1
116	25	1
116	24	1
116	23	1
116	22	1
116	21	1
116	20	1
116	19	1
116	18	1
116	17	1
116	16	1
116	15	1
116	14	1
116	13	1
116	12	1
116	11	1
116	10	1
116	9	1
116	8	1
116	7	1
116	6	1
116	5	1
116	4	1
116	3	1
116	2	1
116	1	1
117	216	1
117	215	1
117	214	1
117	213	1
117	212	1
117	211	1
117	210	1
117	209	1
117	208	1
117	207	1
117	206	1
117	205	1
117	204	1
117	203	1
117	202	1
117	201	1
117	200	1
117	199	1
117	198	1
117	197	1
117	196	1
117	195	1
117	194	1
117	193	1
117	192	1
117	191	1
117	190	1
117	189	1
117	188	1
117	187	1
117	186	1
117	185	1
117	184	1
117	183	1
117	182	1
117	181	1
117	180	1
117	179	1
117	178	1
117	177	1
117	176	1
117	175	1
117	174	1
117	173	1
117	172	1
117	171	1
117	170	1
117	169	1
117	168	1
117	167	1
117	166	1
117	165	1
117	164	1
117	163	1
117	162	1
117	161	1
117	160	1
117	159	1
117	158	1
117	157	1
117	156	1
117	155	1
117	154	1
117	153	1
117	152	1
117	151	1
117	150	1
117	149	1
117	148	1
117	147	1
117	146	1
117	145	1
117	144	1
117	143	1
117	142	1
117	141	1
117	140	1
117	139	1
117	138	1
117	137	1
117	136	1
117	135	1
117	134	1
117	133	1
117	132	1
117	131	1
117	130	1
117	129	1
117	128	1
117	127	1
117	126	1
117	125	1
117	124	1
117	123	1
117	122	1
117	121	1
117	120	1
117	119	1
117	118	1
117	117	1
117	116	1
117	115	1
117	114	1
117	113	1
117	112	1
117	111	1
117	110	1
117	109	1
117	108	1
117	107	1
117	106	1
117	105	1
117	104	1
117	103	1
117	102	1
117	101	1
117	100	1
117	99	1
117	98	1
117	97	1
117	96	1
117	95	1
117	94	1
117	93	1
117	92	1
117	91	2
117	90	2
117	89	2
117	88	2
117	87	2
117	86	2
117	85	2
117	84	2
117	83	1
117	82	1
117	81	1
117	80	2
117	79	2
117	78	2
117	77	1
117	76	1
117	75	1
117	74	1
117	73	1
117	72	1
117	71	1
117	70	1
117	69	1
117	68	1
117	67	1
117	66	1
117	65	1
117	64	1
117	63	1
117	62	1
117	61	1
117	60	1
117	59	1
117	58	1
117	57	1
117	56	1
117	55	1
117	54	1
117	53	1
117	52	1
117	51	1
117	50	1
117	49	1
117	48	1
117	47	1
117	46	1
117	45	1
117	44	1
117	43	1
117	42	1
117	41	1
117	40	1
117	39	1
117	38	1
117	37	1
117	36	1
117	35	1
117	34	1
117	33	1
117	32	1
117	31	1
117	30	1
117	29	1
117	28	1
117	27	1
117	26	1
117	25	1
117	24	1
117	23	1
117	22	1
117	21	1
117	20	1
117	19	1
117	18	1
117	17	1
117	16	1
117	15	1
117	14	1
117	13	1
117	12	1
117	11	1
117	10	1
117	9	1
117	8	1
117	7	1
117	6	1
117	5	1
117	4	1
117	3	1
117	2	1
117	1	1
118	216	1
118	215	1
118	214	1
118	213	1
118	212	1
118	211	1
118	210	1
118	209	1
118	208	1
118	207	1
118	206	1
118	205	1
118	204	1
118	203	1
118	202	1
118	201	1
118	200	1
118	199	1
118	198	1
118	197	1
118	196	1
118	195	1
118	194	1
118	193	1
118	192	1
118	191	1
118	190	1
118	189	1
118	188	1
118	187	1
118	186	1
118	185	1
118	184	1
118	183	1
118	182	1
118	181	1
118	180	1
118	179	1
118	178	1
118	177	1
118	176	1
118	175	1
118	174	1
118	173	1
118	172	1
118	171	1
118	170	1
118	169	1
118	168	1
118	167	1
118	166	1
118	165	1
118	164	1
118	163	1
118	162	1
118	161	1
118	160	1
118	159	1
118	158	1
118	157	1
118	156	1
118	155	1
118	154	1
118	153	1
118	152	1
118	151	1
118	150	1
118	149	1
118	148	1
118	147	1
118	146	1
118	145	1
118	144	1
118	143	1
118	142	1
118	141	1
118	140	1
118	139	1
118	138	1
118	137	1
118	136	1
118	135	1
118	134	1
118	133	1
118	132	1
118	131	1
118	130	1
118	129	1
118	128	1
118	127	1
118	126	1
118	125	1
118	124	1
118	123	1
118	122	1
118	121	1
118	120	1
118	119	1
118	118	1
118	117	1
118	116	1
118	115	1
118	114	1
118	113	1
118	112	1
118	111	1
118	110	1
118	109	1
118	108	1
118	107	1
118	106	1
118	105	1
118	104	1
118	103	1
118	102	1
118	101	1
118	100	1
118	99	1
118	98	1
118	97	1
118	96	1
118	95	1
118	94	1
118	93	1
118	92	1
118	91	2
118	90	2
118	89	2
118	88	2
118	87	2
118	86	2
118	85	2
118	84	2
118	83	1
118	82	1
118	81	2
118	80	2
118	79	2
118	78	2
118	77	1
118	76	1
118	75	1
118	74	1
118	73	1
118	72	1
118	71	1
118	70	1
118	69	1
118	68	1
118	67	1
118	66	1
118	65	1
118	64	1
118	63	1
118	62	1
118	61	1
118	60	1
118	59	1
118	58	1
118	57	1
118	56	1
118	55	1
118	54	1
118	53	1
118	52	1
118	51	1
118	50	1
118	49	1
118	48	1
118	47	1
118	46	1
118	45	1
118	44	1
118	43	1
118	42	1
118	41	1
118	40	1
118	39	1
118	38	1
118	37	1
118	36	1
118	35	1
118	34	1
118	33	1
118	32	1
118	31	1
118	30	1
118	29	1
118	28	1
118	27	1
118	26	1
118	25	1
118	24	1
118	23	1
118	22	1
118	21	1
118	20	1
118	19	1
118	18	1
118	17	1
118	16	1
118	15	1
118	14	1
118	13	1
118	12	1
118	11	1
118	10	1
118	9	1
118	8	1
118	7	1
118	6	1
118	5	1
118	4	1
118	3	1
118	2	1
118	1	1
119	216	1
119	215	1
119	214	1
119	213	1
119	212	1
119	211	1
119	210	1
119	209	1
119	208	1
119	207	1
119	206	1
119	205	1
119	204	1
119	203	1
119	202	1
119	201	1
119	200	1
119	199	1
119	198	1
119	197	1
119	196	1
119	195	1
119	194	1
119	193	1
119	192	1
119	191	1
119	190	1
119	189	1
119	188	1
119	187	1
119	186	1
119	185	1
119	184	1
119	183	1
119	182	1
119	181	1
119	180	1
119	179	1
119	178	1
119	177	1
119	176	1
119	175	1
119	174	1
119	173	1
119	172	1
119	171	1
119	170	1
119	169	1
119	168	1
119	167	1
119	166	1
119	165	1
119	164	1
119	163	1
119	162	1
119	161	1
119	160	1
119	159	1
119	158	1
119	157	1
119	156	1
119	155	1
119	154	1
119	153	1
119	152	1
119	151	1
119	150	1
119	149	1
119	148	1
119	147	1
119	146	1
119	145	1
119	144	1
119	143	1
119	142	1
119	141	1
119	140	1
119	139	1
119	138	1
119	137	1
119	136	1
119	135	1
119	134	1
119	133	1
119	132	1
119	131	1
119	130	1
119	129	1
119	128	1
119	127	1
119	126	1
119	125	1
119	124	1
119	123	1
119	122	1
119	121	1
119	120	1
119	119	1
119	118	1
119	117	1
119	116	1
119	115	1
119	114	1
119	113	1
119	112	1
119	111	1
119	110	1
119	109	1
119	108	1
119	107	1
119	106	1
119	105	1
119	104	1
119	103	1
119	102	1
119	101	1
119	100	1
119	99	1
119	98	1
119	97	1
119	96	1
119	95	1
119	94	1
119	93	1
119	92	1
119	91	2
119	90	2
119	89	2
119	88	2
119	87	2
119	86	1
119	85	2
119	84	2
119	83	1
119	82	1
119	81	2
119	80	2
119	79	2
119	78	1
119	77	1
119	76	1
119	75	1
119	74	1
119	73	1
119	72	1
119	71	1
119	70	1
119	69	1
119	68	1
119	67	1
119	66	1
119	65	1
119	64	1
119	63	1
119	62	1
119	61	1
119	60	1
119	59	1
119	58	1
119	57	1
119	56	1
119	55	1
119	54	1
119	53	1
119	52	1
119	51	1
119	50	1
119	49	1
119	48	1
119	47	1
119	46	1
119	45	1
119	44	1
119	43	1
119	42	1
119	41	1
119	40	1
119	39	1
119	38	1
119	37	1
119	36	1
119	35	1
119	34	1
119	33	1
119	32	1
119	31	1
119	30	1
119	29	1
119	28	1
119	27	1
119	26	1
119	25	1
119	24	1
119	23	1
119	22	1
119	21	1
119	20	1
119	19	1
119	18	1
119	17	1
119	16	1
119	15	1
119	14	1
119	13	1
119	12	1
119	11	1
119	10	1
119	9	1
119	8	1
119	7	1
119	6	1
119	5	1
119	4	1
119	3	1
119	2	1
119	1	1
120	216	1
120	215	1
120	214	1
120	213	1
120	212	1
120	211	1
120	210	1
120	209	1
120	208	1
120	207	1
120	206	1
120	205	1
120	204	1
120	203	1
120	202	1
120	201	1
120	200	1
120	199	1
120	198	1
120	197	1
120	196	1
120	195	1
120	194	1
120	193	1
120	192	1
120	191	1
120	190	1
120	189	1
120	188	1
120	187	1
120	186	1
120	185	1
120	184	1
120	183	1
120	182	1
120	181	1
120	180	1
120	179	1
120	178	1
120	177	1
120	176	1
120	175	1
120	174	1
120	173	1
120	172	1
120	171	1
120	170	1
120	169	1
120	168	1
120	167	1
120	166	1
120	165	1
120	164	1
120	163	1
120	162	1
120	161	1
120	160	1
120	159	1
120	158	1
120	157	1
120	156	1
120	155	1
120	154	1
120	153	1
120	152	1
120	151	1
120	150	1
120	149	1
120	148	1
120	147	1
120	146	1
120	145	1
120	144	1
120	143	1
120	142	1
120	141	1
120	140	1
120	139	1
120	138	1
120	137	1
120	136	1
120	135	1
120	134	1
120	133	1
120	132	1
120	131	1
120	130	1
120	129	1
120	128	1
120	127	1
120	126	1
120	125	1
120	124	1
120	123	1
120	122	1
120	121	1
120	120	1
120	119	1
120	118	1
120	117	1
120	116	1
120	115	1
120	114	1
120	113	1
120	112	1
120	111	1
120	110	1
120	109	1
120	108	1
120	107	1
120	106	1
120	105	1
120	104	1
120	103	1
120	102	1
120	101	1
120	100	1
120	99	1
120	98	1
120	97	1
120	96	1
120	95	1
120	94	1
120	93	1
120	92	2
120	91	2
120	90	2
120	89	2
120	88	2
120	87	1
120	86	1
120	85	2
120	84	1
120	83	1
120	82	2
120	81	2
120	80	2
120	79	2
120	78	1
120	77	1
120	76	1
120	75	1
120	74	1
120	73	1
120	72	1
120	71	1
120	70	1
120	69	1
120	68	1
120	67	1
120	66	1
120	65	1
120	64	1
120	63	1
120	62	1
120	61	1
120	60	1
120	59	1
120	58	1
120	57	1
120	56	1
120	55	1
120	54	1
120	53	1
120	52	1
120	51	1
120	50	1
120	49	1
120	48	1
120	47	1
120	46	1
120	45	1
120	44	1
120	43	1
120	42	1
120	41	1
120	40	1
120	39	1
120	38	1
120	37	1
120	36	1
120	35	1
120	34	1
120	33	1
120	32	1
120	31	1
120	30	1
120	29	1
120	28	1
120	27	1
120	26	1
120	25	1
120	24	1
120	23	1
120	22	1
120	21	1
120	20	1
120	19	1
120	18	1
120	17	1
120	16	1
120	15	1
120	14	1
120	13	1
120	12	1
120	11	1
120	10	1
120	9	1
120	8	1
120	7	1
120	6	1
120	5	1
120	4	1
120	3	1
120	2	1
120	1	1
121	216	1
121	215	1
121	214	1
121	213	1
121	212	1
121	211	1
121	210	1
121	209	1
121	208	1
121	207	1
121	206	1
121	205	1
121	204	1
121	203	1
121	202	1
121	201	1
121	200	1
121	199	1
121	198	1
121	197	1
121	196	1
121	195	1
121	194	1
121	193	1
121	192	1
121	191	1
121	190	1
121	189	1
121	188	1
121	187	1
121	186	1
121	185	1
121	184	1
121	183	1
121	182	1
121	181	1
121	180	1
121	179	1
121	178	1
121	177	1
121	176	1
121	175	1
121	174	1
121	173	1
121	172	1
121	171	1
121	170	1
121	169	1
121	168	1
121	167	1
121	166	1
121	165	1
121	164	1
121	163	1
121	162	1
121	161	1
121	160	1
121	159	1
121	158	1
121	157	1
121	156	1
121	155	1
121	154	1
121	153	1
121	152	1
121	151	1
121	150	1
121	149	1
121	148	1
121	147	1
121	146	1
121	145	1
121	144	1
121	143	1
121	142	1
121	141	1
121	140	1
121	139	1
121	138	1
121	137	1
121	136	1
121	135	1
121	134	1
121	133	1
121	132	1
121	131	1
121	130	1
121	129	1
121	128	1
121	127	1
121	126	1
121	125	1
121	124	1
121	123	1
121	122	1
121	121	1
121	120	1
121	119	1
121	118	1
121	117	1
121	116	1
121	115	1
121	114	1
121	113	1
121	112	1
121	111	1
121	110	1
121	109	1
121	108	1
121	107	1
121	106	1
121	105	1
121	104	1
121	103	1
121	102	1
121	101	1
121	100	1
121	99	1
121	98	1
121	97	1
121	96	1
121	95	1
121	94	1
121	93	2
121	92	2
121	91	2
121	90	2
121	89	2
121	88	1
121	87	1
121	86	1
121	85	1
121	84	1
121	83	1
121	82	2
121	81	2
121	80	2
121	79	2
121	78	1
121	77	1
121	76	1
121	75	1
121	74	1
121	73	1
121	72	1
121	71	1
121	70	1
121	69	1
121	68	1
121	67	1
121	66	1
121	65	1
121	64	1
121	63	1
121	62	1
121	61	1
121	60	1
121	59	1
121	58	2
121	57	1
121	56	1
121	55	1
121	54	1
121	53	1
121	52	1
121	51	1
121	50	1
121	49	1
121	48	1
121	47	1
121	46	1
121	45	1
121	44	1
121	43	1
121	42	1
121	41	1
121	40	1
121	39	1
121	38	1
121	37	1
121	36	1
121	35	1
121	34	1
121	33	1
121	32	1
121	31	1
121	30	1
121	29	1
121	28	1
121	27	1
121	26	1
121	25	1
121	24	1
121	23	1
121	22	1
121	21	1
121	20	1
121	19	1
121	18	1
121	17	1
121	16	1
121	15	1
121	14	1
121	13	1
121	12	1
121	11	1
121	10	1
121	9	1
121	8	1
121	7	1
121	6	1
121	5	1
121	4	1
121	3	1
121	2	1
121	1	1
122	216	1
122	215	1
122	214	1
122	213	1
122	212	1
122	211	1
122	210	1
122	209	1
122	208	1
122	207	1
122	206	1
122	205	1
122	204	1
122	203	1
122	202	1
122	201	1
122	200	1
122	199	1
122	198	1
122	197	1
122	196	1
122	195	1
122	194	1
122	193	1
122	192	1
122	191	1
122	190	1
122	189	1
122	188	1
122	187	1
122	186	1
122	185	1
122	184	1
122	183	1
122	182	1
122	181	1
122	180	1
122	179	1
122	178	1
122	177	1
122	176	1
122	175	1
122	174	1
122	173	1
122	172	1
122	171	1
122	170	1
122	169	1
122	168	1
122	167	1
122	166	1
122	165	1
122	164	1
122	163	1
122	162	1
122	161	1
122	160	1
122	159	1
122	158	1
122	157	2
122	156	1
122	155	1
122	154	1
122	153	1
122	152	1
122	151	1
122	150	1
122	149	1
122	148	2
122	147	1
122	146	1
122	145	1
122	144	1
122	143	1
122	142	1
122	141	1
122	140	1
122	139	1
122	138	1
122	137	1
122	136	1
122	135	1
122	134	1
122	133	1
122	132	1
122	131	1
122	130	1
122	129	1
122	128	1
122	127	1
122	126	1
122	125	1
122	124	1
122	123	1
122	122	1
122	121	1
122	120	1
122	119	1
122	118	1
122	117	1
122	116	1
122	115	1
122	114	1
122	113	1
122	112	1
122	111	1
122	110	1
122	109	1
122	108	1
122	107	1
122	106	1
122	105	1
122	104	1
122	103	1
122	102	1
122	101	1
122	100	1
122	99	1
122	98	2
122	97	2
122	96	1
122	95	1
122	94	1
122	93	2
122	92	2
122	91	2
122	90	2
122	89	2
122	88	1
122	87	1
122	86	1
122	85	1
122	84	1
122	83	1
122	82	2
122	81	2
122	80	2
122	79	1
122	78	1
122	77	1
122	76	1
122	75	1
122	74	1
122	73	1
122	72	1
122	71	1
122	70	1
122	69	1
122	68	1
122	67	1
122	66	1
122	65	1
122	64	1
122	63	1
122	62	1
122	61	1
122	60	1
122	59	1
122	58	1
122	57	1
122	56	1
122	55	1
122	54	1
122	53	1
122	52	1
122	51	1
122	50	1
122	49	1
122	48	1
122	47	1
122	46	1
122	45	1
122	44	1
122	43	1
122	42	1
122	41	1
122	40	1
122	39	1
122	38	1
122	37	1
122	36	1
122	35	1
122	34	1
122	33	1
122	32	1
122	31	1
122	30	1
122	29	1
122	28	1
122	27	1
122	26	1
122	25	1
122	24	1
122	23	1
122	22	1
122	21	1
122	20	1
122	19	1
122	18	1
122	17	1
122	16	1
122	15	1
122	14	1
122	13	1
122	12	1
122	11	1
122	10	1
122	9	1
122	8	1
122	7	1
122	6	1
122	5	1
122	4	1
122	3	1
122	2	1
122	1	1
123	216	1
123	215	1
123	214	1
123	213	1
123	212	1
123	211	1
123	210	1
123	209	1
123	208	1
123	207	1
123	206	1
123	205	1
123	204	1
123	203	1
123	202	1
123	201	1
123	200	1
123	199	1
123	198	1
123	197	1
123	196	1
123	195	1
123	194	1
123	193	1
123	192	1
123	191	1
123	190	1
123	189	1
123	188	1
123	187	1
123	186	1
123	185	1
123	184	1
123	183	1
123	182	1
123	181	1
123	180	1
123	179	1
123	178	1
123	177	1
123	176	1
123	175	1
123	174	1
123	173	1
123	172	1
123	171	1
123	170	1
123	169	1
123	168	1
123	167	1
123	166	1
123	165	1
123	164	1
123	163	1
123	162	1
123	161	1
123	160	1
123	159	1
123	158	1
123	157	1
123	156	1
123	155	1
123	154	1
123	153	1
123	152	1
123	151	1
123	150	1
123	149	1
123	148	1
123	147	1
123	146	1
123	145	1
123	144	1
123	143	1
123	142	1
123	141	1
123	140	1
123	139	1
123	138	1
123	137	1
123	136	1
123	135	1
123	134	1
123	133	1
123	132	1
123	131	1
123	130	1
123	129	1
123	128	1
123	127	1
123	126	1
123	125	1
123	124	1
123	123	1
123	122	1
123	121	1
123	120	1
123	119	1
123	118	1
123	117	1
123	116	1
123	115	1
123	114	1
123	113	1
123	112	1
123	111	1
123	110	1
123	109	1
123	108	1
123	107	1
123	106	1
123	105	1
123	104	1
123	103	1
123	102	1
123	101	1
123	100	1
123	99	1
123	98	1
123	97	1
123	96	2
123	95	2
123	94	2
123	93	2
123	92	2
123	91	2
123	90	2
123	89	1
123	88	1
123	87	1
123	86	1
123	85	1
123	84	1
123	83	1
123	82	2
123	81	2
123	80	2
123	79	1
123	78	1
123	77	1
123	76	1
123	75	1
123	74	1
123	73	1
123	72	1
123	71	1
123	70	1
123	69	1
123	68	1
123	67	1
123	66	1
123	65	1
123	64	1
123	63	1
123	62	1
123	61	1
123	60	1
123	59	1
123	58	1
123	57	1
123	56	1
123	55	1
123	54	1
123	53	1
123	52	1
123	51	1
123	50	1
123	49	1
123	48	1
123	47	1
123	46	1
123	45	1
123	44	1
123	43	1
123	42	1
123	41	1
123	40	1
123	39	1
123	38	1
123	37	1
123	36	1
123	35	1
123	34	1
123	33	1
123	32	1
123	31	1
123	30	1
123	29	1
123	28	1
123	27	1
123	26	1
123	25	1
123	24	1
123	23	1
123	22	1
123	21	1
123	20	1
123	19	1
123	18	1
123	17	1
123	16	1
123	15	1
123	14	1
123	13	1
123	12	1
123	11	1
123	10	1
123	9	1
123	8	1
123	7	1
123	6	1
123	5	1
123	4	1
123	3	1
123	2	1
123	1	1
124	216	1
124	215	1
124	214	1
124	213	1
124	212	1
124	211	1
124	210	1
124	209	1
124	208	1
124	207	1
124	206	1
124	205	1
124	204	1
124	203	1
124	202	1
124	201	1
124	200	1
124	199	1
124	198	1
124	197	1
124	196	1
124	195	1
124	194	1
124	193	1
124	192	1
124	191	1
124	190	1
124	189	1
124	188	1
124	187	1
124	186	1
124	185	1
124	184	1
124	183	1
124	182	1
124	181	1
124	180	1
124	179	1
124	178	1
124	177	1
124	176	1
124	175	1
124	174	1
124	173	1
124	172	1
124	171	1
124	170	1
124	169	1
124	168	1
124	167	1
124	166	1
124	165	1
124	164	1
124	163	1
124	162	1
124	161	1
124	160	1
124	159	1
124	158	1
124	157	1
124	156	1
124	155	1
124	154	1
124	153	1
124	152	1
124	151	1
124	150	1
124	149	1
124	148	1
124	147	1
124	146	1
124	145	1
124	144	1
124	143	1
124	142	1
124	141	1
124	140	1
124	139	1
124	138	1
124	137	1
124	136	1
124	135	1
124	134	1
124	133	1
124	132	1
124	131	1
124	130	1
124	129	1
124	128	1
124	127	1
124	126	1
124	125	1
124	124	1
124	123	1
124	122	1
124	121	1
124	120	1
124	119	1
124	118	1
124	117	1
124	116	1
124	115	1
124	114	1
124	113	1
124	112	1
124	111	1
124	110	1
124	109	1
124	108	1
124	107	1
124	106	1
124	105	1
124	104	1
124	103	1
124	102	1
124	101	1
124	100	1
124	99	1
124	98	1
124	97	1
124	96	1
124	95	1
124	94	2
124	93	2
124	92	2
124	91	2
124	90	2
124	89	1
124	88	1
124	87	1
124	86	2
124	85	1
124	84	1
124	83	1
124	82	2
124	81	2
124	80	2
124	79	1
124	78	1
124	77	1
124	76	1
124	75	1
124	74	1
124	73	1
124	72	1
124	71	1
124	70	1
124	69	1
124	68	1
124	67	1
124	66	1
124	65	1
124	64	1
124	63	1
124	62	1
124	61	1
124	60	1
124	59	1
124	58	1
124	57	1
124	56	1
124	55	1
124	54	1
124	53	1
124	52	1
124	51	1
124	50	1
124	49	1
124	48	1
124	47	1
124	46	1
124	45	1
124	44	1
124	43	1
124	42	1
124	41	1
124	40	1
124	39	1
124	38	1
124	37	1
124	36	1
124	35	1
124	34	1
124	33	1
124	32	1
124	31	1
124	30	1
124	29	1
124	28	1
124	27	1
124	26	1
124	25	1
124	24	1
124	23	1
124	22	1
124	21	1
124	20	1
124	19	1
124	18	1
124	17	1
124	16	1
124	15	1
124	14	1
124	13	1
124	12	1
124	11	1
124	10	1
124	9	1
124	8	1
124	7	1
124	6	1
124	5	1
124	4	1
124	3	1
124	2	1
124	1	1
125	216	1
125	215	1
125	214	1
125	213	1
125	212	1
125	211	1
125	210	1
125	209	1
125	208	1
125	207	1
125	206	1
125	205	1
125	204	1
125	203	1
125	202	1
125	201	1
125	200	1
125	199	1
125	198	1
125	197	1
125	196	1
125	195	1
125	194	1
125	193	1
125	192	1
125	191	1
125	190	1
125	189	1
125	188	1
125	187	1
125	186	1
125	185	1
125	184	1
125	183	1
125	182	1
125	181	1
125	180	1
125	179	1
125	178	1
125	177	1
125	176	1
125	175	1
125	174	1
125	173	1
125	172	1
125	171	1
125	170	1
125	169	1
125	168	1
125	167	1
125	166	1
125	165	1
125	164	2
125	163	1
125	162	1
125	161	1
125	160	1
125	159	1
125	158	1
125	157	1
125	156	1
125	155	1
125	154	1
125	153	1
125	152	1
125	151	1
125	150	1
125	149	1
125	148	1
125	147	1
125	146	1
125	145	1
125	144	1
125	143	1
125	142	1
125	141	1
125	140	1
125	139	1
125	138	1
125	137	1
125	136	1
125	135	1
125	134	1
125	133	1
125	132	1
125	131	1
125	130	1
125	129	1
125	128	1
125	127	1
125	126	1
125	125	1
125	124	1
125	123	1
125	122	1
125	121	1
125	120	1
125	119	1
125	118	1
125	117	1
125	116	1
125	115	1
125	114	1
125	113	1
125	112	1
125	111	1
125	110	1
125	109	1
125	108	1
125	107	1
125	106	1
125	105	1
125	104	1
125	103	1
125	102	1
125	101	1
125	100	2
125	99	1
125	98	1
125	97	1
125	96	1
125	95	1
125	94	2
125	93	2
125	92	2
125	91	2
125	90	1
125	89	1
125	88	2
125	87	2
125	86	2
125	85	1
125	84	1
125	83	2
125	82	2
125	81	2
125	80	1
125	79	1
125	78	1
125	77	1
125	76	1
125	75	1
125	74	1
125	73	1
125	72	1
125	71	1
125	70	1
125	69	1
125	68	1
125	67	1
125	66	1
125	65	1
125	64	1
125	63	1
125	62	1
125	61	1
125	60	1
125	59	1
125	58	1
125	57	1
125	56	1
125	55	1
125	54	1
125	53	1
125	52	1
125	51	1
125	50	1
125	49	1
125	48	1
125	47	1
125	46	1
125	45	1
125	44	1
125	43	1
125	42	1
125	41	1
125	40	1
125	39	1
125	38	1
125	37	1
125	36	1
125	35	1
125	34	1
125	33	1
125	32	1
125	31	1
125	30	1
125	29	1
125	28	1
125	27	1
125	26	1
125	25	1
125	24	1
125	23	1
125	22	1
125	21	1
125	20	1
125	19	1
125	18	1
125	17	1
125	16	1
125	15	1
125	14	1
125	13	1
125	12	1
125	11	1
125	10	1
125	9	1
125	8	1
125	7	1
125	6	1
125	5	1
125	4	1
125	3	1
125	2	1
125	1	1
126	216	1
126	215	1
126	214	1
126	213	1
126	212	1
126	211	1
126	210	1
126	209	1
126	208	1
126	207	1
126	206	1
126	205	1
126	204	1
126	203	1
126	202	1
126	201	1
126	200	1
126	199	1
126	198	1
126	197	1
126	196	1
126	195	1
126	194	1
126	193	1
126	192	1
126	191	1
126	190	1
126	189	1
126	188	1
126	187	1
126	186	1
126	185	1
126	184	1
126	183	1
126	182	1
126	181	1
126	180	1
126	179	1
126	178	1
126	177	1
126	176	1
126	175	1
126	174	1
126	173	1
126	172	1
126	171	1
126	170	1
126	169	1
126	168	1
126	167	1
126	166	1
126	165	1
126	164	1
126	163	1
126	162	1
126	161	1
126	160	1
126	159	1
126	158	1
126	157	1
126	156	1
126	155	1
126	154	1
126	153	1
126	152	1
126	151	1
126	150	1
126	149	1
126	148	1
126	147	1
126	146	1
126	145	1
126	144	1
126	143	1
126	142	1
126	141	1
126	140	1
126	139	1
126	138	1
126	137	1
126	136	1
126	135	1
126	134	1
126	133	1
126	132	1
126	131	1
126	130	1
126	129	1
126	128	1
126	127	1
126	126	1
126	125	1
126	124	1
126	123	1
126	122	1
126	121	1
126	120	1
126	119	1
126	118	1
126	117	1
126	116	1
126	115	1
126	114	1
126	113	1
126	112	1
126	111	1
126	110	1
126	109	1
126	108	1
126	107	1
126	106	1
126	105	1
126	104	1
126	103	1
126	102	1
126	101	1
126	100	1
126	99	2
126	98	1
126	97	1
126	96	1
126	95	1
126	94	2
126	93	2
126	92	2
126	91	1
126	90	1
126	89	1
126	88	1
126	87	2
126	86	2
126	85	1
126	84	1
126	83	2
126	82	2
126	81	2
126	80	1
126	79	1
126	78	1
126	77	1
126	76	1
126	75	1
126	74	1
126	73	1
126	72	1
126	71	1
126	70	1
126	69	1
126	68	1
126	67	1
126	66	1
126	65	1
126	64	1
126	63	1
126	62	1
126	61	1
126	60	1
126	59	1
126	58	1
126	57	1
126	56	1
126	55	1
126	54	1
126	53	1
126	52	1
126	51	1
126	50	1
126	49	1
126	48	1
126	47	1
126	46	1
126	45	1
126	44	1
126	43	1
126	42	1
126	41	1
126	40	1
126	39	1
126	38	1
126	37	1
126	36	1
126	35	1
126	34	1
126	33	1
126	32	1
126	31	1
126	30	1
126	29	1
126	28	1
126	27	1
126	26	1
126	25	1
126	24	1
126	23	1
126	22	1
126	21	1
126	20	1
126	19	1
126	18	1
126	17	1
126	16	1
126	15	1
126	14	1
126	13	1
126	12	1
126	11	1
126	10	1
126	9	1
126	8	1
126	7	1
126	6	1
126	5	1
126	4	1
126	3	1
126	2	1
126	1	1
127	216	1
127	215	1
127	214	1
127	213	1
127	212	1
127	211	1
127	210	1
127	209	1
127	208	1
127	207	1
127	206	1
127	205	1
127	204	1
127	203	1
127	202	1
127	201	1
127	200	1
127	199	1
127	198	1
127	197	1
127	196	1
127	195	1
127	194	1
127	193	1
127	192	1
127	191	1
127	190	1
127	189	1
127	188	1
127	187	1
127	186	1
127	185	1
127	184	1
127	183	1
127	182	1
127	181	1
127	180	1
127	179	1
127	178	1
127	177	1
127	176	1
127	175	1
127	174	1
127	173	1
127	172	1
127	171	1
127	170	1
127	169	1
127	168	1
127	167	1
127	166	1
127	165	1
127	164	1
127	163	1
127	162	1
127	161	1
127	160	1
127	159	1
127	158	1
127	157	1
127	156	1
127	155	1
127	154	1
127	153	1
127	152	1
127	151	1
127	150	1
127	149	1
127	148	1
127	147	1
127	146	1
127	145	1
127	144	1
127	143	1
127	142	1
127	141	1
127	140	1
127	139	1
127	138	1
127	137	1
127	136	1
127	135	1
127	134	1
127	133	1
127	132	1
127	131	1
127	130	1
127	129	1
127	128	1
127	127	1
127	126	1
127	125	1
127	124	1
127	123	1
127	122	1
127	121	1
127	120	1
127	119	1
127	118	1
127	117	1
127	116	1
127	115	1
127	114	1
127	113	1
127	112	1
127	111	1
127	110	1
127	109	1
127	108	1
127	107	1
127	106	1
127	105	1
127	104	1
127	103	1
127	102	1
127	101	1
127	100	1
127	99	2
127	98	2
127	97	1
127	96	1
127	95	2
127	94	2
127	93	2
127	92	2
127	91	1
127	90	1
127	89	1
127	88	1
127	87	2
127	86	2
127	85	2
127	84	2
127	83	2
127	82	2
127	81	2
127	80	1
127	79	1
127	78	1
127	77	1
127	76	1
127	75	1
127	74	1
127	73	1
127	72	1
127	71	1
127	70	1
127	69	1
127	68	1
127	67	1
127	66	1
127	65	1
127	64	1
127	63	1
127	62	1
127	61	1
127	60	1
127	59	1
127	58	1
127	57	1
127	56	1
127	55	1
127	54	1
127	53	1
127	52	1
127	51	1
127	50	1
127	49	1
127	48	1
127	47	1
127	46	1
127	45	1
127	44	1
127	43	1
127	42	1
127	41	1
127	40	1
127	39	1
127	38	1
127	37	1
127	36	1
127	35	1
127	34	1
127	33	1
127	32	1
127	31	1
127	30	1
127	29	1
127	28	1
127	27	1
127	26	1
127	25	1
127	24	1
127	23	1
127	22	1
127	21	1
127	20	1
127	19	1
127	18	1
127	17	1
127	16	1
127	15	1
127	14	1
127	13	1
127	12	1
127	11	1
127	10	1
127	9	1
127	8	1
127	7	1
127	6	1
127	5	1
127	4	1
127	3	1
127	2	1
127	1	1
128	216	1
128	215	1
128	214	1
128	213	1
128	212	1
128	211	1
128	210	1
128	209	1
128	208	1
128	207	1
128	206	1
128	205	1
128	204	1
128	203	1
128	202	1
128	201	1
128	200	1
128	199	1
128	198	1
128	197	1
128	196	1
128	195	1
128	194	1
128	193	1
128	192	1
128	191	1
128	190	1
128	189	1
128	188	1
128	187	1
128	186	1
128	185	1
128	184	1
128	183	1
128	182	1
128	181	1
128	180	1
128	179	1
128	178	1
128	177	1
128	176	1
128	175	1
128	174	1
128	173	1
128	172	1
128	171	1
128	170	1
128	169	1
128	168	1
128	167	1
128	166	1
128	165	1
128	164	1
128	163	1
128	162	1
128	161	1
128	160	1
128	159	1
128	158	1
128	157	1
128	156	1
128	155	1
128	154	1
128	153	1
128	152	1
128	151	1
128	150	1
128	149	1
128	148	1
128	147	1
128	146	1
128	145	1
128	144	1
128	143	1
128	142	1
128	141	1
128	140	1
128	139	1
128	138	1
128	137	1
128	136	1
128	135	1
128	134	1
128	133	1
128	132	1
128	131	1
128	130	1
128	129	1
128	128	1
128	127	1
128	126	1
128	125	1
128	124	1
128	123	1
128	122	1
128	121	1
128	120	1
128	119	1
128	118	1
128	117	1
128	116	1
128	115	1
128	114	1
128	113	1
128	112	1
128	111	1
128	110	1
128	109	1
128	108	1
128	107	1
128	106	1
128	105	1
128	104	1
128	103	1
128	102	1
128	101	1
128	100	1
128	99	1
128	98	1
128	97	2
128	96	1
128	95	2
128	94	2
128	93	2
128	92	1
128	91	1
128	90	1
128	89	1
128	88	2
128	87	2
128	86	2
128	85	1
128	84	2
128	83	2
128	82	2
128	81	2
128	80	1
128	79	1
128	78	1
128	77	1
128	76	1
128	75	1
128	74	1
128	73	1
128	72	1
128	71	1
128	70	1
128	69	1
128	68	1
128	67	1
128	66	1
128	65	1
128	64	1
128	63	1
128	62	1
128	61	1
128	60	1
128	59	1
128	58	1
128	57	1
128	56	1
128	55	1
128	54	1
128	53	1
128	52	1
128	51	1
128	50	1
128	49	1
128	48	1
128	47	1
128	46	1
128	45	1
128	44	1
128	43	1
128	42	1
128	41	1
128	40	1
128	39	1
128	38	1
128	37	1
128	36	1
128	35	1
128	34	1
128	33	1
128	32	1
128	31	1
128	30	1
128	29	1
128	28	1
128	27	1
128	26	1
128	25	1
128	24	1
128	23	1
128	22	1
128	21	1
128	20	1
128	19	1
128	18	1
128	17	1
128	16	1
128	15	1
128	14	1
128	13	1
128	12	1
128	11	1
128	10	1
128	9	1
128	8	1
128	7	1
128	6	1
128	5	1
128	4	1
128	3	1
128	2	1
128	1	1
129	216	1
129	215	1
129	214	1
129	213	1
129	212	1
129	211	1
129	210	1
129	209	1
129	208	1
129	207	1
129	206	1
129	205	1
129	204	1
129	203	1
129	202	1
129	201	1
129	200	1
129	199	1
129	198	1
129	197	1
129	196	1
129	195	1
129	194	1
129	193	1
129	192	1
129	191	1
129	190	1
129	189	1
129	188	1
129	187	1
129	186	1
129	185	1
129	184	1
129	183	1
129	182	1
129	181	1
129	180	1
129	179	1
129	178	1
129	177	1
129	176	1
129	175	1
129	174	1
129	173	1
129	172	1
129	171	1
129	170	1
129	169	1
129	168	1
129	167	1
129	166	1
129	165	1
129	164	1
129	163	1
129	162	1
129	161	1
129	160	1
129	159	1
129	158	1
129	157	1
129	156	1
129	155	1
129	154	1
129	153	1
129	152	1
129	151	1
129	150	1
129	149	1
129	148	1
129	147	1
129	146	1
129	145	1
129	144	1
129	143	1
129	142	1
129	141	1
129	140	1
129	139	1
129	138	1
129	137	1
129	136	1
129	135	1
129	134	1
129	133	1
129	132	1
129	131	1
129	130	1
129	129	1
129	128	1
129	127	1
129	126	2
129	125	1
129	124	1
129	123	1
129	122	1
129	121	1
129	120	1
129	119	1
129	118	1
129	117	1
129	116	1
129	115	1
129	114	1
129	113	1
129	112	1
129	111	1
129	110	1
129	109	1
129	108	1
129	107	1
129	106	1
129	105	1
129	104	1
129	103	1
129	102	1
129	101	1
129	100	1
129	99	1
129	98	1
129	97	1
129	96	2
129	95	2
129	94	2
129	93	2
129	92	2
129	91	2
129	90	1
129	89	2
129	88	2
129	87	2
129	86	2
129	85	1
129	84	1
129	83	2
129	82	2
129	81	1
129	80	1
129	79	1
129	78	1
129	77	1
129	76	1
129	75	1
129	74	1
129	73	1
129	72	1
129	71	1
129	70	1
129	69	1
129	68	1
129	67	1
129	66	1
129	65	1
129	64	1
129	63	1
129	62	1
129	61	1
129	60	1
129	59	1
129	58	1
129	57	1
129	56	1
129	55	1
129	54	1
129	53	1
129	52	1
129	51	1
129	50	1
129	49	1
129	48	1
129	47	1
129	46	1
129	45	1
129	44	1
129	43	1
129	42	1
129	41	1
129	40	1
129	39	1
129	38	1
129	37	1
129	36	1
129	35	1
129	34	1
129	33	1
129	32	1
129	31	1
129	30	1
129	29	1
129	28	1
129	27	1
129	26	1
129	25	1
129	24	1
129	23	1
129	22	1
129	21	1
129	20	1
129	19	1
129	18	1
129	17	1
129	16	1
129	15	1
129	14	1
129	13	1
129	12	1
129	11	1
129	10	1
129	9	1
129	8	1
129	7	1
129	6	1
129	5	1
129	4	1
129	3	1
129	2	1
129	1	1
130	216	1
130	215	1
130	214	1
130	213	1
130	212	1
130	211	1
130	210	1
130	209	1
130	208	1
130	207	1
130	206	1
130	205	1
130	204	1
130	203	1
130	202	1
130	201	1
130	200	1
130	199	1
130	198	1
130	197	1
130	196	1
130	195	1
130	194	1
130	193	1
130	192	1
130	191	1
130	190	1
130	189	1
130	188	1
130	187	1
130	186	1
130	185	1
130	184	1
130	183	1
130	182	1
130	181	1
130	180	1
130	179	1
130	178	1
130	177	1
130	176	1
130	175	1
130	174	1
130	173	1
130	172	1
130	171	1
130	170	1
130	169	1
130	168	1
130	167	1
130	166	1
130	165	1
130	164	1
130	163	1
130	162	1
130	161	1
130	160	1
130	159	1
130	158	1
130	157	1
130	156	1
130	155	1
130	154	1
130	153	1
130	152	1
130	151	1
130	150	1
130	149	1
130	148	1
130	147	1
130	146	1
130	145	1
130	144	1
130	143	1
130	142	1
130	141	1
130	140	1
130	139	1
130	138	1
130	137	1
130	136	1
130	135	1
130	134	1
130	133	1
130	132	1
130	131	1
130	130	1
130	129	1
130	128	1
130	127	1
130	126	1
130	125	1
130	124	1
130	123	1
130	122	1
130	121	1
130	120	1
130	119	1
130	118	1
130	117	1
130	116	1
130	115	1
130	114	1
130	113	1
130	112	1
130	111	1
130	110	1
130	109	1
130	108	1
130	107	1
130	106	1
130	105	1
130	104	1
130	103	1
130	102	2
130	101	2
130	100	1
130	99	1
130	98	1
130	97	1
130	96	2
130	95	2
130	94	2
130	93	2
130	92	1
130	91	1
130	90	1
130	89	2
130	88	2
130	87	2
130	86	2
130	85	1
130	84	1
130	83	2
130	82	2
130	81	1
130	80	1
130	79	1
130	78	1
130	77	1
130	76	1
130	75	1
130	74	1
130	73	1
130	72	1
130	71	1
130	70	1
130	69	1
130	68	1
130	67	1
130	66	1
130	65	1
130	64	1
130	63	1
130	62	1
130	61	1
130	60	1
130	59	1
130	58	1
130	57	1
130	56	1
130	55	1
130	54	1
130	53	1
130	52	1
130	51	1
130	50	1
130	49	1
130	48	1
130	47	1
130	46	1
130	45	1
130	44	1
130	43	1
130	42	1
130	41	1
130	40	1
130	39	1
130	38	1
130	37	1
130	36	1
130	35	1
130	34	1
130	33	1
130	32	1
130	31	1
130	30	1
130	29	1
130	28	1
130	27	1
130	26	1
130	25	1
130	24	1
130	23	1
130	22	1
130	21	1
130	20	1
130	19	1
130	18	1
130	17	1
130	16	1
130	15	1
130	14	1
130	13	1
130	12	1
130	11	1
130	10	1
130	9	1
130	8	1
130	7	1
130	6	1
130	5	1
130	4	1
130	3	1
130	2	1
130	1	1
131	216	1
131	215	1
131	214	1
131	213	1
131	212	1
131	211	1
131	210	1
131	209	1
131	208	1
131	207	1
131	206	1
131	205	1
131	204	1
131	203	1
131	202	1
131	201	1
131	200	1
131	199	1
131	198	1
131	197	1
131	196	1
131	195	1
131	194	1
131	193	1
131	192	1
131	191	1
131	190	1
131	189	1
131	188	1
131	187	1
131	186	1
131	185	1
131	184	1
131	183	1
131	182	1
131	181	1
131	180	1
131	179	1
131	178	1
131	177	1
131	176	1
131	175	1
131	174	1
131	173	1
131	172	1
131	171	1
131	170	1
131	169	1
131	168	1
131	167	1
131	166	1
131	165	1
131	164	1
131	163	1
131	162	1
131	161	1
131	160	1
131	159	1
131	158	1
131	157	1
131	156	1
131	155	1
131	154	1
131	153	1
131	152	1
131	151	1
131	150	1
131	149	1
131	148	1
131	147	1
131	146	1
131	145	1
131	144	1
131	143	1
131	142	1
131	141	1
131	140	1
131	139	1
131	138	1
131	137	1
131	136	1
131	135	1
131	134	1
131	133	1
131	132	1
131	131	1
131	130	1
131	129	1
131	128	1
131	127	1
131	126	1
131	125	1
131	124	1
131	123	1
131	122	1
131	121	1
131	120	1
131	119	1
131	118	1
131	117	1
131	116	1
131	115	1
131	114	1
131	113	1
131	112	1
131	111	1
131	110	1
131	109	1
131	108	1
131	107	1
131	106	1
131	105	1
131	104	1
131	103	1
131	102	1
131	101	2
131	100	1
131	99	1
131	98	1
131	97	2
131	96	2
131	95	2
131	94	2
131	93	1
131	92	1
131	91	1
131	90	1
131	89	2
131	88	2
131	87	2
131	86	2
131	85	1
131	84	2
131	83	2
131	82	2
131	81	1
131	80	1
131	79	1
131	78	1
131	77	1
131	76	1
131	75	1
131	74	1
131	73	1
131	72	1
131	71	1
131	70	1
131	69	1
131	68	1
131	67	1
131	66	1
131	65	1
131	64	1
131	63	1
131	62	1
131	61	1
131	60	1
131	59	1
131	58	1
131	57	1
131	56	1
131	55	1
131	54	1
131	53	1
131	52	1
131	51	1
131	50	1
131	49	1
131	48	1
131	47	1
131	46	1
131	45	1
131	44	1
131	43	1
131	42	1
131	41	1
131	40	1
131	39	1
131	38	1
131	37	1
131	36	1
131	35	1
131	34	1
131	33	1
131	32	1
131	31	1
131	30	1
131	29	1
131	28	1
131	27	1
131	26	1
131	25	1
131	24	1
131	23	1
131	22	1
131	21	1
131	20	1
131	19	1
131	18	1
131	17	1
131	16	1
131	15	1
131	14	1
131	13	1
131	12	1
131	11	1
131	10	1
131	9	1
131	8	1
131	7	1
131	6	1
131	5	1
131	4	1
131	3	1
131	2	1
131	1	1
132	216	1
132	215	1
132	214	1
132	213	1
132	212	1
132	211	1
132	210	1
132	209	1
132	208	1
132	207	1
132	206	1
132	205	1
132	204	1
132	203	1
132	202	1
132	201	1
132	200	1
132	199	1
132	198	1
132	197	1
132	196	1
132	195	1
132	194	1
132	193	1
132	192	1
132	191	1
132	190	1
132	189	1
132	188	2
132	187	2
132	186	1
132	185	1
132	184	1
132	183	1
132	182	1
132	181	1
132	180	1
132	179	1
132	178	1
132	177	1
132	176	1
132	175	1
132	174	1
132	173	1
132	172	1
132	171	1
132	170	1
132	169	1
132	168	1
132	167	1
132	166	1
132	165	1
132	164	1
132	163	1
132	162	1
132	161	1
132	160	1
132	159	1
132	158	1
132	157	1
132	156	1
132	155	1
132	154	1
132	153	1
132	152	1
132	151	1
132	150	1
132	149	1
132	148	1
132	147	1
132	146	1
132	145	1
132	144	1
132	143	1
132	142	1
132	141	1
132	140	1
132	139	1
132	138	1
132	137	1
132	136	1
132	135	1
132	134	1
132	133	1
132	132	1
132	131	1
132	130	1
132	129	1
132	128	1
132	127	1
132	126	1
132	125	1
132	124	1
132	123	1
132	122	1
132	121	1
132	120	1
132	119	1
132	118	1
132	117	1
132	116	1
132	115	1
132	114	1
132	113	1
132	112	1
132	111	1
132	110	1
132	109	1
132	108	1
132	107	1
132	106	1
132	105	1
132	104	1
132	103	1
132	102	1
132	101	1
132	100	1
132	99	1
132	98	1
132	97	2
132	96	2
132	95	2
132	94	2
132	93	1
132	92	1
132	91	1
132	90	2
132	89	2
132	88	2
132	87	2
132	86	2
132	85	1
132	84	2
132	83	2
132	82	2
132	81	1
132	80	1
132	79	1
132	78	1
132	77	1
132	76	1
132	75	1
132	74	1
132	73	1
132	72	1
132	71	1
132	70	1
132	69	1
132	68	1
132	67	1
132	66	1
132	65	1
132	64	1
132	63	1
132	62	1
132	61	1
132	60	1
132	59	1
132	58	1
132	57	1
132	56	1
132	55	1
132	54	1
132	53	1
132	52	1
132	51	1
132	50	1
132	49	1
132	48	1
132	47	1
132	46	1
132	45	1
132	44	1
132	43	1
132	42	1
132	41	1
132	40	1
132	39	1
132	38	1
132	37	1
132	36	1
132	35	1
132	34	1
132	33	1
132	32	1
132	31	1
132	30	1
132	29	1
132	28	1
132	27	1
132	26	1
132	25	1
132	24	1
132	23	1
132	22	1
132	21	1
132	20	1
132	19	1
132	18	1
132	17	1
132	16	1
132	15	1
132	14	1
132	13	1
132	12	1
132	11	1
132	10	1
132	9	1
132	8	1
132	7	1
132	6	1
132	5	1
132	4	1
132	3	1
132	2	1
132	1	1
133	216	1
133	215	1
133	214	1
133	213	1
133	212	1
133	211	1
133	210	1
133	209	1
133	208	1
133	207	1
133	206	1
133	205	1
133	204	1
133	203	1
133	202	1
133	201	1
133	200	1
133	199	1
133	198	1
133	197	1
133	196	1
133	195	1
133	194	1
133	193	1
133	192	1
133	191	1
133	190	1
133	189	1
133	188	1
133	187	1
133	186	1
133	185	1
133	184	1
133	183	1
133	182	1
133	181	1
133	180	1
133	179	1
133	178	1
133	177	1
133	176	1
133	175	1
133	174	1
133	173	1
133	172	1
133	171	1
133	170	1
133	169	1
133	168	2
133	167	1
133	166	1
133	165	1
133	164	1
133	163	1
133	162	1
133	161	1
133	160	1
133	159	1
133	158	1
133	157	1
133	156	1
133	155	1
133	154	1
133	153	1
133	152	1
133	151	1
133	150	1
133	149	1
133	148	1
133	147	1
133	146	1
133	145	1
133	144	1
133	143	1
133	142	1
133	141	1
133	140	1
133	139	1
133	138	1
133	137	1
133	136	1
133	135	1
133	134	1
133	133	1
133	132	1
133	131	1
133	130	1
133	129	1
133	128	1
133	127	1
133	126	1
133	125	1
133	124	1
133	123	1
133	122	1
133	121	1
133	120	1
133	119	1
133	118	1
133	117	1
133	116	1
133	115	1
133	114	1
133	113	1
133	112	1
133	111	1
133	110	1
133	109	1
133	108	1
133	107	1
133	106	1
133	105	1
133	104	1
133	103	1
133	102	1
133	101	1
133	100	1
133	99	2
133	98	2
133	97	1
133	96	2
133	95	2
133	94	1
133	93	2
133	92	2
133	91	1
133	90	1
133	89	2
133	88	2
133	87	2
133	86	2
133	85	1
133	84	2
133	83	2
133	82	1
133	81	1
133	80	1
133	79	1
133	78	1
133	77	1
133	76	1
133	75	1
133	74	1
133	73	1
133	72	1
133	71	1
133	70	1
133	69	1
133	68	1
133	67	1
133	66	1
133	65	1
133	64	1
133	63	1
133	62	1
133	61	1
133	60	1
133	59	1
133	58	1
133	57	1
133	56	1
133	55	1
133	54	1
133	53	1
133	52	1
133	51	1
133	50	1
133	49	1
133	48	1
133	47	1
133	46	1
133	45	1
133	44	1
133	43	1
133	42	1
133	41	1
133	40	1
133	39	1
133	38	1
133	37	1
133	36	1
133	35	1
133	34	1
133	33	1
133	32	1
133	31	1
133	30	1
133	29	1
133	28	1
133	27	1
133	26	1
133	25	1
133	24	1
133	23	1
133	22	1
133	21	1
133	20	1
133	19	1
133	18	1
133	17	1
133	16	1
133	15	1
133	14	1
133	13	1
133	12	1
133	11	1
133	10	1
133	9	1
133	8	1
133	7	1
133	6	1
133	5	1
133	4	1
133	3	1
133	2	1
133	1	1
134	216	1
134	215	1
134	214	1
134	213	1
134	212	1
134	211	1
134	210	1
134	209	1
134	208	1
134	207	1
134	206	1
134	205	1
134	204	1
134	203	1
134	202	1
134	201	1
134	200	1
134	199	1
134	198	1
134	197	1
134	196	1
134	195	1
134	194	1
134	193	1
134	192	1
134	191	1
134	190	1
134	189	1
134	188	1
134	187	1
134	186	1
134	185	1
134	184	1
134	183	1
134	182	1
134	181	1
134	180	1
134	179	1
134	178	1
134	177	1
134	176	1
134	175	1
134	174	1
134	173	1
134	172	1
134	171	1
134	170	1
134	169	1
134	168	1
134	167	2
134	166	2
134	165	1
134	164	1
134	163	1
134	162	1
134	161	1
134	160	1
134	159	1
134	158	1
134	157	1
134	156	1
134	155	1
134	154	1
134	153	1
134	152	1
134	151	1
134	150	1
134	149	1
134	148	1
134	147	1
134	146	1
134	145	1
134	144	1
134	143	1
134	142	1
134	141	1
134	140	1
134	139	1
134	138	1
134	137	1
134	136	1
134	135	1
134	134	1
134	133	1
134	132	1
134	131	1
134	130	1
134	129	1
134	128	1
134	127	1
134	126	1
134	125	1
134	124	1
134	123	1
134	122	1
134	121	1
134	120	1
134	119	1
134	118	1
134	117	1
134	116	1
134	115	1
134	114	1
134	113	1
134	112	1
134	111	1
134	110	1
134	109	1
134	108	1
134	107	1
134	106	1
134	105	1
134	104	2
134	103	2
134	102	1
134	101	1
134	100	1
134	99	1
134	98	2
134	97	2
134	96	2
134	95	2
134	94	2
134	93	1
134	92	2
134	91	2
134	90	2
134	89	2
134	88	2
134	87	2
134	86	2
134	85	1
134	84	2
134	83	2
134	82	1
134	81	1
134	80	1
134	79	1
134	78	1
134	77	1
134	76	1
134	75	1
134	74	1
134	73	1
134	72	1
134	71	1
134	70	1
134	69	1
134	68	1
134	67	1
134	66	1
134	65	1
134	64	1
134	63	1
134	62	1
134	61	1
134	60	1
134	59	1
134	58	1
134	57	1
134	56	1
134	55	1
134	54	1
134	53	1
134	52	1
134	51	1
134	50	1
134	49	1
134	48	1
134	47	1
134	46	1
134	45	1
134	44	1
134	43	1
134	42	1
134	41	1
134	40	1
134	39	1
134	38	1
134	37	1
134	36	1
134	35	1
134	34	1
134	33	1
134	32	1
134	31	1
134	30	1
134	29	1
134	28	1
134	27	1
134	26	1
134	25	1
134	24	1
134	23	1
134	22	1
134	21	1
134	20	1
134	19	1
134	18	1
134	17	1
134	16	1
134	15	1
134	14	1
134	13	1
134	12	1
134	11	1
134	10	1
134	9	1
134	8	1
134	7	1
134	6	1
134	5	1
134	4	1
134	3	1
134	2	1
134	1	1
135	216	1
135	215	1
135	214	1
135	213	1
135	212	1
135	211	1
135	210	1
135	209	1
135	208	1
135	207	1
135	206	1
135	205	1
135	204	1
135	203	1
135	202	1
135	201	1
135	200	1
135	199	1
135	198	1
135	197	1
135	196	1
135	195	1
135	194	1
135	193	1
135	192	1
135	191	1
135	190	1
135	189	1
135	188	1
135	187	1
135	186	1
135	185	1
135	184	1
135	183	1
135	182	1
135	181	1
135	180	1
135	179	1
135	178	1
135	177	1
135	176	1
135	175	1
135	174	1
135	173	1
135	172	1
135	171	1
135	170	1
135	169	1
135	168	1
135	167	1
135	166	1
135	165	1
135	164	1
135	163	1
135	162	1
135	161	1
135	160	1
135	159	1
135	158	1
135	157	1
135	156	1
135	155	1
135	154	1
135	153	1
135	152	1
135	151	1
135	150	1
135	149	1
135	148	1
135	147	1
135	146	1
135	145	1
135	144	1
135	143	1
135	142	1
135	141	1
135	140	1
135	139	1
135	138	1
135	137	1
135	136	1
135	135	1
135	134	1
135	133	1
135	132	1
135	131	1
135	130	1
135	129	1
135	128	1
135	127	1
135	126	1
135	125	1
135	124	1
135	123	1
135	122	1
135	121	1
135	120	1
135	119	1
135	118	1
135	117	1
135	116	1
135	115	1
135	114	1
135	113	1
135	112	1
135	111	1
135	110	1
135	109	1
135	108	1
135	107	1
135	106	1
135	105	1
135	104	2
135	103	2
135	102	1
135	101	1
135	100	1
135	99	1
135	98	2
135	97	2
135	96	2
135	95	2
135	94	2
135	93	1
135	92	1
135	91	1
135	90	2
135	89	2
135	88	2
135	87	2
135	86	2
135	85	2
135	84	2
135	83	2
135	82	1
135	81	1
135	80	1
135	79	1
135	78	1
135	77	1
135	76	1
135	75	1
135	74	1
135	73	1
135	72	1
135	71	1
135	70	1
135	69	1
135	68	1
135	67	1
135	66	1
135	65	1
135	64	1
135	63	1
135	62	1
135	61	1
135	60	1
135	59	1
135	58	1
135	57	1
135	56	1
135	55	1
135	54	1
135	53	1
135	52	1
135	51	1
135	50	1
135	49	1
135	48	1
135	47	1
135	46	1
135	45	1
135	44	1
135	43	1
135	42	1
135	41	1
135	40	1
135	39	1
135	38	1
135	37	1
135	36	1
135	35	1
135	34	1
135	33	1
135	32	1
135	31	1
135	30	1
135	29	1
135	28	1
135	27	1
135	26	1
135	25	1
135	24	1
135	23	1
135	22	1
135	21	1
135	20	1
135	19	1
135	18	1
135	17	1
135	16	1
135	15	1
135	14	1
135	13	1
135	12	1
135	11	1
135	10	1
135	9	1
135	8	1
135	7	1
135	6	1
135	5	1
135	4	1
135	3	1
135	2	1
135	1	1
136	216	1
136	215	1
136	214	1
136	213	1
136	212	1
136	211	1
136	210	1
136	209	1
136	208	1
136	207	1
136	206	1
136	205	1
136	204	1
136	203	1
136	202	1
136	201	1
136	200	1
136	199	1
136	198	1
136	197	1
136	196	1
136	195	1
136	194	1
136	193	1
136	192	1
136	191	1
136	190	1
136	189	1
136	188	1
136	187	1
136	186	1
136	185	1
136	184	1
136	183	1
136	182	1
136	181	1
136	180	1
136	179	1
136	178	1
136	177	1
136	176	1
136	175	1
136	174	1
136	173	1
136	172	1
136	171	1
136	170	1
136	169	1
136	168	1
136	167	1
136	166	1
136	165	1
136	164	1
136	163	1
136	162	1
136	161	1
136	160	1
136	159	1
136	158	1
136	157	1
136	156	1
136	155	1
136	154	1
136	153	1
136	152	1
136	151	1
136	150	1
136	149	1
136	148	1
136	147	1
136	146	1
136	145	1
136	144	1
136	143	1
136	142	1
136	141	1
136	140	1
136	139	1
136	138	2
136	137	1
136	136	1
136	135	1
136	134	1
136	133	1
136	132	1
136	131	1
136	130	1
136	129	1
136	128	1
136	127	1
136	126	1
136	125	1
136	124	1
136	123	1
136	122	1
136	121	1
136	120	1
136	119	1
136	118	1
136	117	1
136	116	1
136	115	1
136	114	1
136	113	1
136	112	1
136	111	1
136	110	1
136	109	1
136	108	1
136	107	1
136	106	1
136	105	1
136	104	1
136	103	2
136	102	2
136	101	1
136	100	1
136	99	1
136	98	2
136	97	2
136	96	2
136	95	2
136	94	1
136	93	1
136	92	1
136	91	1
136	90	1
136	89	2
136	88	2
136	87	2
136	86	2
136	85	2
136	84	2
136	83	2
136	82	1
136	81	1
136	80	1
136	79	1
136	78	1
136	77	1
136	76	1
136	75	1
136	74	1
136	73	1
136	72	1
136	71	1
136	70	1
136	69	1
136	68	1
136	67	1
136	66	1
136	65	1
136	64	1
136	63	1
136	62	1
136	61	1
136	60	1
136	59	1
136	58	1
136	57	1
136	56	1
136	55	1
136	54	1
136	53	1
136	52	1
136	51	1
136	50	1
136	49	1
136	48	1
136	47	1
136	46	1
136	45	1
136	44	1
136	43	1
136	42	1
136	41	1
136	40	1
136	39	1
136	38	1
136	37	1
136	36	1
136	35	1
136	34	1
136	33	1
136	32	1
136	31	1
136	30	1
136	29	1
136	28	1
136	27	1
136	26	1
136	25	1
136	24	1
136	23	1
136	22	1
136	21	1
136	20	1
136	19	1
136	18	1
136	17	1
136	16	1
136	15	1
136	14	1
136	13	1
136	12	1
136	11	1
136	10	1
136	9	1
136	8	1
136	7	1
136	6	1
136	5	1
136	4	1
136	3	1
136	2	1
136	1	1
137	216	1
137	215	1
137	214	1
137	213	1
137	212	1
137	211	1
137	210	1
137	209	1
137	208	1
137	207	1
137	206	1
137	205	1
137	204	1
137	203	1
137	202	1
137	201	1
137	200	1
137	199	1
137	198	1
137	197	1
137	196	1
137	195	1
137	194	1
137	193	1
137	192	1
137	191	1
137	190	1
137	189	1
137	188	1
137	187	1
137	186	1
137	185	1
137	184	1
137	183	1
137	182	1
137	181	1
137	180	1
137	179	1
137	178	1
137	177	1
137	176	1
137	175	1
137	174	1
137	173	1
137	172	1
137	171	1
137	170	1
137	169	1
137	168	1
137	167	1
137	166	1
137	165	1
137	164	1
137	163	1
137	162	1
137	161	1
137	160	1
137	159	1
137	158	1
137	157	1
137	156	1
137	155	1
137	154	1
137	153	1
137	152	1
137	151	1
137	150	1
137	149	1
137	148	1
137	147	1
137	146	1
137	145	1
137	144	1
137	143	1
137	142	1
137	141	1
137	140	1
137	139	1
137	138	1
137	137	1
137	136	1
137	135	1
137	134	1
137	133	1
137	132	1
137	131	1
137	130	1
137	129	1
137	128	1
137	127	1
137	126	1
137	125	1
137	124	1
137	123	1
137	122	1
137	121	1
137	120	1
137	119	1
137	118	1
137	117	1
137	116	1
137	115	1
137	114	1
137	113	1
137	112	1
137	111	1
137	110	1
137	109	1
137	108	1
137	107	1
137	106	1
137	105	1
137	104	1
137	103	1
137	102	2
137	101	2
137	100	1
137	99	2
137	98	2
137	97	2
137	96	2
137	95	2
137	94	2
137	93	1
137	92	1
137	91	1
137	90	1
137	89	2
137	88	2
137	87	2
137	86	2
137	85	2
137	84	2
137	83	2
137	82	1
137	81	1
137	80	1
137	79	1
137	78	1
137	77	1
137	76	1
137	75	1
137	74	1
137	73	1
137	72	1
137	71	1
137	70	1
137	69	1
137	68	1
137	67	1
137	66	1
137	65	1
137	64	1
137	63	1
137	62	1
137	61	1
137	60	1
137	59	1
137	58	1
137	57	1
137	56	1
137	55	1
137	54	1
137	53	1
137	52	1
137	51	1
137	50	1
137	49	1
137	48	1
137	47	1
137	46	1
137	45	1
137	44	1
137	43	1
137	42	1
137	41	1
137	40	1
137	39	1
137	38	1
137	37	1
137	36	1
137	35	1
137	34	1
137	33	1
137	32	1
137	31	1
137	30	1
137	29	1
137	28	1
137	27	1
137	26	1
137	25	1
137	24	1
137	23	1
137	22	1
137	21	1
137	20	1
137	19	1
137	18	1
137	17	1
137	16	1
137	15	1
137	14	1
137	13	1
137	12	1
137	11	1
137	10	1
137	9	1
137	8	1
137	7	1
137	6	1
137	5	1
137	4	1
137	3	1
137	2	1
137	1	1
138	216	1
138	215	1
138	214	1
138	213	1
138	212	1
138	211	1
138	210	1
138	209	1
138	208	1
138	207	1
138	206	1
138	205	1
138	204	1
138	203	1
138	202	1
138	201	1
138	200	1
138	199	1
138	198	1
138	197	1
138	196	1
138	195	1
138	194	1
138	193	1
138	192	1
138	191	1
138	190	1
138	189	1
138	188	1
138	187	1
138	186	1
138	185	1
138	184	1
138	183	1
138	182	1
138	181	1
138	180	1
138	179	1
138	178	1
138	177	1
138	176	1
138	175	1
138	174	1
138	173	1
138	172	1
138	171	1
138	170	1
138	169	1
138	168	1
138	167	1
138	166	1
138	165	1
138	164	1
138	163	1
138	162	1
138	161	1
138	160	1
138	159	1
138	158	1
138	157	1
138	156	1
138	155	1
138	154	1
138	153	1
138	152	1
138	151	1
138	150	1
138	149	1
138	148	1
138	147	1
138	146	1
138	145	1
138	144	1
138	143	1
138	142	1
138	141	1
138	140	1
138	139	1
138	138	1
138	137	1
138	136	1
138	135	1
138	134	1
138	133	1
138	132	1
138	131	1
138	130	1
138	129	1
138	128	1
138	127	1
138	126	1
138	125	1
138	124	1
138	123	1
138	122	1
138	121	1
138	120	1
138	119	1
138	118	1
138	117	1
138	116	1
138	115	1
138	114	1
138	113	1
138	112	1
138	111	1
138	110	1
138	109	1
138	108	1
138	107	1
138	106	1
138	105	1
138	104	1
138	103	1
138	102	1
138	101	2
138	100	2
138	99	2
138	98	2
138	97	2
138	96	2
138	95	2
138	94	2
138	93	2
138	92	1
138	91	1
138	90	1
138	89	2
138	88	1
138	87	2
138	86	2
138	85	2
138	84	1
138	83	1
138	82	1
138	81	1
138	80	1
138	79	1
138	78	1
138	77	1
138	76	1
138	75	1
138	74	1
138	73	1
138	72	1
138	71	1
138	70	1
138	69	1
138	68	1
138	67	1
138	66	1
138	65	1
138	64	1
138	63	1
138	62	1
138	61	1
138	60	1
138	59	1
138	58	1
138	57	1
138	56	1
138	55	1
138	54	1
138	53	1
138	52	1
138	51	1
138	50	1
138	49	1
138	48	1
138	47	1
138	46	1
138	45	1
138	44	1
138	43	1
138	42	1
138	41	1
138	40	1
138	39	1
138	38	1
138	37	1
138	36	1
138	35	1
138	34	1
138	33	1
138	32	1
138	31	1
138	30	1
138	29	1
138	28	1
138	27	2
138	26	1
138	25	1
138	24	1
138	23	1
138	22	1
138	21	1
138	20	1
138	19	1
138	18	1
138	17	1
138	16	1
138	15	1
138	14	1
138	13	1
138	12	1
138	11	1
138	10	1
138	9	1
138	8	1
138	7	1
138	6	1
138	5	1
138	4	1
138	3	1
138	2	1
138	1	1
139	216	1
139	215	1
139	214	1
139	213	1
139	212	1
139	211	1
139	210	1
139	209	1
139	208	1
139	207	1
139	206	1
139	205	1
139	204	1
139	203	1
139	202	1
139	201	1
139	200	1
139	199	1
139	198	1
139	197	1
139	196	1
139	195	1
139	194	1
139	193	1
139	192	1
139	191	1
139	190	1
139	189	1
139	188	1
139	187	1
139	186	1
139	185	1
139	184	1
139	183	1
139	182	1
139	181	1
139	180	1
139	179	1
139	178	1
139	177	1
139	176	1
139	175	1
139	174	1
139	173	1
139	172	1
139	171	1
139	170	1
139	169	1
139	168	1
139	167	1
139	166	1
139	165	1
139	164	1
139	163	1
139	162	1
139	161	1
139	160	1
139	159	1
139	158	1
139	157	1
139	156	1
139	155	1
139	154	1
139	153	1
139	152	1
139	151	1
139	150	1
139	149	1
139	148	1
139	147	1
139	146	1
139	145	1
139	144	1
139	143	1
139	142	1
139	141	1
139	140	1
139	139	1
139	138	1
139	137	1
139	136	1
139	135	1
139	134	1
139	133	1
139	132	1
139	131	1
139	130	1
139	129	1
139	128	1
139	127	1
139	126	1
139	125	1
139	124	1
139	123	1
139	122	1
139	121	1
139	120	1
139	119	1
139	118	1
139	117	1
139	116	1
139	115	1
139	114	1
139	113	1
139	112	1
139	111	1
139	110	1
139	109	1
139	108	1
139	107	1
139	106	1
139	105	1
139	104	1
139	103	1
139	102	1
139	101	1
139	100	2
139	99	2
139	98	2
139	97	2
139	96	2
139	95	2
139	94	2
139	93	2
139	92	1
139	91	1
139	90	1
139	89	2
139	88	2
139	87	2
139	86	2
139	85	2
139	84	1
139	83	1
139	82	1
139	81	1
139	80	1
139	79	1
139	78	1
139	77	1
139	76	1
139	75	1
139	74	1
139	73	1
139	72	1
139	71	1
139	70	1
139	69	1
139	68	1
139	67	1
139	66	1
139	65	1
139	64	1
139	63	1
139	62	1
139	61	1
139	60	1
139	59	1
139	58	1
139	57	1
139	56	1
139	55	1
139	54	1
139	53	1
139	52	1
139	51	1
139	50	1
139	49	1
139	48	1
139	47	1
139	46	1
139	45	1
139	44	1
139	43	1
139	42	1
139	41	1
139	40	1
139	39	1
139	38	1
139	37	1
139	36	1
139	35	1
139	34	1
139	33	1
139	32	1
139	31	1
139	30	1
139	29	1
139	28	2
139	27	2
139	26	1
139	25	1
139	24	1
139	23	1
139	22	1
139	21	1
139	20	1
139	19	1
139	18	1
139	17	1
139	16	1
139	15	1
139	14	1
139	13	1
139	12	1
139	11	1
139	10	1
139	9	1
139	8	1
139	7	1
139	6	1
139	5	1
139	4	1
139	3	1
139	2	1
139	1	1
140	216	1
140	215	1
140	214	1
140	213	1
140	212	1
140	211	1
140	210	1
140	209	1
140	208	1
140	207	1
140	206	1
140	205	1
140	204	1
140	203	1
140	202	1
140	201	1
140	200	1
140	199	1
140	198	1
140	197	1
140	196	1
140	195	1
140	194	1
140	193	1
140	192	1
140	191	1
140	190	1
140	189	1
140	188	1
140	187	1
140	186	1
140	185	1
140	184	1
140	183	1
140	182	1
140	181	1
140	180	1
140	179	1
140	178	1
140	177	1
140	176	1
140	175	1
140	174	1
140	173	1
140	172	1
140	171	1
140	170	1
140	169	1
140	168	1
140	167	1
140	166	1
140	165	1
140	164	1
140	163	1
140	162	1
140	161	1
140	160	1
140	159	1
140	158	1
140	157	1
140	156	1
140	155	1
140	154	1
140	153	1
140	152	1
140	151	1
140	150	1
140	149	1
140	148	1
140	147	1
140	146	1
140	145	1
140	144	1
140	143	1
140	142	1
140	141	1
140	140	1
140	139	1
140	138	1
140	137	1
140	136	1
140	135	1
140	134	1
140	133	1
140	132	1
140	131	1
140	130	1
140	129	1
140	128	1
140	127	1
140	126	1
140	125	1
140	124	1
140	123	1
140	122	1
140	121	1
140	120	1
140	119	1
140	118	1
140	117	1
140	116	1
140	115	1
140	114	1
140	113	1
140	112	1
140	111	1
140	110	1
140	109	1
140	108	1
140	107	1
140	106	1
140	105	1
140	104	1
140	103	1
140	102	1
140	101	1
140	100	2
140	99	2
140	98	2
140	97	2
140	96	1
140	95	1
140	94	1
140	93	2
140	92	2
140	91	1
140	90	1
140	89	2
140	88	2
140	87	2
140	86	2
140	85	2
140	84	1
140	83	1
140	82	1
140	81	1
140	80	1
140	79	1
140	78	1
140	77	1
140	76	1
140	75	1
140	74	1
140	73	1
140	72	1
140	71	1
140	70	1
140	69	1
140	68	1
140	67	1
140	66	1
140	65	1
140	64	1
140	63	1
140	62	1
140	61	1
140	60	1
140	59	1
140	58	1
140	57	1
140	56	1
140	55	1
140	54	1
140	53	1
140	52	1
140	51	1
140	50	1
140	49	1
140	48	1
140	47	1
140	46	1
140	45	1
140	44	1
140	43	1
140	42	1
140	41	1
140	40	1
140	39	1
140	38	1
140	37	1
140	36	1
140	35	1
140	34	1
140	33	1
140	32	1
140	31	1
140	30	1
140	29	1
140	28	1
140	27	2
140	26	2
140	25	1
140	24	1
140	23	1
140	22	1
140	21	1
140	20	1
140	19	1
140	18	1
140	17	1
140	16	1
140	15	1
140	14	1
140	13	1
140	12	1
140	11	1
140	10	1
140	9	1
140	8	1
140	7	1
140	6	1
140	5	1
140	4	1
140	3	1
140	2	1
140	1	1
141	216	1
141	215	1
141	214	1
141	213	1
141	212	1
141	211	1
141	210	1
141	209	1
141	208	1
141	207	1
141	206	1
141	205	1
141	204	1
141	203	1
141	202	1
141	201	1
141	200	1
141	199	1
141	198	1
141	197	1
141	196	1
141	195	1
141	194	1
141	193	1
141	192	1
141	191	1
141	190	1
141	189	1
141	188	1
141	187	1
141	186	1
141	185	1
141	184	1
141	183	1
141	182	1
141	181	1
141	180	1
141	179	1
141	178	1
141	177	1
141	176	1
141	175	1
141	174	1
141	173	1
141	172	1
141	171	1
141	170	1
141	169	1
141	168	1
141	167	1
141	166	1
141	165	1
141	164	1
141	163	1
141	162	1
141	161	1
141	160	1
141	159	1
141	158	1
141	157	1
141	156	1
141	155	1
141	154	1
141	153	1
141	152	1
141	151	1
141	150	1
141	149	1
141	148	1
141	147	1
141	146	1
141	145	1
141	144	1
141	143	1
141	142	1
141	141	1
141	140	1
141	139	1
141	138	1
141	137	1
141	136	1
141	135	1
141	134	1
141	133	1
141	132	1
141	131	1
141	130	1
141	129	1
141	128	1
141	127	1
141	126	1
141	125	1
141	124	1
141	123	1
141	122	1
141	121	1
141	120	1
141	119	1
141	118	1
141	117	1
141	116	1
141	115	1
141	114	1
141	113	1
141	112	1
141	111	1
141	110	1
141	109	1
141	108	1
141	107	1
141	106	1
141	105	1
141	104	1
141	103	1
141	102	1
141	101	1
141	100	2
141	99	2
141	98	2
141	97	2
141	96	1
141	95	1
141	94	1
141	93	1
141	92	1
141	91	1
141	90	1
141	89	1
141	88	2
141	87	2
141	86	2
141	85	2
141	84	1
141	83	1
141	82	1
141	81	1
141	80	1
141	79	1
141	78	1
141	77	1
141	76	1
141	75	1
141	74	1
141	73	1
141	72	1
141	71	1
141	70	1
141	69	1
141	68	1
141	67	1
141	66	1
141	65	1
141	64	1
141	63	1
141	62	1
141	61	1
141	60	1
141	59	1
141	58	1
141	57	1
141	56	1
141	55	1
141	54	1
141	53	1
141	52	1
141	51	1
141	50	1
141	49	1
141	48	1
141	47	1
141	46	1
141	45	1
141	44	1
141	43	1
141	42	1
141	41	1
141	40	1
141	39	1
141	38	1
141	37	1
141	36	1
141	35	1
141	34	1
141	33	1
141	32	1
141	31	1
141	30	1
141	29	1
141	28	1
141	27	1
141	26	2
141	25	2
141	24	1
141	23	1
141	22	1
141	21	1
141	20	1
141	19	1
141	18	1
141	17	1
141	16	1
141	15	1
141	14	1
141	13	1
141	12	1
141	11	1
141	10	1
141	9	1
141	8	1
141	7	1
141	6	1
141	5	1
141	4	1
141	3	1
141	2	1
141	1	1
142	216	1
142	215	1
142	214	1
142	213	1
142	212	1
142	211	1
142	210	1
142	209	1
142	208	1
142	207	1
142	206	1
142	205	1
142	204	1
142	203	1
142	202	1
142	201	1
142	200	1
142	199	1
142	198	1
142	197	1
142	196	1
142	195	1
142	194	1
142	193	1
142	192	1
142	191	1
142	190	1
142	189	1
142	188	1
142	187	1
142	186	1
142	185	1
142	184	1
142	183	1
142	182	1
142	181	1
142	180	1
142	179	1
142	178	1
142	177	1
142	176	1
142	175	1
142	174	1
142	173	1
142	172	1
142	171	1
142	170	1
142	169	1
142	168	1
142	167	1
142	166	1
142	165	1
142	164	1
142	163	1
142	162	1
142	161	1
142	160	1
142	159	1
142	158	1
142	157	1
142	156	1
142	155	1
142	154	1
142	153	1
142	152	1
142	151	1
142	150	1
142	149	1
142	148	1
142	147	1
142	146	1
142	145	1
142	144	1
142	143	1
142	142	1
142	141	1
142	140	1
142	139	1
142	138	1
142	137	1
142	136	1
142	135	1
142	134	1
142	133	1
142	132	1
142	131	1
142	130	1
142	129	1
142	128	1
142	127	1
142	126	1
142	125	1
142	124	1
142	123	1
142	122	1
142	121	1
142	120	1
142	119	1
142	118	1
142	117	1
142	116	1
142	115	1
142	114	1
142	113	1
142	112	1
142	111	1
142	110	1
142	109	1
142	108	1
142	107	1
142	106	2
142	105	2
142	104	1
142	103	1
142	102	1
142	101	2
142	100	2
142	99	2
142	98	2
142	97	1
142	96	1
142	95	1
142	94	1
142	93	1
142	92	1
142	91	1
142	90	1
142	89	1
142	88	2
142	87	2
142	86	2
142	85	2
142	84	1
142	83	1
142	82	1
142	81	1
142	80	1
142	79	1
142	78	1
142	77	1
142	76	1
142	75	1
142	74	1
142	73	1
142	72	1
142	71	1
142	70	1
142	69	1
142	68	1
142	67	1
142	66	1
142	65	1
142	64	1
142	63	1
142	62	1
142	61	1
142	60	1
142	59	1
142	58	1
142	57	1
142	56	1
142	55	1
142	54	1
142	53	1
142	52	1
142	51	1
142	50	1
142	49	1
142	48	1
142	47	1
142	46	1
142	45	1
142	44	1
142	43	1
142	42	1
142	41	1
142	40	1
142	39	1
142	38	1
142	37	1
142	36	1
142	35	1
142	34	1
142	33	1
142	32	1
142	31	1
142	30	1
142	29	1
142	28	1
142	27	1
142	26	1
142	25	1
142	24	2
142	23	1
142	22	1
142	21	1
142	20	1
142	19	1
142	18	1
142	17	1
142	16	1
142	15	1
142	14	1
142	13	1
142	12	1
142	11	1
142	10	1
142	9	1
142	8	1
142	7	1
142	6	1
142	5	1
142	4	1
142	3	1
142	2	1
142	1	1
143	216	1
143	215	1
143	214	1
143	213	1
143	212	1
143	211	1
143	210	1
143	209	1
143	208	1
143	207	1
143	206	1
143	205	1
143	204	1
143	203	1
143	202	1
143	201	1
143	200	1
143	199	1
143	198	1
143	197	1
143	196	1
143	195	1
143	194	1
143	193	1
143	192	1
143	191	1
143	190	1
143	189	1
143	188	1
143	187	1
143	186	1
143	185	1
143	184	1
143	183	1
143	182	1
143	181	1
143	180	1
143	179	1
143	178	1
143	177	1
143	176	1
143	175	1
143	174	1
143	173	1
143	172	1
143	171	1
143	170	1
143	169	1
143	168	1
143	167	1
143	166	1
143	165	1
143	164	1
143	163	1
143	162	1
143	161	1
143	160	1
143	159	1
143	158	1
143	157	1
143	156	1
143	155	1
143	154	1
143	153	1
143	152	1
143	151	1
143	150	1
143	149	1
143	148	1
143	147	1
143	146	1
143	145	1
143	144	1
143	143	1
143	142	1
143	141	1
143	140	1
143	139	1
143	138	1
143	137	1
143	136	1
143	135	1
143	134	1
143	133	1
143	132	1
143	131	1
143	130	1
143	129	1
143	128	1
143	127	1
143	126	1
143	125	1
143	124	1
143	123	1
143	122	1
143	121	1
143	120	1
143	119	1
143	118	1
143	117	1
143	116	1
143	115	1
143	114	1
143	113	1
143	112	1
143	111	1
143	110	1
143	109	1
143	108	1
143	107	1
143	106	2
143	105	2
143	104	2
143	103	1
143	102	1
143	101	2
143	100	2
143	99	2
143	98	1
143	97	1
143	96	1
143	95	1
143	94	1
143	93	1
143	92	1
143	91	1
143	90	1
143	89	1
143	88	2
143	87	2
143	86	2
143	85	2
143	84	1
143	83	1
143	82	1
143	81	1
143	80	1
143	79	1
143	78	1
143	77	1
143	76	1
143	75	1
143	74	1
143	73	1
143	72	1
143	71	1
143	70	1
143	69	1
143	68	1
143	67	1
143	66	1
143	65	1
143	64	1
143	63	1
143	62	1
143	61	1
143	60	1
143	59	1
143	58	1
143	57	1
143	56	1
143	55	1
143	54	1
143	53	1
143	52	1
143	51	1
143	50	1
143	49	1
143	48	1
143	47	1
143	46	1
143	45	1
143	44	1
143	43	1
143	42	1
143	41	1
143	40	1
143	39	1
143	38	1
143	37	1
143	36	1
143	35	1
143	34	1
143	33	1
143	32	1
143	31	1
143	30	1
143	29	1
143	28	1
143	27	1
143	26	1
143	25	1
143	24	2
143	23	2
143	22	1
143	21	1
143	20	1
143	19	1
143	18	1
143	17	1
143	16	1
143	15	1
143	14	1
143	13	1
143	12	1
143	11	1
143	10	1
143	9	1
143	8	1
143	7	1
143	6	1
143	5	1
143	4	1
143	3	1
143	2	1
143	1	1
144	216	1
144	215	1
144	214	1
144	213	1
144	212	1
144	211	1
144	210	1
144	209	1
144	208	1
144	207	1
144	206	1
144	205	1
144	204	1
144	203	1
144	202	1
144	201	1
144	200	1
144	199	1
144	198	1
144	197	1
144	196	1
144	195	1
144	194	1
144	193	1
144	192	1
144	191	1
144	190	1
144	189	1
144	188	1
144	187	1
144	186	1
144	185	1
144	184	1
144	183	1
144	182	1
144	181	1
144	180	1
144	179	1
144	178	1
144	177	1
144	176	1
144	175	1
144	174	1
144	173	1
144	172	1
144	171	1
144	170	1
144	169	1
144	168	1
144	167	1
144	166	1
144	165	1
144	164	1
144	163	1
144	162	1
144	161	1
144	160	1
144	159	1
144	158	1
144	157	1
144	156	1
144	155	1
144	154	1
144	153	1
144	152	1
144	151	1
144	150	1
144	149	1
144	148	1
144	147	1
144	146	1
144	145	1
144	144	1
144	143	1
144	142	1
144	141	1
144	140	1
144	139	1
144	138	1
144	137	1
144	136	1
144	135	1
144	134	1
144	133	1
144	132	1
144	131	1
144	130	1
144	129	1
144	128	1
144	127	1
144	126	1
144	125	1
144	124	1
144	123	1
144	122	1
144	121	1
144	120	1
144	119	1
144	118	1
144	117	1
144	116	1
144	115	1
144	114	1
144	113	1
144	112	1
144	111	1
144	110	1
144	109	1
144	108	1
144	107	1
144	106	1
144	105	2
144	104	2
144	103	2
144	102	2
144	101	2
144	100	2
144	99	2
144	98	1
144	97	1
144	96	1
144	95	1
144	94	1
144	93	1
144	92	1
144	91	1
144	90	1
144	89	1
144	88	2
144	87	2
144	86	2
144	85	2
144	84	1
144	83	1
144	82	1
144	81	1
144	80	1
144	79	1
144	78	1
144	77	1
144	76	1
144	75	1
144	74	1
144	73	1
144	72	1
144	71	1
144	70	1
144	69	1
144	68	1
144	67	1
144	66	1
144	65	1
144	64	1
144	63	1
144	62	1
144	61	1
144	60	1
144	59	1
144	58	1
144	57	1
144	56	1
144	55	1
144	54	1
144	53	1
144	52	1
144	51	1
144	50	1
144	49	1
144	48	1
144	47	1
144	46	1
144	45	1
144	44	1
144	43	1
144	42	1
144	41	1
144	40	1
144	39	1
144	38	1
144	37	1
144	36	1
144	35	1
144	34	1
144	33	1
144	32	1
144	31	1
144	30	1
144	29	1
144	28	1
144	27	1
144	26	1
144	25	1
144	24	1
144	23	2
144	22	1
144	21	1
144	20	1
144	19	1
144	18	1
144	17	1
144	16	1
144	15	1
144	14	1
144	13	1
144	12	1
144	11	1
144	10	1
144	9	1
144	8	1
144	7	1
144	6	1
144	5	1
144	4	1
144	3	1
144	2	1
144	1	1
145	216	1
145	215	1
145	214	1
145	213	1
145	212	1
145	211	1
145	210	1
145	209	1
145	208	1
145	207	1
145	206	1
145	205	1
145	204	1
145	203	1
145	202	1
145	201	1
145	200	1
145	199	1
145	198	1
145	197	1
145	196	1
145	195	1
145	194	1
145	193	1
145	192	1
145	191	1
145	190	1
145	189	1
145	188	1
145	187	1
145	186	1
145	185	1
145	184	1
145	183	1
145	182	1
145	181	1
145	180	1
145	179	1
145	178	1
145	177	1
145	176	1
145	175	1
145	174	1
145	173	1
145	172	1
145	171	1
145	170	1
145	169	1
145	168	1
145	167	1
145	166	1
145	165	1
145	164	1
145	163	1
145	162	1
145	161	1
145	160	1
145	159	1
145	158	1
145	157	1
145	156	1
145	155	1
145	154	1
145	153	1
145	152	1
145	151	1
145	150	1
145	149	1
145	148	1
145	147	1
145	146	1
145	145	1
145	144	1
145	143	1
145	142	1
145	141	1
145	140	1
145	139	1
145	138	1
145	137	1
145	136	1
145	135	1
145	134	1
145	133	1
145	132	1
145	131	1
145	130	1
145	129	1
145	128	1
145	127	1
145	126	1
145	125	1
145	124	1
145	123	1
145	122	1
145	121	1
145	120	1
145	119	1
145	118	1
145	117	1
145	116	1
145	115	1
145	114	1
145	113	1
145	112	1
145	111	1
145	110	1
145	109	1
145	108	1
145	107	1
145	106	1
145	105	1
145	104	1
145	103	2
145	102	2
145	101	2
145	100	2
145	99	2
145	98	1
145	97	1
145	96	1
145	95	1
145	94	1
145	93	1
145	92	2
145	91	1
145	90	1
145	89	1
145	88	2
145	87	2
145	86	2
145	85	1
145	84	1
145	83	1
145	82	1
145	81	1
145	80	1
145	79	1
145	78	1
145	77	1
145	76	1
145	75	1
145	74	1
145	73	1
145	72	1
145	71	1
145	70	1
145	69	1
145	68	1
145	67	1
145	66	1
145	65	1
145	64	1
145	63	1
145	62	1
145	61	1
145	60	1
145	59	1
145	58	1
145	57	1
145	56	1
145	55	1
145	54	1
145	53	1
145	52	1
145	51	1
145	50	1
145	49	1
145	48	1
145	47	1
145	46	1
145	45	1
145	44	1
145	43	1
145	42	1
145	41	1
145	40	1
145	39	1
145	38	1
145	37	1
145	36	1
145	35	1
145	34	1
145	33	1
145	32	1
145	31	1
145	30	1
145	29	1
145	28	1
145	27	1
145	26	1
145	25	1
145	24	1
145	23	1
145	22	1
145	21	1
145	20	1
145	19	1
145	18	1
145	17	1
145	16	1
145	15	1
145	14	1
145	13	1
145	12	1
145	11	1
145	10	1
145	9	1
145	8	1
145	7	1
145	6	1
145	5	1
145	4	1
145	3	1
145	2	1
145	1	1
146	216	1
146	215	1
146	214	1
146	213	1
146	212	1
146	211	1
146	210	1
146	209	1
146	208	1
146	207	1
146	206	1
146	205	1
146	204	1
146	203	1
146	202	1
146	201	1
146	200	1
146	199	1
146	198	1
146	197	1
146	196	1
146	195	1
146	194	1
146	193	1
146	192	1
146	191	1
146	190	1
146	189	1
146	188	1
146	187	1
146	186	1
146	185	1
146	184	1
146	183	1
146	182	1
146	181	1
146	180	1
146	179	1
146	178	1
146	177	1
146	176	1
146	175	1
146	174	1
146	173	1
146	172	1
146	171	1
146	170	1
146	169	1
146	168	1
146	167	1
146	166	1
146	165	1
146	164	1
146	163	1
146	162	1
146	161	1
146	160	1
146	159	1
146	158	1
146	157	1
146	156	1
146	155	1
146	154	1
146	153	1
146	152	1
146	151	1
146	150	1
146	149	1
146	148	1
146	147	1
146	146	1
146	145	1
146	144	1
146	143	1
146	142	1
146	141	1
146	140	1
146	139	1
146	138	1
146	137	1
146	136	1
146	135	1
146	134	2
146	133	1
146	132	1
146	131	1
146	130	1
146	129	1
146	128	1
146	127	1
146	126	1
146	125	1
146	124	1
146	123	1
146	122	1
146	121	1
146	120	1
146	119	1
146	118	1
146	117	1
146	116	1
146	115	1
146	114	1
146	113	1
146	112	1
146	111	1
146	110	1
146	109	1
146	108	2
146	107	1
146	106	1
146	105	1
146	104	1
146	103	2
146	102	2
146	101	2
146	100	2
146	99	1
146	98	1
146	97	1
146	96	1
146	95	1
146	94	1
146	93	1
146	92	1
146	91	2
146	90	2
146	89	2
146	88	2
146	87	2
146	86	2
146	85	1
146	84	1
146	83	1
146	82	1
146	81	1
146	80	1
146	79	1
146	78	1
146	77	1
146	76	1
146	75	1
146	74	1
146	73	1
146	72	1
146	71	1
146	70	1
146	69	1
146	68	1
146	67	1
146	66	1
146	65	1
146	64	1
146	63	1
146	62	1
146	61	1
146	60	1
146	59	1
146	58	1
146	57	1
146	56	1
146	55	1
146	54	1
146	53	1
146	52	1
146	51	1
146	50	1
146	49	1
146	48	1
146	47	1
146	46	1
146	45	1
146	44	1
146	43	1
146	42	1
146	41	1
146	40	1
146	39	1
146	38	1
146	37	1
146	36	1
146	35	1
146	34	1
146	33	1
146	32	1
146	31	1
146	30	1
146	29	1
146	28	1
146	27	1
146	26	1
146	25	1
146	24	1
146	23	1
146	22	1
146	21	1
146	20	1
146	19	1
146	18	1
146	17	1
146	16	1
146	15	1
146	14	1
146	13	1
146	12	1
146	11	1
146	10	1
146	9	1
146	8	1
146	7	1
146	6	1
146	5	1
146	4	1
146	3	1
146	2	1
146	1	1
147	216	1
147	215	1
147	214	1
147	213	1
147	212	1
147	211	1
147	210	1
147	209	1
147	208	1
147	207	1
147	206	1
147	205	1
147	204	1
147	203	1
147	202	1
147	201	1
147	200	1
147	199	1
147	198	1
147	197	1
147	196	1
147	195	1
147	194	1
147	193	1
147	192	1
147	191	1
147	190	1
147	189	1
147	188	1
147	187	1
147	186	1
147	185	1
147	184	1
147	183	1
147	182	1
147	181	1
147	180	1
147	179	1
147	178	1
147	177	1
147	176	1
147	175	1
147	174	1
147	173	1
147	172	1
147	171	1
147	170	1
147	169	1
147	168	1
147	167	1
147	166	1
147	165	1
147	164	1
147	163	1
147	162	1
147	161	1
147	160	1
147	159	1
147	158	1
147	157	1
147	156	1
147	155	1
147	154	1
147	153	1
147	152	1
147	151	1
147	150	1
147	149	1
147	148	1
147	147	1
147	146	1
147	145	1
147	144	1
147	143	1
147	142	1
147	141	1
147	140	1
147	139	1
147	138	1
147	137	1
147	136	1
147	135	1
147	134	1
147	133	1
147	132	1
147	131	1
147	130	1
147	129	1
147	128	1
147	127	1
147	126	1
147	125	1
147	124	1
147	123	1
147	122	1
147	121	1
147	120	1
147	119	1
147	118	1
147	117	1
147	116	1
147	115	1
147	114	1
147	113	1
147	112	1
147	111	1
147	110	1
147	109	1
147	108	2
147	107	1
147	106	1
147	105	1
147	104	2
147	103	2
147	102	2
147	101	2
147	100	1
147	99	1
147	98	1
147	97	1
147	96	1
147	95	1
147	94	1
147	93	1
147	92	1
147	91	1
147	90	2
147	89	2
147	88	2
147	87	2
147	86	2
147	85	1
147	84	1
147	83	1
147	82	1
147	81	1
147	80	1
147	79	1
147	78	1
147	77	1
147	76	1
147	75	1
147	74	1
147	73	1
147	72	1
147	71	1
147	70	1
147	69	1
147	68	1
147	67	1
147	66	1
147	65	1
147	64	1
147	63	1
147	62	1
147	61	1
147	60	1
147	59	1
147	58	1
147	57	1
147	56	1
147	55	1
147	54	1
147	53	1
147	52	1
147	51	1
147	50	1
147	49	1
147	48	1
147	47	1
147	46	1
147	45	1
147	44	1
147	43	1
147	42	1
147	41	1
147	40	1
147	39	1
147	38	1
147	37	1
147	36	1
147	35	1
147	34	1
147	33	1
147	32	1
147	31	1
147	30	1
147	29	1
147	28	1
147	27	1
147	26	1
147	25	1
147	24	1
147	23	1
147	22	1
147	21	1
147	20	1
147	19	1
147	18	1
147	17	1
147	16	1
147	15	1
147	14	1
147	13	1
147	12	1
147	11	1
147	10	1
147	9	1
147	8	1
147	7	1
147	6	1
147	5	1
147	4	1
147	3	1
147	2	1
147	1	1
148	216	1
148	215	1
148	214	1
148	213	1
148	212	1
148	211	1
148	210	1
148	209	1
148	208	1
148	207	1
148	206	1
148	205	1
148	204	1
148	203	1
148	202	1
148	201	1
148	200	1
148	199	1
148	198	1
148	197	1
148	196	1
148	195	1
148	194	1
148	193	1
148	192	1
148	191	1
148	190	1
148	189	1
148	188	1
148	187	1
148	186	1
148	185	1
148	184	1
148	183	1
148	182	1
148	181	1
148	180	1
148	179	1
148	178	1
148	177	1
148	176	1
148	175	1
148	174	1
148	173	1
148	172	1
148	171	1
148	170	1
148	169	1
148	168	1
148	167	1
148	166	1
148	165	1
148	164	1
148	163	1
148	162	1
148	161	1
148	160	1
148	159	1
148	158	1
148	157	1
148	156	1
148	155	1
148	154	1
148	153	1
148	152	1
148	151	1
148	150	1
148	149	1
148	148	1
148	147	1
148	146	1
148	145	1
148	144	1
148	143	1
148	142	1
148	141	1
148	140	1
148	139	1
148	138	1
148	137	1
148	136	1
148	135	1
148	134	1
148	133	1
148	132	1
148	131	1
148	130	1
148	129	1
148	128	1
148	127	1
148	126	1
148	125	1
148	124	1
148	123	1
148	122	1
148	121	1
148	120	1
148	119	1
148	118	1
148	117	1
148	116	1
148	115	1
148	114	1
148	113	1
148	112	1
148	111	2
148	110	1
148	109	1
148	108	2
148	107	1
148	106	1
148	105	2
148	104	2
148	103	2
148	102	2
148	101	2
148	100	1
148	99	1
148	98	1
148	97	1
148	96	1
148	95	1
148	94	1
148	93	1
148	92	1
148	91	1
148	90	1
148	89	2
148	88	2
148	87	2
148	86	2
148	85	1
148	84	1
148	83	1
148	82	1
148	81	1
148	80	1
148	79	1
148	78	1
148	77	1
148	76	1
148	75	1
148	74	1
148	73	1
148	72	1
148	71	1
148	70	1
148	69	1
148	68	1
148	67	1
148	66	1
148	65	1
148	64	1
148	63	1
148	62	1
148	61	1
148	60	1
148	59	1
148	58	1
148	57	1
148	56	1
148	55	1
148	54	1
148	53	1
148	52	1
148	51	1
148	50	1
148	49	1
148	48	1
148	47	1
148	46	1
148	45	1
148	44	1
148	43	1
148	42	1
148	41	1
148	40	1
148	39	1
148	38	1
148	37	1
148	36	1
148	35	1
148	34	1
148	33	1
148	32	1
148	31	1
148	30	1
148	29	1
148	28	1
148	27	1
148	26	1
148	25	1
148	24	1
148	23	1
148	22	1
148	21	1
148	20	1
148	19	1
148	18	1
148	17	1
148	16	1
148	15	1
148	14	1
148	13	1
148	12	1
148	11	1
148	10	1
148	9	1
148	8	1
148	7	1
148	6	1
148	5	1
148	4	1
148	3	1
148	2	1
148	1	1
149	216	1
149	215	1
149	214	1
149	213	1
149	212	1
149	211	1
149	210	1
149	209	1
149	208	1
149	207	1
149	206	1
149	205	1
149	204	1
149	203	1
149	202	1
149	201	1
149	200	1
149	199	1
149	198	1
149	197	1
149	196	1
149	195	1
149	194	1
149	193	1
149	192	1
149	191	1
149	190	1
149	189	1
149	188	1
149	187	1
149	186	1
149	185	1
149	184	1
149	183	1
149	182	1
149	181	1
149	180	1
149	179	1
149	178	1
149	177	1
149	176	1
149	175	1
149	174	1
149	173	1
149	172	1
149	171	1
149	170	1
149	169	1
149	168	1
149	167	1
149	166	1
149	165	1
149	164	1
149	163	1
149	162	1
149	161	1
149	160	1
149	159	1
149	158	1
149	157	1
149	156	1
149	155	1
149	154	1
149	153	1
149	152	1
149	151	1
149	150	1
149	149	1
149	148	1
149	147	1
149	146	1
149	145	1
149	144	1
149	143	1
149	142	1
149	141	1
149	140	1
149	139	1
149	138	1
149	137	1
149	136	1
149	135	1
149	134	1
149	133	1
149	132	1
149	131	1
149	130	1
149	129	1
149	128	1
149	127	1
149	126	1
149	125	1
149	124	1
149	123	1
149	122	1
149	121	1
149	120	1
149	119	1
149	118	1
149	117	1
149	116	1
149	115	1
149	114	1
149	113	1
149	112	2
149	111	1
149	110	1
149	109	1
149	108	2
149	107	2
149	106	1
149	105	2
149	104	2
149	103	2
149	102	2
149	101	2
149	100	1
149	99	1
149	98	1
149	97	1
149	96	1
149	95	1
149	94	1
149	93	1
149	92	1
149	91	1
149	90	1
149	89	2
149	88	2
149	87	2
149	86	2
149	85	1
149	84	1
149	83	1
149	82	1
149	81	1
149	80	1
149	79	1
149	78	1
149	77	1
149	76	1
149	75	1
149	74	1
149	73	1
149	72	1
149	71	1
149	70	1
149	69	1
149	68	1
149	67	1
149	66	1
149	65	1
149	64	1
149	63	1
149	62	1
149	61	1
149	60	1
149	59	1
149	58	1
149	57	1
149	56	1
149	55	1
149	54	1
149	53	1
149	52	1
149	51	1
149	50	1
149	49	1
149	48	1
149	47	1
149	46	1
149	45	1
149	44	1
149	43	1
149	42	1
149	41	1
149	40	1
149	39	1
149	38	1
149	37	1
149	36	1
149	35	1
149	34	1
149	33	1
149	32	1
149	31	1
149	30	1
149	29	1
149	28	1
149	27	1
149	26	1
149	25	1
149	24	1
149	23	1
149	22	1
149	21	1
149	20	1
149	19	1
149	18	1
149	17	1
149	16	1
149	15	1
149	14	1
149	13	1
149	12	1
149	11	1
149	10	1
149	9	1
149	8	1
149	7	1
149	6	1
149	5	1
149	4	1
149	3	1
149	2	1
149	1	1
150	216	1
150	215	1
150	214	1
150	213	1
150	212	1
150	211	1
150	210	1
150	209	1
150	208	1
150	207	1
150	206	1
150	205	1
150	204	1
150	203	1
150	202	1
150	201	1
150	200	1
150	199	1
150	198	1
150	197	1
150	196	1
150	195	1
150	194	1
150	193	1
150	192	1
150	191	1
150	190	1
150	189	1
150	188	1
150	187	1
150	186	1
150	185	1
150	184	1
150	183	1
150	182	1
150	181	1
150	180	1
150	179	1
150	178	1
150	177	1
150	176	1
150	175	1
150	174	1
150	173	1
150	172	1
150	171	1
150	170	1
150	169	1
150	168	1
150	167	1
150	166	1
150	165	1
150	164	1
150	163	1
150	162	1
150	161	1
150	160	1
150	159	1
150	158	1
150	157	1
150	156	2
150	155	1
150	154	1
150	153	1
150	152	1
150	151	1
150	150	1
150	149	1
150	148	1
150	147	1
150	146	1
150	145	1
150	144	1
150	143	1
150	142	1
150	141	1
150	140	1
150	139	1
150	138	1
150	137	1
150	136	1
150	135	1
150	134	1
150	133	1
150	132	1
150	131	1
150	130	1
150	129	1
150	128	1
150	127	1
150	126	1
150	125	1
150	124	1
150	123	1
150	122	1
150	121	1
150	120	1
150	119	1
150	118	1
150	117	1
150	116	1
150	115	1
150	114	1
150	113	1
150	112	1
150	111	1
150	110	1
150	109	1
150	108	1
150	107	2
150	106	2
150	105	2
150	104	2
150	103	2
150	102	2
150	101	1
150	100	1
150	99	1
150	98	1
150	97	1
150	96	1
150	95	2
150	94	2
150	93	2
150	92	1
150	91	1
150	90	1
150	89	2
150	88	2
150	87	2
150	86	2
150	85	1
150	84	1
150	83	1
150	82	1
150	81	1
150	80	1
150	79	1
150	78	1
150	77	1
150	76	1
150	75	1
150	74	1
150	73	1
150	72	1
150	71	1
150	70	1
150	69	1
150	68	1
150	67	1
150	66	1
150	65	1
150	64	1
150	63	1
150	62	1
150	61	1
150	60	1
150	59	1
150	58	1
150	57	1
150	56	1
150	55	1
150	54	1
150	53	1
150	52	1
150	51	1
150	50	1
150	49	1
150	48	1
150	47	1
150	46	1
150	45	1
150	44	1
150	43	1
150	42	1
150	41	1
150	40	1
150	39	1
150	38	1
150	37	1
150	36	1
150	35	1
150	34	1
150	33	1
150	32	1
150	31	1
150	30	1
150	29	1
150	28	1
150	27	1
150	26	1
150	25	1
150	24	1
150	23	1
150	22	1
150	21	1
150	20	1
150	19	1
150	18	1
150	17	1
150	16	1
150	15	1
150	14	1
150	13	1
150	12	1
150	11	1
150	10	1
150	9	1
150	8	1
150	7	1
150	6	1
150	5	1
150	4	1
150	3	1
150	2	1
150	1	1
151	216	1
151	215	1
151	214	1
151	213	1
151	212	1
151	211	1
151	210	1
151	209	1
151	208	1
151	207	1
151	206	1
151	205	1
151	204	1
151	203	1
151	202	1
151	201	1
151	200	1
151	199	1
151	198	1
151	197	1
151	196	1
151	195	1
151	194	1
151	193	1
151	192	1
151	191	1
151	190	1
151	189	1
151	188	1
151	187	1
151	186	1
151	185	1
151	184	1
151	183	1
151	182	1
151	181	1
151	180	1
151	179	1
151	178	1
151	177	1
151	176	1
151	175	1
151	174	1
151	173	1
151	172	1
151	171	1
151	170	1
151	169	1
151	168	1
151	167	1
151	166	1
151	165	1
151	164	1
151	163	1
151	162	1
151	161	1
151	160	1
151	159	1
151	158	1
151	157	1
151	156	1
151	155	1
151	154	1
151	153	1
151	152	1
151	151	1
151	150	1
151	149	1
151	148	1
151	147	1
151	146	1
151	145	1
151	144	1
151	143	1
151	142	1
151	141	1
151	140	1
151	139	1
151	138	1
151	137	1
151	136	1
151	135	1
151	134	1
151	133	1
151	132	1
151	131	1
151	130	1
151	129	1
151	128	1
151	127	1
151	126	1
151	125	1
151	124	1
151	123	1
151	122	1
151	121	1
151	120	1
151	119	1
151	118	1
151	117	1
151	116	1
151	115	1
151	114	1
151	113	1
151	112	1
151	111	1
151	110	1
151	109	1
151	108	1
151	107	1
151	106	2
151	105	2
151	104	2
151	103	2
151	102	1
151	101	1
151	100	1
151	99	1
151	98	1
151	97	1
151	96	1
151	95	1
151	94	1
151	93	2
151	92	2
151	91	2
151	90	2
151	89	2
151	88	2
151	87	2
151	86	2
151	85	1
151	84	1
151	83	1
151	82	1
151	81	1
151	80	1
151	79	1
151	78	1
151	77	1
151	76	1
151	75	1
151	74	1
151	73	1
151	72	1
151	71	1
151	70	1
151	69	1
151	68	1
151	67	1
151	66	1
151	65	1
151	64	1
151	63	1
151	62	1
151	61	1
151	60	1
151	59	1
151	58	1
151	57	1
151	56	1
151	55	1
151	54	1
151	53	1
151	52	1
151	51	1
151	50	1
151	49	1
151	48	1
151	47	1
151	46	1
151	45	1
151	44	1
151	43	1
151	42	1
151	41	1
151	40	1
151	39	1
151	38	1
151	37	1
151	36	1
151	35	1
151	34	1
151	33	1
151	32	1
151	31	1
151	30	1
151	29	1
151	28	1
151	27	1
151	26	1
151	25	1
151	24	1
151	23	1
151	22	1
151	21	1
151	20	1
151	19	1
151	18	1
151	17	1
151	16	1
151	15	1
151	14	1
151	13	1
151	12	1
151	11	1
151	10	1
151	9	1
151	8	1
151	7	1
151	6	1
151	5	1
151	4	1
151	3	1
151	2	1
151	1	1
152	216	1
152	215	1
152	214	1
152	213	1
152	212	1
152	211	1
152	210	1
152	209	1
152	208	1
152	207	1
152	206	1
152	205	1
152	204	1
152	203	1
152	202	1
152	201	1
152	200	1
152	199	1
152	198	1
152	197	1
152	196	1
152	195	1
152	194	1
152	193	1
152	192	1
152	191	1
152	190	1
152	189	1
152	188	1
152	187	1
152	186	1
152	185	1
152	184	1
152	183	1
152	182	1
152	181	1
152	180	1
152	179	1
152	178	1
152	177	1
152	176	1
152	175	1
152	174	1
152	173	1
152	172	1
152	171	1
152	170	1
152	169	1
152	168	1
152	167	1
152	166	1
152	165	1
152	164	1
152	163	1
152	162	1
152	161	1
152	160	1
152	159	1
152	158	1
152	157	1
152	156	1
152	155	1
152	154	1
152	153	1
152	152	1
152	151	1
152	150	1
152	149	1
152	148	1
152	147	1
152	146	1
152	145	1
152	144	1
152	143	1
152	142	1
152	141	1
152	140	1
152	139	1
152	138	1
152	137	1
152	136	1
152	135	1
152	134	1
152	133	1
152	132	1
152	131	1
152	130	1
152	129	1
152	128	1
152	127	1
152	126	1
152	125	1
152	124	1
152	123	1
152	122	1
152	121	1
152	120	1
152	119	1
152	118	1
152	117	1
152	116	1
152	115	1
152	114	1
152	113	1
152	112	1
152	111	1
152	110	1
152	109	1
152	108	1
152	107	1
152	106	2
152	105	2
152	104	2
152	103	2
152	102	1
152	101	1
152	100	1
152	99	1
152	98	1
152	97	1
152	96	1
152	95	1
152	94	1
152	93	1
152	92	1
152	91	2
152	90	2
152	89	2
152	88	2
152	87	2
152	86	2
152	85	1
152	84	1
152	83	1
152	82	1
152	81	1
152	80	1
152	79	1
152	78	1
152	77	1
152	76	1
152	75	1
152	74	1
152	73	1
152	72	1
152	71	1
152	70	1
152	69	1
152	68	1
152	67	1
152	66	1
152	65	1
152	64	1
152	63	1
152	62	1
152	61	1
152	60	1
152	59	1
152	58	1
152	57	1
152	56	1
152	55	1
152	54	1
152	53	1
152	52	1
152	51	1
152	50	1
152	49	1
152	48	1
152	47	1
152	46	1
152	45	1
152	44	1
152	43	1
152	42	1
152	41	1
152	40	1
152	39	1
152	38	1
152	37	1
152	36	1
152	35	1
152	34	1
152	33	1
152	32	1
152	31	1
152	30	1
152	29	1
152	28	1
152	27	1
152	26	1
152	25	1
152	24	1
152	23	1
152	22	1
152	21	1
152	20	1
152	19	1
152	18	1
152	17	1
152	16	1
152	15	1
152	14	1
152	13	1
152	12	1
152	11	1
152	10	1
152	9	1
152	8	1
152	7	1
152	6	1
152	5	1
152	4	1
152	3	1
152	2	1
152	1	1
153	216	1
153	215	1
153	214	1
153	213	1
153	212	1
153	211	1
153	210	1
153	209	1
153	208	1
153	207	1
153	206	1
153	205	1
153	204	1
153	203	1
153	202	1
153	201	1
153	200	1
153	199	1
153	198	1
153	197	1
153	196	1
153	195	1
153	194	1
153	193	1
153	192	1
153	191	1
153	190	1
153	189	1
153	188	1
153	187	1
153	186	1
153	185	1
153	184	1
153	183	1
153	182	1
153	181	1
153	180	1
153	179	1
153	178	1
153	177	1
153	176	1
153	175	1
153	174	1
153	173	1
153	172	1
153	171	1
153	170	1
153	169	1
153	168	1
153	167	1
153	166	1
153	165	1
153	164	1
153	163	1
153	162	1
153	161	1
153	160	2
153	159	1
153	158	1
153	157	1
153	156	1
153	155	1
153	154	1
153	153	1
153	152	1
153	151	1
153	150	1
153	149	1
153	148	1
153	147	1
153	146	1
153	145	1
153	144	1
153	143	1
153	142	1
153	141	1
153	140	1
153	139	1
153	138	1
153	137	1
153	136	1
153	135	1
153	134	1
153	133	1
153	132	1
153	131	1
153	130	1
153	129	1
153	128	1
153	127	1
153	126	1
153	125	1
153	124	1
153	123	1
153	122	1
153	121	1
153	120	1
153	119	1
153	118	1
153	117	1
153	116	1
153	115	1
153	114	1
153	113	1
153	112	2
153	111	1
153	110	1
153	109	1
153	108	1
153	107	1
153	106	2
153	105	2
153	104	2
153	103	1
153	102	1
153	101	1
153	100	1
153	99	1
153	98	1
153	97	1
153	96	1
153	95	1
153	94	1
153	93	1
153	92	1
153	91	1
153	90	2
153	89	2
153	88	2
153	87	2
153	86	1
153	85	1
153	84	1
153	83	1
153	82	1
153	81	1
153	80	1
153	79	1
153	78	1
153	77	1
153	76	1
153	75	1
153	74	1
153	73	1
153	72	1
153	71	1
153	70	1
153	69	1
153	68	1
153	67	1
153	66	1
153	65	1
153	64	1
153	63	1
153	62	1
153	61	1
153	60	1
153	59	1
153	58	1
153	57	1
153	56	1
153	55	1
153	54	1
153	53	1
153	52	1
153	51	1
153	50	1
153	49	1
153	48	1
153	47	1
153	46	1
153	45	1
153	44	1
153	43	1
153	42	1
153	41	1
153	40	1
153	39	1
153	38	1
153	37	1
153	36	1
153	35	1
153	34	1
153	33	1
153	32	1
153	31	1
153	30	1
153	29	1
153	28	1
153	27	1
153	26	1
153	25	1
153	24	1
153	23	1
153	22	1
153	21	1
153	20	1
153	19	1
153	18	1
153	17	1
153	16	1
153	15	1
153	14	1
153	13	1
153	12	1
153	11	1
153	10	1
153	9	1
153	8	1
153	7	1
153	6	1
153	5	1
153	4	1
153	3	1
153	2	1
153	1	1
154	216	1
154	215	1
154	214	1
154	213	1
154	212	1
154	211	1
154	210	1
154	209	1
154	208	1
154	207	1
154	206	1
154	205	1
154	204	1
154	203	1
154	202	1
154	201	1
154	200	1
154	199	1
154	198	1
154	197	1
154	196	1
154	195	1
154	194	1
154	193	1
154	192	1
154	191	1
154	190	1
154	189	1
154	188	1
154	187	1
154	186	1
154	185	1
154	184	1
154	183	1
154	182	1
154	181	1
154	180	1
154	179	1
154	178	1
154	177	1
154	176	1
154	175	1
154	174	1
154	173	1
154	172	1
154	171	1
154	170	1
154	169	1
154	168	1
154	167	1
154	166	1
154	165	2
154	164	1
154	163	1
154	162	1
154	161	1
154	160	1
154	159	1
154	158	1
154	157	1
154	156	1
154	155	1
154	154	1
154	153	1
154	152	1
154	151	1
154	150	1
154	149	1
154	148	1
154	147	1
154	146	1
154	145	1
154	144	1
154	143	1
154	142	1
154	141	1
154	140	1
154	139	1
154	138	1
154	137	1
154	136	1
154	135	1
154	134	1
154	133	1
154	132	1
154	131	1
154	130	1
154	129	1
154	128	1
154	127	1
154	126	1
154	125	1
154	124	1
154	123	1
154	122	1
154	121	1
154	120	1
154	119	1
154	118	1
154	117	1
154	116	1
154	115	1
154	114	1
154	113	1
154	112	2
154	111	2
154	110	1
154	109	1
154	108	1
154	107	2
154	106	2
154	105	2
154	104	2
154	103	1
154	102	1
154	101	1
154	100	1
154	99	1
154	98	1
154	97	1
154	96	1
154	95	1
154	94	1
154	93	1
154	92	1
154	91	1
154	90	2
154	89	2
154	88	2
154	87	2
154	86	1
154	85	1
154	84	1
154	83	1
154	82	1
154	81	1
154	80	1
154	79	1
154	78	1
154	77	1
154	76	1
154	75	1
154	74	1
154	73	1
154	72	1
154	71	1
154	70	1
154	69	1
154	68	1
154	67	1
154	66	1
154	65	1
154	64	1
154	63	1
154	62	1
154	61	1
154	60	1
154	59	1
154	58	1
154	57	1
154	56	1
154	55	1
154	54	1
154	53	1
154	52	1
154	51	1
154	50	1
154	49	1
154	48	1
154	47	1
154	46	1
154	45	1
154	44	1
154	43	1
154	42	1
154	41	1
154	40	1
154	39	1
154	38	1
154	37	1
154	36	1
154	35	1
154	34	1
154	33	1
154	32	1
154	31	1
154	30	1
154	29	1
154	28	1
154	27	1
154	26	1
154	25	1
154	24	1
154	23	1
154	22	1
154	21	1
154	20	1
154	19	1
154	18	1
154	17	1
154	16	1
154	15	1
154	14	1
154	13	1
154	12	1
154	11	1
154	10	1
154	9	1
154	8	1
154	7	1
154	6	1
154	5	1
154	4	1
154	3	1
154	2	1
154	1	1
155	216	1
155	215	1
155	214	1
155	213	1
155	212	1
155	211	1
155	210	1
155	209	1
155	208	1
155	207	1
155	206	1
155	205	1
155	204	1
155	203	1
155	202	1
155	201	1
155	200	1
155	199	1
155	198	1
155	197	1
155	196	1
155	195	1
155	194	1
155	193	1
155	192	1
155	191	1
155	190	1
155	189	1
155	188	1
155	187	1
155	186	1
155	185	1
155	184	1
155	183	1
155	182	1
155	181	1
155	180	1
155	179	1
155	178	1
155	177	1
155	176	1
155	175	1
155	174	1
155	173	1
155	172	1
155	171	1
155	170	1
155	169	1
155	168	1
155	167	1
155	166	1
155	165	2
155	164	1
155	163	1
155	162	1
155	161	1
155	160	1
155	159	2
155	158	1
155	157	1
155	156	1
155	155	1
155	154	1
155	153	1
155	152	1
155	151	1
155	150	1
155	149	1
155	148	1
155	147	1
155	146	1
155	145	1
155	144	1
155	143	1
155	142	1
155	141	1
155	140	1
155	139	1
155	138	1
155	137	1
155	136	1
155	135	1
155	134	1
155	133	1
155	132	1
155	131	1
155	130	1
155	129	1
155	128	1
155	127	1
155	126	1
155	125	1
155	124	1
155	123	1
155	122	1
155	121	1
155	120	1
155	119	1
155	118	1
155	117	1
155	116	1
155	115	1
155	114	1
155	113	1
155	112	2
155	111	2
155	110	2
155	109	2
155	108	2
155	107	2
155	106	2
155	105	2
155	104	2
155	103	1
155	102	1
155	101	1
155	100	1
155	99	1
155	98	1
155	97	1
155	96	1
155	95	1
155	94	1
155	93	1
155	92	1
155	91	1
155	90	2
155	89	2
155	88	2
155	87	2
155	86	2
155	85	1
155	84	1
155	83	1
155	82	2
155	81	1
155	80	1
155	79	1
155	78	1
155	77	1
155	76	1
155	75	1
155	74	1
155	73	1
155	72	1
155	71	1
155	70	1
155	69	1
155	68	1
155	67	1
155	66	1
155	65	1
155	64	1
155	63	1
155	62	1
155	61	1
155	60	1
155	59	1
155	58	1
155	57	1
155	56	1
155	55	1
155	54	1
155	53	1
155	52	1
155	51	1
155	50	1
155	49	1
155	48	1
155	47	1
155	46	1
155	45	1
155	44	1
155	43	1
155	42	1
155	41	1
155	40	1
155	39	1
155	38	1
155	37	1
155	36	1
155	35	1
155	34	1
155	33	1
155	32	1
155	31	1
155	30	1
155	29	1
155	28	1
155	27	1
155	26	1
155	25	1
155	24	1
155	23	1
155	22	1
155	21	1
155	20	1
155	19	1
155	18	1
155	17	1
155	16	1
155	15	1
155	14	1
155	13	1
155	12	1
155	11	1
155	10	1
155	9	1
155	8	1
155	7	1
155	6	1
155	5	1
155	4	1
155	3	1
155	2	1
155	1	1
156	216	1
156	215	1
156	214	1
156	213	1
156	212	1
156	211	1
156	210	1
156	209	1
156	208	1
156	207	1
156	206	1
156	205	1
156	204	1
156	203	1
156	202	1
156	201	1
156	200	1
156	199	1
156	198	1
156	197	1
156	196	1
156	195	1
156	194	1
156	193	1
156	192	1
156	191	1
156	190	1
156	189	1
156	188	1
156	187	1
156	186	1
156	185	1
156	184	1
156	183	1
156	182	1
156	181	1
156	180	1
156	179	1
156	178	1
156	177	1
156	176	1
156	175	1
156	174	1
156	173	1
156	172	1
156	171	1
156	170	1
156	169	1
156	168	1
156	167	1
156	166	1
156	165	1
156	164	1
156	163	1
156	162	1
156	161	1
156	160	1
156	159	1
156	158	1
156	157	1
156	156	1
156	155	1
156	154	1
156	153	1
156	152	1
156	151	1
156	150	1
156	149	1
156	148	1
156	147	1
156	146	1
156	145	1
156	144	1
156	143	1
156	142	1
156	141	2
156	140	1
156	139	1
156	138	1
156	137	1
156	136	1
156	135	1
156	134	1
156	133	1
156	132	1
156	131	1
156	130	1
156	129	1
156	128	1
156	127	1
156	126	1
156	125	1
156	124	1
156	123	1
156	122	1
156	121	1
156	120	1
156	119	1
156	118	1
156	117	1
156	116	1
156	115	1
156	114	1
156	113	1
156	112	1
156	111	2
156	110	2
156	109	2
156	108	2
156	107	2
156	106	2
156	105	2
156	104	2
156	103	1
156	102	1
156	101	1
156	100	1
156	99	1
156	98	1
156	97	1
156	96	1
156	95	1
156	94	1
156	93	1
156	92	1
156	91	1
156	90	2
156	89	2
156	88	2
156	87	2
156	86	2
156	85	2
156	84	2
156	83	2
156	82	2
156	81	1
156	80	1
156	79	1
156	78	1
156	77	1
156	76	1
156	75	1
156	74	1
156	73	1
156	72	1
156	71	1
156	70	1
156	69	1
156	68	1
156	67	1
156	66	1
156	65	1
156	64	1
156	63	1
156	62	1
156	61	1
156	60	1
156	59	1
156	58	1
156	57	1
156	56	1
156	55	1
156	54	1
156	53	1
156	52	1
156	51	1
156	50	1
156	49	1
156	48	1
156	47	1
156	46	1
156	45	1
156	44	1
156	43	1
156	42	1
156	41	1
156	40	1
156	39	1
156	38	1
156	37	1
156	36	1
156	35	1
156	34	1
156	33	1
156	32	1
156	31	1
156	30	1
156	29	1
156	28	1
156	27	1
156	26	1
156	25	1
156	24	1
156	23	1
156	22	1
156	21	1
156	20	1
156	19	1
156	18	1
156	17	1
156	16	1
156	15	1
156	14	1
156	13	1
156	12	1
156	11	1
156	10	1
156	9	1
156	8	1
156	7	1
156	6	1
156	5	1
156	4	1
156	3	1
156	2	1
156	1	1
157	216	1
157	215	1
157	214	1
157	213	1
157	212	1
157	211	1
157	210	1
157	209	1
157	208	1
157	207	1
157	206	1
157	205	1
157	204	1
157	203	1
157	202	1
157	201	1
157	200	1
157	199	1
157	198	1
157	197	1
157	196	1
157	195	1
157	194	1
157	193	1
157	192	1
157	191	1
157	190	1
157	189	1
157	188	1
157	187	1
157	186	1
157	185	1
157	184	1
157	183	1
157	182	1
157	181	1
157	180	1
157	179	1
157	178	1
157	177	1
157	176	1
157	175	1
157	174	1
157	173	1
157	172	1
157	171	1
157	170	1
157	169	1
157	168	1
157	167	1
157	166	1
157	165	1
157	164	1
157	163	1
157	162	1
157	161	1
157	160	1
157	159	1
157	158	1
157	157	1
157	156	1
157	155	2
157	154	1
157	153	1
157	152	1
157	151	1
157	150	1
157	149	1
157	148	1
157	147	1
157	146	1
157	145	1
157	144	1
157	143	1
157	142	1
157	141	1
157	140	1
157	139	1
157	138	1
157	137	1
157	136	1
157	135	1
157	134	1
157	133	1
157	132	1
157	131	1
157	130	1
157	129	1
157	128	1
157	127	1
157	126	1
157	125	1
157	124	1
157	123	1
157	122	1
157	121	1
157	120	1
157	119	1
157	118	1
157	117	2
157	116	1
157	115	1
157	114	1
157	113	1
157	112	1
157	111	2
157	110	2
157	109	2
157	108	2
157	107	2
157	106	2
157	105	2
157	104	1
157	103	1
157	102	1
157	101	1
157	100	1
157	99	1
157	98	1
157	97	1
157	96	1
157	95	1
157	94	2
157	93	2
157	92	2
157	91	2
157	90	2
157	89	2
157	88	2
157	87	2
157	86	2
157	85	2
157	84	1
157	83	1
157	82	1
157	81	1
157	80	1
157	79	1
157	78	1
157	77	1
157	76	1
157	75	1
157	74	1
157	73	1
157	72	1
157	71	1
157	70	1
157	69	1
157	68	1
157	67	1
157	66	1
157	65	1
157	64	1
157	63	1
157	62	1
157	61	1
157	60	1
157	59	1
157	58	1
157	57	1
157	56	1
157	55	1
157	54	1
157	53	1
157	52	1
157	51	1
157	50	1
157	49	1
157	48	1
157	47	1
157	46	1
157	45	1
157	44	1
157	43	1
157	42	1
157	41	1
157	40	1
157	39	1
157	38	1
157	37	1
157	36	1
157	35	1
157	34	1
157	33	1
157	32	1
157	31	1
157	30	1
157	29	1
157	28	1
157	27	1
157	26	1
157	25	1
157	24	1
157	23	1
157	22	1
157	21	1
157	20	1
157	19	1
157	18	1
157	17	1
157	16	1
157	15	1
157	14	1
157	13	1
157	12	1
157	11	1
157	10	1
157	9	1
157	8	1
157	7	1
157	6	1
157	5	1
157	4	1
157	3	1
157	2	1
157	1	1
158	216	1
158	215	1
158	214	1
158	213	1
158	212	1
158	211	1
158	210	1
158	209	1
158	208	1
158	207	1
158	206	1
158	205	1
158	204	1
158	203	1
158	202	1
158	201	1
158	200	1
158	199	1
158	198	1
158	197	1
158	196	1
158	195	1
158	194	1
158	193	1
158	192	1
158	191	1
158	190	1
158	189	1
158	188	1
158	187	1
158	186	1
158	185	1
158	184	1
158	183	1
158	182	1
158	181	1
158	180	1
158	179	1
158	178	1
158	177	1
158	176	1
158	175	1
158	174	1
158	173	1
158	172	1
158	171	1
158	170	1
158	169	1
158	168	1
158	167	1
158	166	1
158	165	1
158	164	1
158	163	1
158	162	1
158	161	1
158	160	1
158	159	1
158	158	1
158	157	1
158	156	1
158	155	1
158	154	1
158	153	1
158	152	1
158	151	1
158	150	1
158	149	1
158	148	1
158	147	1
158	146	1
158	145	1
158	144	1
158	143	1
158	142	1
158	141	1
158	140	1
158	139	1
158	138	1
158	137	1
158	136	1
158	135	1
158	134	1
158	133	1
158	132	1
158	131	1
158	130	1
158	129	1
158	128	1
158	127	1
158	126	1
158	125	1
158	124	1
158	123	1
158	122	1
158	121	1
158	120	1
158	119	1
158	118	1
158	117	1
158	116	1
158	115	1
158	114	1
158	113	1
158	112	1
158	111	2
158	110	2
158	109	2
158	108	2
158	107	2
158	106	2
158	105	1
158	104	1
158	103	1
158	102	1
158	101	1
158	100	1
158	99	1
158	98	1
158	97	1
158	96	1
158	95	1
158	94	2
158	93	2
158	92	2
158	91	2
158	90	2
158	89	2
158	88	2
158	87	2
158	86	2
158	85	1
158	84	1
158	83	1
158	82	1
158	81	1
158	80	1
158	79	1
158	78	1
158	77	1
158	76	1
158	75	1
158	74	1
158	73	1
158	72	1
158	71	1
158	70	1
158	69	1
158	68	1
158	67	1
158	66	1
158	65	1
158	64	1
158	63	1
158	62	1
158	61	1
158	60	1
158	59	1
158	58	1
158	57	1
158	56	1
158	55	1
158	54	1
158	53	1
158	52	1
158	51	1
158	50	1
158	49	1
158	48	1
158	47	1
158	46	1
158	45	1
158	44	1
158	43	1
158	42	1
158	41	1
158	40	1
158	39	1
158	38	1
158	37	1
158	36	1
158	35	1
158	34	1
158	33	1
158	32	1
158	31	1
158	30	1
158	29	1
158	28	1
158	27	1
158	26	1
158	25	1
158	24	1
158	23	1
158	22	1
158	21	1
158	20	1
158	19	1
158	18	1
158	17	1
158	16	1
158	15	1
158	14	1
158	13	1
158	12	1
158	11	1
158	10	1
158	9	1
158	8	1
158	7	1
158	6	1
158	5	1
158	4	1
158	3	1
158	2	1
158	1	1
159	216	1
159	215	1
159	214	1
159	213	1
159	212	1
159	211	1
159	210	1
159	209	1
159	208	1
159	207	1
159	206	1
159	205	1
159	204	1
159	203	1
159	202	1
159	201	1
159	200	1
159	199	1
159	198	1
159	197	1
159	196	1
159	195	1
159	194	1
159	193	1
159	192	1
159	191	1
159	190	1
159	189	1
159	188	1
159	187	1
159	186	1
159	185	1
159	184	1
159	183	1
159	182	1
159	181	1
159	180	1
159	179	1
159	178	1
159	177	1
159	176	1
159	175	1
159	174	1
159	173	1
159	172	1
159	171	1
159	170	1
159	169	1
159	168	1
159	167	1
159	166	1
159	165	1
159	164	1
159	163	1
159	162	1
159	161	1
159	160	1
159	159	1
159	158	1
159	157	1
159	156	1
159	155	1
159	154	1
159	153	1
159	152	1
159	151	1
159	150	1
159	149	1
159	148	1
159	147	1
159	146	1
159	145	1
159	144	1
159	143	1
159	142	1
159	141	1
159	140	1
159	139	1
159	138	1
159	137	1
159	136	1
159	135	1
159	134	1
159	133	1
159	132	1
159	131	1
159	130	1
159	129	1
159	128	1
159	127	1
159	126	1
159	125	1
159	124	1
159	123	1
159	122	1
159	121	1
159	120	1
159	119	1
159	118	1
159	117	1
159	116	1
159	115	1
159	114	1
159	113	1
159	112	1
159	111	2
159	110	2
159	109	2
159	108	2
159	107	2
159	106	1
159	105	1
159	104	1
159	103	1
159	102	1
159	101	1
159	100	1
159	99	1
159	98	1
159	97	1
159	96	1
159	95	1
159	94	1
159	93	1
159	92	1
159	91	2
159	90	2
159	89	2
159	88	2
159	87	2
159	86	2
159	85	1
159	84	1
159	83	1
159	82	1
159	81	1
159	80	1
159	79	1
159	78	1
159	77	1
159	76	1
159	75	1
159	74	1
159	73	1
159	72	1
159	71	1
159	70	1
159	69	1
159	68	1
159	67	1
159	66	1
159	65	1
159	64	1
159	63	1
159	62	1
159	61	1
159	60	1
159	59	1
159	58	1
159	57	1
159	56	1
159	55	1
159	54	1
159	53	1
159	52	1
159	51	1
159	50	1
159	49	1
159	48	1
159	47	1
159	46	1
159	45	1
159	44	1
159	43	1
159	42	1
159	41	1
159	40	1
159	39	1
159	38	1
159	37	1
159	36	1
159	35	1
159	34	1
159	33	1
159	32	1
159	31	1
159	30	1
159	29	1
159	28	1
159	27	1
159	26	1
159	25	1
159	24	1
159	23	1
159	22	1
159	21	1
159	20	1
159	19	1
159	18	1
159	17	1
159	16	1
159	15	1
159	14	1
159	13	1
159	12	1
159	11	1
159	10	1
159	9	1
159	8	1
159	7	1
159	6	1
159	5	1
159	4	1
159	3	1
159	2	1
159	1	1
160	216	1
160	215	1
160	214	1
160	213	1
160	212	1
160	211	1
160	210	1
160	209	1
160	208	1
160	207	1
160	206	1
160	205	1
160	204	1
160	203	1
160	202	1
160	201	1
160	200	1
160	199	1
160	198	1
160	197	1
160	196	1
160	195	1
160	194	1
160	193	1
160	192	1
160	191	1
160	190	1
160	189	1
160	188	1
160	187	1
160	186	1
160	185	1
160	184	1
160	183	1
160	182	1
160	181	1
160	180	1
160	179	1
160	178	1
160	177	1
160	176	1
160	175	1
160	174	1
160	173	1
160	172	1
160	171	1
160	170	1
160	169	1
160	168	1
160	167	1
160	166	1
160	165	1
160	164	1
160	163	2
160	162	1
160	161	1
160	160	1
160	159	1
160	158	1
160	157	1
160	156	1
160	155	1
160	154	1
160	153	1
160	152	1
160	151	1
160	150	1
160	149	1
160	148	1
160	147	1
160	146	1
160	145	1
160	144	1
160	143	1
160	142	1
160	141	1
160	140	1
160	139	1
160	138	1
160	137	1
160	136	1
160	135	1
160	134	1
160	133	1
160	132	1
160	131	1
160	130	1
160	129	1
160	128	1
160	127	1
160	126	1
160	125	1
160	124	1
160	123	1
160	122	1
160	121	1
160	120	1
160	119	1
160	118	1
160	117	1
160	116	1
160	115	1
160	114	1
160	113	1
160	112	2
160	111	2
160	110	2
160	109	2
160	108	2
160	107	2
160	106	1
160	105	1
160	104	1
160	103	1
160	102	1
160	101	1
160	100	1
160	99	1
160	98	1
160	97	1
160	96	1
160	95	1
160	94	1
160	93	1
160	92	1
160	91	2
160	90	2
160	89	2
160	88	2
160	87	2
160	86	2
160	85	1
160	84	1
160	83	1
160	82	1
160	81	1
160	80	1
160	79	1
160	78	1
160	77	1
160	76	1
160	75	1
160	74	1
160	73	1
160	72	1
160	71	1
160	70	1
160	69	1
160	68	1
160	67	1
160	66	1
160	65	1
160	64	1
160	63	1
160	62	1
160	61	1
160	60	1
160	59	1
160	58	1
160	57	1
160	56	1
160	55	1
160	54	1
160	53	1
160	52	1
160	51	1
160	50	1
160	49	1
160	48	1
160	47	1
160	46	1
160	45	1
160	44	1
160	43	1
160	42	1
160	41	1
160	40	1
160	39	1
160	38	1
160	37	1
160	36	1
160	35	1
160	34	1
160	33	1
160	32	1
160	31	1
160	30	1
160	29	1
160	28	1
160	27	1
160	26	1
160	25	1
160	24	1
160	23	1
160	22	1
160	21	1
160	20	1
160	19	1
160	18	1
160	17	1
160	16	1
160	15	1
160	14	1
160	13	1
160	12	1
160	11	1
160	10	1
160	9	1
160	8	1
160	7	1
160	6	1
160	5	1
160	4	1
160	3	1
160	2	1
160	1	1
161	216	1
161	215	1
161	214	1
161	213	1
161	212	1
161	211	1
161	210	1
161	209	1
161	208	1
161	207	1
161	206	1
161	205	1
161	204	1
161	203	1
161	202	1
161	201	1
161	200	1
161	199	1
161	198	1
161	197	1
161	196	1
161	195	1
161	194	1
161	193	1
161	192	1
161	191	1
161	190	1
161	189	1
161	188	1
161	187	1
161	186	1
161	185	1
161	184	1
161	183	1
161	182	1
161	181	1
161	180	1
161	179	1
161	178	1
161	177	1
161	176	1
161	175	1
161	174	1
161	173	1
161	172	1
161	171	1
161	170	1
161	169	1
161	168	1
161	167	1
161	166	1
161	165	1
161	164	1
161	163	1
161	162	1
161	161	1
161	160	1
161	159	1
161	158	1
161	157	1
161	156	1
161	155	1
161	154	1
161	153	1
161	152	1
161	151	1
161	150	1
161	149	1
161	148	1
161	147	1
161	146	1
161	145	1
161	144	1
161	143	1
161	142	1
161	141	1
161	140	1
161	139	1
161	138	1
161	137	1
161	136	1
161	135	1
161	134	1
161	133	1
161	132	1
161	131	1
161	130	1
161	129	1
161	128	1
161	127	1
161	126	1
161	125	1
161	124	1
161	123	1
161	122	1
161	121	1
161	120	1
161	119	2
161	118	1
161	117	1
161	116	1
161	115	1
161	114	1
161	113	2
161	112	2
161	111	2
161	110	2
161	109	2
161	108	2
161	107	1
161	106	1
161	105	1
161	104	1
161	103	1
161	102	1
161	101	1
161	100	1
161	99	1
161	98	1
161	97	1
161	96	1
161	95	1
161	94	1
161	93	1
161	92	1
161	91	1
161	90	2
161	89	2
161	88	2
161	87	2
161	86	1
161	85	1
161	84	1
161	83	1
161	82	1
161	81	1
161	80	1
161	79	1
161	78	1
161	77	1
161	76	1
161	75	1
161	74	1
161	73	1
161	72	1
161	71	1
161	70	1
161	69	1
161	68	1
161	67	1
161	66	1
161	65	1
161	64	1
161	63	1
161	62	1
161	61	1
161	60	1
161	59	1
161	58	1
161	57	1
161	56	1
161	55	1
161	54	1
161	53	1
161	52	1
161	51	1
161	50	1
161	49	1
161	48	1
161	47	1
161	46	1
161	45	1
161	44	1
161	43	1
161	42	1
161	41	1
161	40	1
161	39	1
161	38	1
161	37	1
161	36	1
161	35	1
161	34	1
161	33	1
161	32	1
161	31	1
161	30	1
161	29	1
161	28	1
161	27	1
161	26	1
161	25	1
161	24	1
161	23	1
161	22	1
161	21	1
161	20	1
161	19	1
161	18	1
161	17	1
161	16	1
161	15	1
161	14	1
161	13	1
161	12	1
161	11	1
161	10	1
161	9	1
161	8	1
161	7	1
161	6	1
161	5	1
161	4	1
161	3	1
161	2	1
161	1	1
162	216	1
162	215	1
162	214	1
162	213	1
162	212	1
162	211	1
162	210	1
162	209	1
162	208	1
162	207	1
162	206	1
162	205	1
162	204	1
162	203	1
162	202	1
162	201	1
162	200	1
162	199	1
162	198	1
162	197	1
162	196	1
162	195	1
162	194	1
162	193	1
162	192	1
162	191	1
162	190	1
162	189	1
162	188	1
162	187	1
162	186	1
162	185	1
162	184	1
162	183	1
162	182	1
162	181	1
162	180	1
162	179	1
162	178	1
162	177	1
162	176	1
162	175	1
162	174	1
162	173	1
162	172	1
162	171	1
162	170	1
162	169	1
162	168	1
162	167	1
162	166	1
162	165	1
162	164	1
162	163	1
162	162	1
162	161	1
162	160	1
162	159	1
162	158	1
162	157	1
162	156	1
162	155	1
162	154	1
162	153	1
162	152	1
162	151	1
162	150	1
162	149	1
162	148	2
162	147	1
162	146	1
162	145	2
162	144	1
162	143	1
162	142	1
162	141	1
162	140	1
162	139	1
162	138	1
162	137	1
162	136	1
162	135	1
162	134	1
162	133	1
162	132	1
162	131	1
162	130	1
162	129	1
162	128	1
162	127	1
162	126	1
162	125	1
162	124	1
162	123	1
162	122	1
162	121	1
162	120	1
162	119	1
162	118	1
162	117	1
162	116	1
162	115	1
162	114	2
162	113	2
162	112	2
162	111	2
162	110	2
162	109	2
162	108	1
162	107	1
162	106	1
162	105	1
162	104	1
162	103	1
162	102	1
162	101	1
162	100	1
162	99	1
162	98	1
162	97	1
162	96	1
162	95	2
162	94	1
162	93	1
162	92	1
162	91	1
162	90	2
162	89	2
162	88	2
162	87	2
162	86	2
162	85	1
162	84	1
162	83	1
162	82	1
162	81	1
162	80	1
162	79	1
162	78	1
162	77	1
162	76	1
162	75	1
162	74	1
162	73	1
162	72	1
162	71	1
162	70	1
162	69	1
162	68	1
162	67	1
162	66	1
162	65	1
162	64	1
162	63	1
162	62	1
162	61	1
162	60	1
162	59	1
162	58	1
162	57	1
162	56	1
162	55	1
162	54	1
162	53	1
162	52	1
162	51	1
162	50	1
162	49	1
162	48	1
162	47	1
162	46	1
162	45	1
162	44	1
162	43	1
162	42	1
162	41	1
162	40	1
162	39	1
162	38	1
162	37	1
162	36	1
162	35	1
162	34	1
162	33	1
162	32	1
162	31	1
162	30	1
162	29	1
162	28	1
162	27	1
162	26	1
162	25	1
162	24	1
162	23	1
162	22	1
162	21	1
162	20	1
162	19	1
162	18	1
162	17	1
162	16	1
162	15	1
162	14	1
162	13	1
162	12	1
162	11	1
162	10	1
162	9	1
162	8	1
162	7	1
162	6	1
162	5	1
162	4	1
162	3	1
162	2	1
162	1	1
163	216	1
163	215	1
163	214	1
163	213	1
163	212	1
163	211	1
163	210	1
163	209	1
163	208	1
163	207	1
163	206	1
163	205	1
163	204	1
163	203	1
163	202	1
163	201	1
163	200	1
163	199	1
163	198	1
163	197	1
163	196	1
163	195	1
163	194	1
163	193	1
163	192	1
163	191	1
163	190	1
163	189	1
163	188	1
163	187	1
163	186	1
163	185	1
163	184	1
163	183	1
163	182	1
163	181	1
163	180	1
163	179	1
163	178	1
163	177	1
163	176	1
163	175	1
163	174	1
163	173	1
163	172	1
163	171	1
163	170	1
163	169	1
163	168	1
163	167	1
163	166	1
163	165	1
163	164	1
163	163	1
163	162	1
163	161	1
163	160	1
163	159	1
163	158	1
163	157	1
163	156	1
163	155	1
163	154	1
163	153	1
163	152	1
163	151	1
163	150	1
163	149	1
163	148	1
163	147	1
163	146	1
163	145	1
163	144	1
163	143	1
163	142	1
163	141	1
163	140	1
163	139	1
163	138	1
163	137	1
163	136	1
163	135	1
163	134	1
163	133	1
163	132	1
163	131	1
163	130	1
163	129	1
163	128	1
163	127	1
163	126	1
163	125	1
163	124	1
163	123	1
163	122	1
163	121	1
163	120	2
163	119	1
163	118	1
163	117	1
163	116	1
163	115	2
163	114	2
163	113	2
163	112	2
163	111	2
163	110	1
163	109	1
163	108	1
163	107	1
163	106	1
163	105	1
163	104	1
163	103	1
163	102	1
163	101	1
163	100	1
163	99	1
163	98	1
163	97	1
163	96	1
163	95	2
163	94	2
163	93	2
163	92	2
163	91	2
163	90	2
163	89	2
163	88	2
163	87	2
163	86	2
163	85	1
163	84	1
163	83	1
163	82	1
163	81	1
163	80	1
163	79	1
163	78	1
163	77	1
163	76	1
163	75	1
163	74	1
163	73	1
163	72	1
163	71	1
163	70	1
163	69	1
163	68	1
163	67	1
163	66	1
163	65	1
163	64	1
163	63	1
163	62	1
163	61	1
163	60	1
163	59	1
163	58	1
163	57	1
163	56	1
163	55	1
163	54	1
163	53	1
163	52	1
163	51	1
163	50	1
163	49	1
163	48	1
163	47	1
163	46	1
163	45	1
163	44	1
163	43	1
163	42	1
163	41	1
163	40	1
163	39	1
163	38	1
163	37	1
163	36	1
163	35	1
163	34	1
163	33	1
163	32	1
163	31	1
163	30	1
163	29	1
163	28	1
163	27	1
163	26	1
163	25	1
163	24	1
163	23	1
163	22	1
163	21	1
163	20	1
163	19	1
163	18	1
163	17	1
163	16	1
163	15	1
163	14	1
163	13	1
163	12	1
163	11	1
163	10	1
163	9	1
163	8	1
163	7	1
163	6	1
163	5	1
163	4	1
163	3	1
163	2	1
163	1	1
164	216	1
164	215	1
164	214	1
164	213	1
164	212	1
164	211	1
164	210	1
164	209	1
164	208	1
164	207	1
164	206	1
164	205	1
164	204	1
164	203	1
164	202	1
164	201	1
164	200	1
164	199	1
164	198	1
164	197	1
164	196	1
164	195	1
164	194	1
164	193	1
164	192	1
164	191	1
164	190	1
164	189	1
164	188	1
164	187	1
164	186	1
164	185	1
164	184	1
164	183	1
164	182	1
164	181	1
164	180	1
164	179	1
164	178	1
164	177	1
164	176	1
164	175	1
164	174	1
164	173	1
164	172	1
164	171	1
164	170	1
164	169	1
164	168	1
164	167	1
164	166	1
164	165	1
164	164	1
164	163	1
164	162	1
164	161	1
164	160	1
164	159	1
164	158	1
164	157	1
164	156	1
164	155	1
164	154	1
164	153	1
164	152	1
164	151	1
164	150	1
164	149	1
164	148	1
164	147	1
164	146	1
164	145	1
164	144	1
164	143	1
164	142	1
164	141	2
164	140	1
164	139	1
164	138	1
164	137	1
164	136	1
164	135	1
164	134	1
164	133	1
164	132	1
164	131	1
164	130	1
164	129	1
164	128	1
164	127	1
164	126	1
164	125	1
164	124	1
164	123	1
164	122	1
164	121	1
164	120	1
164	119	1
164	118	1
164	117	1
164	116	1
164	115	2
164	114	1
164	113	1
164	112	1
164	111	1
164	110	1
164	109	1
164	108	1
164	107	1
164	106	1
164	105	1
164	104	1
164	103	1
164	102	1
164	101	1
164	100	1
164	99	1
164	98	1
164	97	1
164	96	1
164	95	2
164	94	2
164	93	2
164	92	2
164	91	2
164	90	2
164	89	2
164	88	2
164	87	2
164	86	2
164	85	1
164	84	1
164	83	1
164	82	1
164	81	1
164	80	1
164	79	1
164	78	1
164	77	1
164	76	1
164	75	1
164	74	1
164	73	1
164	72	1
164	71	1
164	70	1
164	69	1
164	68	1
164	67	1
164	66	1
164	65	1
164	64	1
164	63	1
164	62	1
164	61	1
164	60	1
164	59	1
164	58	1
164	57	1
164	56	1
164	55	1
164	54	1
164	53	1
164	52	1
164	51	1
164	50	1
164	49	1
164	48	1
164	47	1
164	46	1
164	45	1
164	44	1
164	43	1
164	42	1
164	41	1
164	40	1
164	39	1
164	38	1
164	37	1
164	36	1
164	35	1
164	34	1
164	33	1
164	32	1
164	31	1
164	30	1
164	29	1
164	28	1
164	27	1
164	26	1
164	25	1
164	24	1
164	23	1
164	22	1
164	21	1
164	20	1
164	19	1
164	18	1
164	17	1
164	16	1
164	15	1
164	14	1
164	13	1
164	12	1
164	11	1
164	10	1
164	9	1
164	8	1
164	7	1
164	6	1
164	5	1
164	4	1
164	3	1
164	2	1
164	1	1
165	216	1
165	215	1
165	214	1
165	213	1
165	212	1
165	211	1
165	210	1
165	209	1
165	208	1
165	207	1
165	206	1
165	205	1
165	204	1
165	203	1
165	202	1
165	201	1
165	200	1
165	199	1
165	198	1
165	197	1
165	196	1
165	195	1
165	194	1
165	193	1
165	192	1
165	191	1
165	190	1
165	189	1
165	188	1
165	187	1
165	186	1
165	185	1
165	184	1
165	183	1
165	182	1
165	181	1
165	180	1
165	179	1
165	178	1
165	177	1
165	176	1
165	175	1
165	174	1
165	173	1
165	172	1
165	171	1
165	170	1
165	169	1
165	168	1
165	167	1
165	166	1
165	165	1
165	164	1
165	163	1
165	162	1
165	161	1
165	160	1
165	159	1
165	158	1
165	157	1
165	156	1
165	155	1
165	154	1
165	153	1
165	152	1
165	151	1
165	150	1
165	149	1
165	148	1
165	147	1
165	146	1
165	145	1
165	144	1
165	143	1
165	142	1
165	141	1
165	140	1
165	139	1
165	138	1
165	137	1
165	136	1
165	135	1
165	134	1
165	133	1
165	132	1
165	131	1
165	130	1
165	129	1
165	128	1
165	127	1
165	126	1
165	125	1
165	124	1
165	123	1
165	122	1
165	121	2
165	120	1
165	119	1
165	118	1
165	117	1
165	116	1
165	115	1
165	114	1
165	113	1
165	112	1
165	111	1
165	110	1
165	109	1
165	108	1
165	107	1
165	106	1
165	105	1
165	104	1
165	103	1
165	102	1
165	101	1
165	100	1
165	99	1
165	98	1
165	97	1
165	96	1
165	95	1
165	94	1
165	93	1
165	92	2
165	91	2
165	90	2
165	89	2
165	88	2
165	87	2
165	86	2
165	85	1
165	84	1
165	83	1
165	82	1
165	81	1
165	80	1
165	79	1
165	78	1
165	77	1
165	76	1
165	75	1
165	74	1
165	73	1
165	72	1
165	71	1
165	70	1
165	69	1
165	68	1
165	67	1
165	66	1
165	65	1
165	64	1
165	63	1
165	62	1
165	61	1
165	60	1
165	59	1
165	58	1
165	57	1
165	56	1
165	55	1
165	54	1
165	53	1
165	52	1
165	51	1
165	50	1
165	49	1
165	48	1
165	47	1
165	46	1
165	45	1
165	44	1
165	43	1
165	42	1
165	41	1
165	40	1
165	39	1
165	38	1
165	37	1
165	36	1
165	35	1
165	34	1
165	33	1
165	32	1
165	31	1
165	30	1
165	29	1
165	28	1
165	27	1
165	26	1
165	25	1
165	24	1
165	23	1
165	22	1
165	21	1
165	20	1
165	19	1
165	18	1
165	17	1
165	16	1
165	15	1
165	14	1
165	13	1
165	12	1
165	11	1
165	10	1
165	9	1
165	8	1
165	7	1
165	6	1
165	5	1
165	4	1
165	3	1
165	2	1
165	1	1
166	216	1
166	215	1
166	214	1
166	213	1
166	212	1
166	211	1
166	210	1
166	209	1
166	208	1
166	207	1
166	206	1
166	205	1
166	204	1
166	203	1
166	202	1
166	201	1
166	200	1
166	199	1
166	198	1
166	197	1
166	196	1
166	195	1
166	194	1
166	193	1
166	192	1
166	191	1
166	190	1
166	189	1
166	188	1
166	187	1
166	186	1
166	185	1
166	184	1
166	183	1
166	182	1
166	181	1
166	180	1
166	179	1
166	178	1
166	177	1
166	176	1
166	175	1
166	174	1
166	173	1
166	172	1
166	171	1
166	170	1
166	169	1
166	168	1
166	167	1
166	166	1
166	165	1
166	164	1
166	163	1
166	162	1
166	161	1
166	160	1
166	159	1
166	158	1
166	157	1
166	156	1
166	155	1
166	154	1
166	153	1
166	152	1
166	151	1
166	150	1
166	149	1
166	148	1
166	147	1
166	146	1
166	145	1
166	144	1
166	143	1
166	142	1
166	141	1
166	140	1
166	139	1
166	138	1
166	137	1
166	136	1
166	135	1
166	134	1
166	133	1
166	132	1
166	131	1
166	130	1
166	129	1
166	128	1
166	127	1
166	126	1
166	125	1
166	124	1
166	123	1
166	122	1
166	121	1
166	120	1
166	119	1
166	118	1
166	117	1
166	116	1
166	115	1
166	114	1
166	113	1
166	112	1
166	111	1
166	110	1
166	109	1
166	108	1
166	107	1
166	106	1
166	105	1
166	104	1
166	103	1
166	102	1
166	101	1
166	100	1
166	99	1
166	98	1
166	97	1
166	96	1
166	95	1
166	94	1
166	93	1
166	92	1
166	91	2
166	90	2
166	89	2
166	88	2
166	87	2
166	86	2
166	85	1
166	84	1
166	83	1
166	82	1
166	81	1
166	80	1
166	79	1
166	78	1
166	77	1
166	76	1
166	75	1
166	74	1
166	73	1
166	72	1
166	71	1
166	70	1
166	69	1
166	68	1
166	67	1
166	66	1
166	65	1
166	64	1
166	63	1
166	62	1
166	61	1
166	60	1
166	59	1
166	58	1
166	57	1
166	56	1
166	55	1
166	54	1
166	53	1
166	52	1
166	51	1
166	50	1
166	49	1
166	48	1
166	47	1
166	46	1
166	45	1
166	44	1
166	43	1
166	42	1
166	41	1
166	40	1
166	39	1
166	38	1
166	37	1
166	36	1
166	35	1
166	34	1
166	33	1
166	32	1
166	31	1
166	30	1
166	29	1
166	28	1
166	27	1
166	26	1
166	25	1
166	24	1
166	23	1
166	22	1
166	21	1
166	20	1
166	19	1
166	18	1
166	17	1
166	16	1
166	15	1
166	14	1
166	13	1
166	12	1
166	11	1
166	10	1
166	9	1
166	8	1
166	7	1
166	6	1
166	5	1
166	4	1
166	3	1
166	2	1
166	1	1
167	216	1
167	215	1
167	214	1
167	213	1
167	212	1
167	211	1
167	210	1
167	209	1
167	208	1
167	207	1
167	206	1
167	205	1
167	204	1
167	203	1
167	202	1
167	201	1
167	200	1
167	199	1
167	198	1
167	197	1
167	196	1
167	195	1
167	194	1
167	193	1
167	192	1
167	191	1
167	190	1
167	189	1
167	188	1
167	187	1
167	186	1
167	185	1
167	184	1
167	183	1
167	182	1
167	181	1
167	180	1
167	179	1
167	178	1
167	177	1
167	176	1
167	175	1
167	174	1
167	173	1
167	172	1
167	171	1
167	170	1
167	169	1
167	168	1
167	167	1
167	166	1
167	165	1
167	164	1
167	163	1
167	162	1
167	161	1
167	160	1
167	159	1
167	158	1
167	157	1
167	156	1
167	155	1
167	154	1
167	153	1
167	152	1
167	151	1
167	150	1
167	149	1
167	148	1
167	147	1
167	146	1
167	145	1
167	144	1
167	143	1
167	142	1
167	141	1
167	140	1
167	139	1
167	138	1
167	137	1
167	136	1
167	135	1
167	134	1
167	133	1
167	132	1
167	131	1
167	130	1
167	129	1
167	128	1
167	127	1
167	126	1
167	125	1
167	124	1
167	123	1
167	122	1
167	121	1
167	120	1
167	119	1
167	118	1
167	117	1
167	116	1
167	115	1
167	114	1
167	113	1
167	112	1
167	111	1
167	110	1
167	109	1
167	108	1
167	107	1
167	106	1
167	105	1
167	104	1
167	103	1
167	102	1
167	101	1
167	100	1
167	99	1
167	98	1
167	97	1
167	96	1
167	95	1
167	94	1
167	93	1
167	92	1
167	91	2
167	90	2
167	89	2
167	88	2
167	87	2
167	86	2
167	85	1
167	84	1
167	83	1
167	82	1
167	81	1
167	80	1
167	79	1
167	78	1
167	77	1
167	76	1
167	75	1
167	74	1
167	73	1
167	72	1
167	71	1
167	70	1
167	69	1
167	68	1
167	67	1
167	66	1
167	65	1
167	64	1
167	63	1
167	62	1
167	61	1
167	60	1
167	59	1
167	58	1
167	57	1
167	56	1
167	55	1
167	54	1
167	53	1
167	52	1
167	51	1
167	50	1
167	49	1
167	48	1
167	47	1
167	46	1
167	45	1
167	44	1
167	43	1
167	42	1
167	41	1
167	40	1
167	39	1
167	38	1
167	37	1
167	36	1
167	35	1
167	34	1
167	33	1
167	32	1
167	31	1
167	30	1
167	29	1
167	28	1
167	27	1
167	26	1
167	25	1
167	24	1
167	23	1
167	22	1
167	21	1
167	20	1
167	19	1
167	18	1
167	17	1
167	16	1
167	15	1
167	14	1
167	13	1
167	12	1
167	11	1
167	10	1
167	9	1
167	8	1
167	7	1
167	6	1
167	5	1
167	4	1
167	3	1
167	2	1
167	1	1
168	216	1
168	215	1
168	214	1
168	213	1
168	212	1
168	211	1
168	210	1
168	209	1
168	208	1
168	207	1
168	206	1
168	205	1
168	204	1
168	203	1
168	202	1
168	201	1
168	200	1
168	199	1
168	198	1
168	197	1
168	196	1
168	195	1
168	194	1
168	193	1
168	192	1
168	191	1
168	190	1
168	189	1
168	188	1
168	187	1
168	186	1
168	185	1
168	184	1
168	183	1
168	182	1
168	181	1
168	180	1
168	179	1
168	178	1
168	177	1
168	176	1
168	175	1
168	174	1
168	173	1
168	172	1
168	171	1
168	170	1
168	169	1
168	168	1
168	167	1
168	166	1
168	165	1
168	164	1
168	163	1
168	162	1
168	161	1
168	160	1
168	159	1
168	158	1
168	157	1
168	156	1
168	155	1
168	154	1
168	153	1
168	152	1
168	151	1
168	150	1
168	149	1
168	148	1
168	147	1
168	146	1
168	145	1
168	144	1
168	143	1
168	142	1
168	141	1
168	140	1
168	139	1
168	138	1
168	137	1
168	136	1
168	135	1
168	134	1
168	133	1
168	132	1
168	131	1
168	130	1
168	129	1
168	128	1
168	127	1
168	126	1
168	125	1
168	124	1
168	123	1
168	122	1
168	121	1
168	120	1
168	119	1
168	118	1
168	117	1
168	116	1
168	115	1
168	114	1
168	113	1
168	112	1
168	111	1
168	110	1
168	109	1
168	108	1
168	107	1
168	106	1
168	105	1
168	104	1
168	103	1
168	102	1
168	101	1
168	100	1
168	99	1
168	98	1
168	97	1
168	96	1
168	95	1
168	94	1
168	93	1
168	92	1
168	91	2
168	90	2
168	89	2
168	88	2
168	87	2
168	86	2
168	85	1
168	84	1
168	83	1
168	82	1
168	81	1
168	80	1
168	79	1
168	78	1
168	77	1
168	76	1
168	75	1
168	74	1
168	73	1
168	72	1
168	71	1
168	70	1
168	69	1
168	68	1
168	67	1
168	66	1
168	65	1
168	64	1
168	63	1
168	62	1
168	61	1
168	60	1
168	59	1
168	58	1
168	57	1
168	56	1
168	55	1
168	54	1
168	53	1
168	52	1
168	51	1
168	50	1
168	49	1
168	48	1
168	47	1
168	46	1
168	45	1
168	44	1
168	43	1
168	42	1
168	41	1
168	40	1
168	39	1
168	38	1
168	37	1
168	36	1
168	35	1
168	34	1
168	33	1
168	32	1
168	31	1
168	30	1
168	29	1
168	28	1
168	27	1
168	26	1
168	25	1
168	24	1
168	23	1
168	22	1
168	21	1
168	20	1
168	19	1
168	18	1
168	17	1
168	16	1
168	15	1
168	14	1
168	13	1
168	12	1
168	11	1
168	10	1
168	9	1
168	8	1
168	7	1
168	6	1
168	5	1
168	4	1
168	3	1
168	2	1
168	1	1
169	216	1
169	215	1
169	214	1
169	213	1
169	212	1
169	211	1
169	210	1
169	209	1
169	208	1
169	207	1
169	206	1
169	205	1
169	204	1
169	203	1
169	202	1
169	201	1
169	200	1
169	199	1
169	198	1
169	197	1
169	196	1
169	195	1
169	194	1
169	193	1
169	192	1
169	191	1
169	190	1
169	189	1
169	188	1
169	187	1
169	186	1
169	185	1
169	184	1
169	183	1
169	182	1
169	181	1
169	180	1
169	179	1
169	178	1
169	177	1
169	176	1
169	175	1
169	174	1
169	173	1
169	172	1
169	171	1
169	170	1
169	169	1
169	168	1
169	167	1
169	166	1
169	165	1
169	164	1
169	163	1
169	162	1
169	161	1
169	160	1
169	159	1
169	158	1
169	157	1
169	156	1
169	155	1
169	154	1
169	153	1
169	152	1
169	151	1
169	150	1
169	149	1
169	148	1
169	147	1
169	146	1
169	145	1
169	144	1
169	143	1
169	142	1
169	141	1
169	140	1
169	139	1
169	138	1
169	137	1
169	136	1
169	135	1
169	134	1
169	133	1
169	132	1
169	131	1
169	130	1
169	129	1
169	128	1
169	127	1
169	126	1
169	125	1
169	124	1
169	123	1
169	122	1
169	121	1
169	120	1
169	119	1
169	118	1
169	117	1
169	116	1
169	115	1
169	114	1
169	113	1
169	112	1
169	111	1
169	110	1
169	109	1
169	108	1
169	107	1
169	106	1
169	105	1
169	104	1
169	103	1
169	102	1
169	101	1
169	100	1
169	99	1
169	98	1
169	97	1
169	96	1
169	95	1
169	94	1
169	93	1
169	92	1
169	91	2
169	90	2
169	89	2
169	88	2
169	87	2
169	86	2
169	85	1
169	84	1
169	83	1
169	82	1
169	81	1
169	80	1
169	79	1
169	78	1
169	77	1
169	76	1
169	75	1
169	74	1
169	73	1
169	72	1
169	71	1
169	70	1
169	69	1
169	68	1
169	67	1
169	66	1
169	65	1
169	64	1
169	63	1
169	62	1
169	61	1
169	60	1
169	59	1
169	58	1
169	57	1
169	56	1
169	55	1
169	54	1
169	53	1
169	52	1
169	51	1
169	50	1
169	49	1
169	48	1
169	47	1
169	46	1
169	45	1
169	44	1
169	43	1
169	42	1
169	41	1
169	40	1
169	39	1
169	38	1
169	37	1
169	36	1
169	35	1
169	34	1
169	33	1
169	32	1
169	31	1
169	30	1
169	29	1
169	28	1
169	27	1
169	26	1
169	25	1
169	24	1
169	23	1
169	22	1
169	21	1
169	20	1
169	19	1
169	18	1
169	17	1
169	16	1
169	15	1
169	14	1
169	13	1
169	12	1
169	11	1
169	10	1
169	9	1
169	8	1
169	7	1
169	6	1
169	5	1
169	4	1
169	3	1
169	2	1
169	1	1
170	216	1
170	215	1
170	214	1
170	213	1
170	212	1
170	211	1
170	210	1
170	209	1
170	208	1
170	207	1
170	206	1
170	205	1
170	204	1
170	203	1
170	202	1
170	201	1
170	200	1
170	199	1
170	198	1
170	197	1
170	196	1
170	195	1
170	194	1
170	193	1
170	192	1
170	191	1
170	190	1
170	189	1
170	188	1
170	187	1
170	186	1
170	185	1
170	184	1
170	183	1
170	182	1
170	181	1
170	180	1
170	179	1
170	178	1
170	177	1
170	176	1
170	175	1
170	174	1
170	173	1
170	172	1
170	171	1
170	170	1
170	169	1
170	168	1
170	167	1
170	166	1
170	165	1
170	164	1
170	163	1
170	162	1
170	161	1
170	160	1
170	159	1
170	158	1
170	157	1
170	156	1
170	155	1
170	154	1
170	153	1
170	152	1
170	151	1
170	150	1
170	149	1
170	148	1
170	147	1
170	146	1
170	145	1
170	144	1
170	143	1
170	142	2
170	141	1
170	140	1
170	139	1
170	138	1
170	137	1
170	136	1
170	135	1
170	134	1
170	133	1
170	132	1
170	131	1
170	130	1
170	129	1
170	128	1
170	127	1
170	126	1
170	125	1
170	124	1
170	123	1
170	122	1
170	121	1
170	120	1
170	119	1
170	118	1
170	117	1
170	116	1
170	115	1
170	114	1
170	113	1
170	112	1
170	111	1
170	110	1
170	109	1
170	108	1
170	107	1
170	106	1
170	105	1
170	104	1
170	103	1
170	102	1
170	101	1
170	100	1
170	99	1
170	98	1
170	97	1
170	96	1
170	95	1
170	94	1
170	93	1
170	92	1
170	91	2
170	90	2
170	89	2
170	88	2
170	87	2
170	86	2
170	85	1
170	84	1
170	83	1
170	82	1
170	81	1
170	80	1
170	79	1
170	78	1
170	77	1
170	76	1
170	75	1
170	74	1
170	73	1
170	72	1
170	71	1
170	70	1
170	69	1
170	68	1
170	67	1
170	66	1
170	65	1
170	64	1
170	63	1
170	62	1
170	61	1
170	60	1
170	59	1
170	58	1
170	57	1
170	56	1
170	55	1
170	54	1
170	53	1
170	52	1
170	51	1
170	50	1
170	49	1
170	48	1
170	47	1
170	46	1
170	45	1
170	44	1
170	43	1
170	42	1
170	41	1
170	40	1
170	39	1
170	38	1
170	37	1
170	36	1
170	35	1
170	34	1
170	33	1
170	32	1
170	31	1
170	30	1
170	29	1
170	28	1
170	27	1
170	26	1
170	25	1
170	24	1
170	23	1
170	22	1
170	21	1
170	20	1
170	19	1
170	18	1
170	17	1
170	16	1
170	15	1
170	14	1
170	13	1
170	12	1
170	11	1
170	10	1
170	9	1
170	8	1
170	7	1
170	6	1
170	5	1
170	4	1
170	3	1
170	2	1
170	1	1
171	216	1
171	215	1
171	214	1
171	213	1
171	212	1
171	211	1
171	210	1
171	209	1
171	208	1
171	207	1
171	206	1
171	205	1
171	204	1
171	203	1
171	202	1
171	201	1
171	200	1
171	199	1
171	198	1
171	197	1
171	196	1
171	195	1
171	194	1
171	193	1
171	192	1
171	191	1
171	190	1
171	189	1
171	188	1
171	187	1
171	186	1
171	185	1
171	184	1
171	183	1
171	182	1
171	181	1
171	180	1
171	179	1
171	178	1
171	177	1
171	176	1
171	175	1
171	174	1
171	173	1
171	172	1
171	171	1
171	170	1
171	169	1
171	168	1
171	167	1
171	166	1
171	165	1
171	164	1
171	163	1
171	162	1
171	161	1
171	160	1
171	159	1
171	158	1
171	157	1
171	156	1
171	155	1
171	154	2
171	153	1
171	152	1
171	151	1
171	150	1
171	149	1
171	148	1
171	147	1
171	146	1
171	145	1
171	144	1
171	143	1
171	142	1
171	141	1
171	140	1
171	139	1
171	138	1
171	137	1
171	136	1
171	135	1
171	134	1
171	133	1
171	132	1
171	131	1
171	130	1
171	129	1
171	128	1
171	127	1
171	126	1
171	125	1
171	124	2
171	123	1
171	122	1
171	121	1
171	120	1
171	119	1
171	118	1
171	117	1
171	116	1
171	115	1
171	114	1
171	113	1
171	112	1
171	111	1
171	110	1
171	109	1
171	108	1
171	107	1
171	106	1
171	105	1
171	104	1
171	103	1
171	102	1
171	101	1
171	100	1
171	99	1
171	98	1
171	97	1
171	96	1
171	95	1
171	94	1
171	93	1
171	92	1
171	91	2
171	90	2
171	89	2
171	88	2
171	87	2
171	86	2
171	85	1
171	84	1
171	83	1
171	82	1
171	81	1
171	80	1
171	79	1
171	78	1
171	77	1
171	76	1
171	75	1
171	74	1
171	73	2
171	72	1
171	71	1
171	70	1
171	69	1
171	68	1
171	67	1
171	66	1
171	65	1
171	64	1
171	63	1
171	62	1
171	61	1
171	60	1
171	59	1
171	58	1
171	57	1
171	56	1
171	55	1
171	54	1
171	53	1
171	52	1
171	51	1
171	50	1
171	49	1
171	48	1
171	47	1
171	46	1
171	45	1
171	44	1
171	43	1
171	42	1
171	41	1
171	40	1
171	39	1
171	38	1
171	37	1
171	36	1
171	35	1
171	34	1
171	33	1
171	32	1
171	31	1
171	30	1
171	29	1
171	28	1
171	27	1
171	26	1
171	25	1
171	24	1
171	23	1
171	22	1
171	21	1
171	20	1
171	19	1
171	18	1
171	17	1
171	16	1
171	15	1
171	14	1
171	13	1
171	12	1
171	11	1
171	10	1
171	9	1
171	8	1
171	7	1
171	6	1
171	5	1
171	4	1
171	3	1
171	2	1
171	1	1
172	216	1
172	215	1
172	214	1
172	213	1
172	212	1
172	211	1
172	210	1
172	209	1
172	208	1
172	207	1
172	206	1
172	205	1
172	204	1
172	203	1
172	202	1
172	201	1
172	200	1
172	199	1
172	198	1
172	197	1
172	196	1
172	195	1
172	194	1
172	193	1
172	192	1
172	191	1
172	190	1
172	189	1
172	188	1
172	187	1
172	186	1
172	185	1
172	184	1
172	183	1
172	182	1
172	181	1
172	180	1
172	179	1
172	178	1
172	177	1
172	176	1
172	175	1
172	174	1
172	173	1
172	172	1
172	171	1
172	170	1
172	169	1
172	168	1
172	167	1
172	166	1
172	165	1
172	164	1
172	163	1
172	162	1
172	161	1
172	160	1
172	159	1
172	158	1
172	157	1
172	156	1
172	155	1
172	154	1
172	153	1
172	152	1
172	151	1
172	150	1
172	149	1
172	148	1
172	147	2
172	146	1
172	145	1
172	144	1
172	143	1
172	142	1
172	141	1
172	140	1
172	139	1
172	138	1
172	137	1
172	136	1
172	135	1
172	134	1
172	133	1
172	132	1
172	131	1
172	130	1
172	129	1
172	128	1
172	127	1
172	126	1
172	125	1
172	124	1
172	123	1
172	122	1
172	121	1
172	120	1
172	119	1
172	118	1
172	117	1
172	116	1
172	115	1
172	114	1
172	113	1
172	112	1
172	111	1
172	110	1
172	109	1
172	108	1
172	107	1
172	106	1
172	105	1
172	104	1
172	103	1
172	102	1
172	101	1
172	100	1
172	99	1
172	98	1
172	97	1
172	96	1
172	95	1
172	94	1
172	93	1
172	92	1
172	91	2
172	90	2
172	89	2
172	88	2
172	87	2
172	86	2
172	85	1
172	84	1
172	83	1
172	82	1
172	81	1
172	80	1
172	79	1
172	78	1
172	77	1
172	76	1
172	75	1
172	74	2
172	73	1
172	72	1
172	71	1
172	70	1
172	69	1
172	68	1
172	67	1
172	66	1
172	65	1
172	64	1
172	63	1
172	62	1
172	61	1
172	60	1
172	59	1
172	58	1
172	57	1
172	56	1
172	55	1
172	54	1
172	53	1
172	52	1
172	51	1
172	50	1
172	49	1
172	48	1
172	47	1
172	46	1
172	45	1
172	44	1
172	43	1
172	42	1
172	41	1
172	40	1
172	39	1
172	38	1
172	37	1
172	36	1
172	35	1
172	34	1
172	33	1
172	32	1
172	31	1
172	30	1
172	29	1
172	28	1
172	27	1
172	26	1
172	25	1
172	24	1
172	23	1
172	22	1
172	21	1
172	20	1
172	19	1
172	18	1
172	17	1
172	16	1
172	15	1
172	14	1
172	13	1
172	12	1
172	11	1
172	10	1
172	9	1
172	8	1
172	7	1
172	6	1
172	5	1
172	4	1
172	3	1
172	2	1
172	1	1
173	216	1
173	215	1
173	214	1
173	213	1
173	212	1
173	211	1
173	210	1
173	209	1
173	208	1
173	207	1
173	206	1
173	205	1
173	204	1
173	203	1
173	202	1
173	201	1
173	200	1
173	199	1
173	198	1
173	197	1
173	196	1
173	195	1
173	194	1
173	193	1
173	192	1
173	191	1
173	190	1
173	189	1
173	188	1
173	187	1
173	186	1
173	185	1
173	184	1
173	183	1
173	182	1
173	181	1
173	180	1
173	179	1
173	178	1
173	177	1
173	176	1
173	175	1
173	174	1
173	173	1
173	172	1
173	171	1
173	170	1
173	169	1
173	168	1
173	167	1
173	166	1
173	165	1
173	164	1
173	163	1
173	162	1
173	161	1
173	160	1
173	159	1
173	158	1
173	157	1
173	156	1
173	155	1
173	154	1
173	153	1
173	152	1
173	151	1
173	150	1
173	149	1
173	148	1
173	147	1
173	146	1
173	145	1
173	144	1
173	143	1
173	142	1
173	141	1
173	140	1
173	139	1
173	138	1
173	137	1
173	136	1
173	135	1
173	134	1
173	133	1
173	132	1
173	131	1
173	130	1
173	129	1
173	128	1
173	127	1
173	126	1
173	125	1
173	124	1
173	123	1
173	122	1
173	121	1
173	120	1
173	119	1
173	118	1
173	117	1
173	116	1
173	115	1
173	114	1
173	113	1
173	112	1
173	111	1
173	110	1
173	109	1
173	108	1
173	107	1
173	106	1
173	105	1
173	104	1
173	103	1
173	102	1
173	101	1
173	100	1
173	99	1
173	98	1
173	97	1
173	96	1
173	95	1
173	94	1
173	93	1
173	92	1
173	91	2
173	90	2
173	89	2
173	88	2
173	87	2
173	86	2
173	85	1
173	84	1
173	83	1
173	82	1
173	81	1
173	80	1
173	79	1
173	78	1
173	77	1
173	76	1
173	75	2
173	74	2
173	73	1
173	72	1
173	71	1
173	70	1
173	69	1
173	68	1
173	67	1
173	66	1
173	65	1
173	64	1
173	63	1
173	62	1
173	61	1
173	60	1
173	59	1
173	58	1
173	57	1
173	56	1
173	55	1
173	54	1
173	53	1
173	52	1
173	51	1
173	50	1
173	49	1
173	48	1
173	47	1
173	46	1
173	45	1
173	44	1
173	43	1
173	42	1
173	41	1
173	40	1
173	39	1
173	38	1
173	37	1
173	36	1
173	35	1
173	34	1
173	33	1
173	32	1
173	31	1
173	30	1
173	29	1
173	28	1
173	27	1
173	26	1
173	25	1
173	24	1
173	23	1
173	22	1
173	21	1
173	20	1
173	19	1
173	18	1
173	17	1
173	16	1
173	15	1
173	14	1
173	13	1
173	12	1
173	11	1
173	10	1
173	9	1
173	8	1
173	7	1
173	6	1
173	5	1
173	4	1
173	3	1
173	2	1
173	1	1
174	216	1
174	215	1
174	214	1
174	213	1
174	212	1
174	211	1
174	210	1
174	209	1
174	208	1
174	207	1
174	206	1
174	205	1
174	204	1
174	203	1
174	202	1
174	201	1
174	200	1
174	199	1
174	198	1
174	197	1
174	196	1
174	195	1
174	194	1
174	193	1
174	192	1
174	191	1
174	190	1
174	189	1
174	188	1
174	187	1
174	186	1
174	185	1
174	184	1
174	183	1
174	182	1
174	181	1
174	180	1
174	179	1
174	178	1
174	177	1
174	176	1
174	175	1
174	174	1
174	173	1
174	172	1
174	171	1
174	170	1
174	169	1
174	168	1
174	167	1
174	166	1
174	165	1
174	164	1
174	163	1
174	162	1
174	161	1
174	160	1
174	159	1
174	158	1
174	157	1
174	156	1
174	155	1
174	154	1
174	153	1
174	152	1
174	151	1
174	150	1
174	149	1
174	148	1
174	147	1
174	146	1
174	145	1
174	144	1
174	143	1
174	142	1
174	141	1
174	140	1
174	139	1
174	138	1
174	137	1
174	136	1
174	135	1
174	134	1
174	133	1
174	132	1
174	131	1
174	130	1
174	129	1
174	128	1
174	127	1
174	126	1
174	125	1
174	124	1
174	123	1
174	122	1
174	121	1
174	120	1
174	119	1
174	118	1
174	117	1
174	116	1
174	115	1
174	114	1
174	113	1
174	112	1
174	111	1
174	110	1
174	109	1
174	108	1
174	107	1
174	106	1
174	105	1
174	104	1
174	103	1
174	102	2
174	101	2
174	100	2
174	99	1
174	98	1
174	97	1
174	96	1
174	95	1
174	94	1
174	93	1
174	92	1
174	91	2
174	90	2
174	89	2
174	88	2
174	87	2
174	86	2
174	85	1
174	84	1
174	83	1
174	82	1
174	81	1
174	80	1
174	79	1
174	78	1
174	77	1
174	76	2
174	75	2
174	74	1
174	73	1
174	72	1
174	71	1
174	70	1
174	69	1
174	68	1
174	67	1
174	66	1
174	65	1
174	64	1
174	63	1
174	62	1
174	61	1
174	60	1
174	59	1
174	58	1
174	57	1
174	56	1
174	55	1
174	54	1
174	53	1
174	52	1
174	51	1
174	50	1
174	49	1
174	48	1
174	47	1
174	46	1
174	45	1
174	44	1
174	43	1
174	42	1
174	41	1
174	40	1
174	39	1
174	38	1
174	37	1
174	36	1
174	35	1
174	34	1
174	33	1
174	32	1
174	31	1
174	30	1
174	29	1
174	28	1
174	27	1
174	26	1
174	25	1
174	24	1
174	23	1
174	22	1
174	21	1
174	20	1
174	19	1
174	18	1
174	17	1
174	16	1
174	15	1
174	14	1
174	13	1
174	12	1
174	11	1
174	10	1
174	9	1
174	8	1
174	7	1
174	6	1
174	5	1
174	4	1
174	3	1
174	2	1
174	1	1
175	216	1
175	215	1
175	214	1
175	213	1
175	212	1
175	211	1
175	210	1
175	209	1
175	208	1
175	207	1
175	206	1
175	205	1
175	204	1
175	203	1
175	202	1
175	201	1
175	200	1
175	199	1
175	198	1
175	197	1
175	196	1
175	195	1
175	194	1
175	193	1
175	192	1
175	191	1
175	190	1
175	189	1
175	188	1
175	187	1
175	186	1
175	185	1
175	184	1
175	183	1
175	182	1
175	181	1
175	180	1
175	179	1
175	178	1
175	177	1
175	176	1
175	175	1
175	174	1
175	173	1
175	172	1
175	171	1
175	170	1
175	169	1
175	168	1
175	167	1
175	166	1
175	165	1
175	164	1
175	163	1
175	162	1
175	161	1
175	160	1
175	159	1
175	158	1
175	157	1
175	156	1
175	155	1
175	154	1
175	153	1
175	152	1
175	151	1
175	150	1
175	149	1
175	148	1
175	147	1
175	146	1
175	145	1
175	144	1
175	143	1
175	142	1
175	141	1
175	140	1
175	139	1
175	138	1
175	137	1
175	136	1
175	135	1
175	134	1
175	133	1
175	132	1
175	131	1
175	130	1
175	129	1
175	128	1
175	127	1
175	126	1
175	125	1
175	124	1
175	123	1
175	122	1
175	121	1
175	120	1
175	119	1
175	118	1
175	117	1
175	116	1
175	115	1
175	114	1
175	113	1
175	112	1
175	111	1
175	110	1
175	109	1
175	108	1
175	107	1
175	106	1
175	105	1
175	104	1
175	103	1
175	102	2
175	101	2
175	100	2
175	99	2
175	98	2
175	97	2
175	96	2
175	95	2
175	94	1
175	93	1
175	92	1
175	91	2
175	90	2
175	89	2
175	88	2
175	87	2
175	86	2
175	85	1
175	84	1
175	83	1
175	82	1
175	81	1
175	80	1
175	79	1
175	78	1
175	77	2
175	76	2
175	75	1
175	74	1
175	73	1
175	72	1
175	71	1
175	70	1
175	69	1
175	68	1
175	67	1
175	66	1
175	65	1
175	64	1
175	63	1
175	62	1
175	61	1
175	60	1
175	59	1
175	58	1
175	57	1
175	56	1
175	55	1
175	54	1
175	53	1
175	52	1
175	51	1
175	50	1
175	49	1
175	48	1
175	47	1
175	46	1
175	45	1
175	44	1
175	43	1
175	42	1
175	41	1
175	40	1
175	39	1
175	38	1
175	37	1
175	36	1
175	35	1
175	34	1
175	33	1
175	32	1
175	31	1
175	30	1
175	29	1
175	28	1
175	27	1
175	26	1
175	25	1
175	24	1
175	23	1
175	22	1
175	21	1
175	20	1
175	19	1
175	18	1
175	17	1
175	16	1
175	15	1
175	14	1
175	13	1
175	12	1
175	11	1
175	10	1
175	9	1
175	8	1
175	7	1
175	6	1
175	5	1
175	4	1
175	3	1
175	2	1
175	1	1
176	216	1
176	215	1
176	214	1
176	213	1
176	212	1
176	211	1
176	210	1
176	209	1
176	208	1
176	207	1
176	206	1
176	205	1
176	204	1
176	203	1
176	202	1
176	201	1
176	200	1
176	199	1
176	198	1
176	197	1
176	196	1
176	195	1
176	194	1
176	193	1
176	192	1
176	191	1
176	190	1
176	189	1
176	188	1
176	187	1
176	186	1
176	185	1
176	184	1
176	183	1
176	182	1
176	181	1
176	180	1
176	179	1
176	178	1
176	177	1
176	176	1
176	175	1
176	174	1
176	173	1
176	172	1
176	171	1
176	170	1
176	169	1
176	168	1
176	167	1
176	166	1
176	165	1
176	164	1
176	163	1
176	162	1
176	161	1
176	160	1
176	159	1
176	158	1
176	157	1
176	156	1
176	155	1
176	154	1
176	153	1
176	152	1
176	151	1
176	150	1
176	149	1
176	148	1
176	147	1
176	146	1
176	145	1
176	144	1
176	143	1
176	142	1
176	141	1
176	140	1
176	139	1
176	138	1
176	137	1
176	136	1
176	135	1
176	134	1
176	133	1
176	132	1
176	131	1
176	130	1
176	129	1
176	128	1
176	127	1
176	126	1
176	125	1
176	124	1
176	123	1
176	122	1
176	121	1
176	120	1
176	119	1
176	118	1
176	117	1
176	116	1
176	115	1
176	114	1
176	113	1
176	112	1
176	111	1
176	110	1
176	109	1
176	108	1
176	107	1
176	106	1
176	105	1
176	104	1
176	103	1
176	102	1
176	101	1
176	100	1
176	99	1
176	98	2
176	97	2
176	96	2
176	95	2
176	94	2
176	93	2
176	92	2
176	91	2
176	90	2
176	89	2
176	88	2
176	87	2
176	86	2
176	85	1
176	84	1
176	83	1
176	82	1
176	81	1
176	80	1
176	79	1
176	78	2
176	77	2
176	76	1
176	75	1
176	74	1
176	73	1
176	72	1
176	71	1
176	70	1
176	69	1
176	68	1
176	67	1
176	66	1
176	65	1
176	64	1
176	63	1
176	62	1
176	61	1
176	60	1
176	59	1
176	58	1
176	57	1
176	56	1
176	55	1
176	54	1
176	53	1
176	52	1
176	51	1
176	50	1
176	49	1
176	48	1
176	47	1
176	46	1
176	45	1
176	44	1
176	43	1
176	42	1
176	41	1
176	40	1
176	39	1
176	38	1
176	37	1
176	36	1
176	35	1
176	34	1
176	33	1
176	32	1
176	31	1
176	30	1
176	29	1
176	28	1
176	27	1
176	26	1
176	25	1
176	24	1
176	23	1
176	22	1
176	21	1
176	20	1
176	19	1
176	18	1
176	17	1
176	16	1
176	15	1
176	14	1
176	13	1
176	12	1
176	11	1
176	10	1
176	9	1
176	8	1
176	7	1
176	6	1
176	5	1
176	4	1
176	3	1
176	2	1
176	1	1
177	216	1
177	215	1
177	214	1
177	213	1
177	212	1
177	211	1
177	210	1
177	209	1
177	208	1
177	207	1
177	206	1
177	205	1
177	204	1
177	203	1
177	202	1
177	201	1
177	200	1
177	199	1
177	198	1
177	197	1
177	196	1
177	195	1
177	194	1
177	193	1
177	192	1
177	191	1
177	190	1
177	189	1
177	188	1
177	187	1
177	186	1
177	185	1
177	184	1
177	183	1
177	182	1
177	181	1
177	180	1
177	179	1
177	178	1
177	177	1
177	176	1
177	175	1
177	174	1
177	173	1
177	172	1
177	171	1
177	170	1
177	169	1
177	168	1
177	167	1
177	166	1
177	165	1
177	164	1
177	163	1
177	162	1
177	161	1
177	160	1
177	159	1
177	158	1
177	157	1
177	156	1
177	155	1
177	154	1
177	153	1
177	152	1
177	151	1
177	150	1
177	149	1
177	148	1
177	147	1
177	146	1
177	145	1
177	144	1
177	143	1
177	142	1
177	141	1
177	140	1
177	139	1
177	138	1
177	137	1
177	136	1
177	135	1
177	134	1
177	133	1
177	132	1
177	131	1
177	130	1
177	129	1
177	128	1
177	127	2
177	126	1
177	125	1
177	124	2
177	123	2
177	122	2
177	121	1
177	120	1
177	119	1
177	118	1
177	117	1
177	116	1
177	115	1
177	114	1
177	113	1
177	112	1
177	111	1
177	110	1
177	109	1
177	108	1
177	107	1
177	106	1
177	105	1
177	104	1
177	103	2
177	102	2
177	101	2
177	100	1
177	99	1
177	98	1
177	97	1
177	96	1
177	95	1
177	94	2
177	93	2
177	92	2
177	91	2
177	90	2
177	89	2
177	88	2
177	87	2
177	86	2
177	85	1
177	84	1
177	83	1
177	82	1
177	81	1
177	80	1
177	79	2
177	78	2
177	77	1
177	76	1
177	75	1
177	74	1
177	73	1
177	72	1
177	71	1
177	70	1
177	69	1
177	68	1
177	67	1
177	66	1
177	65	1
177	64	1
177	63	1
177	62	1
177	61	1
177	60	1
177	59	1
177	58	1
177	57	1
177	56	1
177	55	1
177	54	1
177	53	1
177	52	1
177	51	1
177	50	1
177	49	1
177	48	1
177	47	1
177	46	1
177	45	1
177	44	1
177	43	1
177	42	1
177	41	1
177	40	1
177	39	1
177	38	1
177	37	1
177	36	1
177	35	1
177	34	1
177	33	1
177	32	1
177	31	1
177	30	1
177	29	1
177	28	1
177	27	1
177	26	1
177	25	1
177	24	1
177	23	1
177	22	1
177	21	1
177	20	1
177	19	1
177	18	1
177	17	1
177	16	1
177	15	1
177	14	1
177	13	1
177	12	1
177	11	1
177	10	1
177	9	1
177	8	1
177	7	1
177	6	1
177	5	1
177	4	1
177	3	1
177	2	1
177	1	1
178	216	1
178	215	1
178	214	1
178	213	1
178	212	1
178	211	1
178	210	1
178	209	1
178	208	1
178	207	1
178	206	1
178	205	1
178	204	1
178	203	1
178	202	1
178	201	1
178	200	1
178	199	1
178	198	1
178	197	1
178	196	1
178	195	1
178	194	1
178	193	1
178	192	1
178	191	1
178	190	1
178	189	1
178	188	1
178	187	1
178	186	1
178	185	1
178	184	1
178	183	1
178	182	1
178	181	1
178	180	1
178	179	1
178	178	1
178	177	1
178	176	1
178	175	1
178	174	1
178	173	1
178	172	1
178	171	1
178	170	1
178	169	1
178	168	1
178	167	1
178	166	1
178	165	1
178	164	1
178	163	1
178	162	1
178	161	1
178	160	1
178	159	1
178	158	1
178	157	1
178	156	1
178	155	1
178	154	1
178	153	1
178	152	1
178	151	1
178	150	1
178	149	1
178	148	1
178	147	1
178	146	1
178	145	1
178	144	1
178	143	1
178	142	1
178	141	1
178	140	1
178	139	1
178	138	1
178	137	1
178	136	1
178	135	1
178	134	1
178	133	1
178	132	1
178	131	1
178	130	1
178	129	1
178	128	1
178	127	2
178	126	1
178	125	2
178	124	2
178	123	2
178	122	2
178	121	1
178	120	1
178	119	1
178	118	1
178	117	1
178	116	1
178	115	1
178	114	1
178	113	1
178	112	1
178	111	1
178	110	1
178	109	1
178	108	1
178	107	1
178	106	1
178	105	1
178	104	1
178	103	2
178	102	2
178	101	2
178	100	2
178	99	2
178	98	2
178	97	1
178	96	1
178	95	1
178	94	1
178	93	1
178	92	1
178	91	2
178	90	2
178	89	2
178	88	2
178	87	2
178	86	2
178	85	1
178	84	1
178	83	1
178	82	1
178	81	2
178	80	2
178	79	2
178	78	1
178	77	1
178	76	1
178	75	1
178	74	1
178	73	1
178	72	1
178	71	1
178	70	1
178	69	1
178	68	1
178	67	1
178	66	1
178	65	1
178	64	1
178	63	1
178	62	1
178	61	1
178	60	1
178	59	1
178	58	1
178	57	1
178	56	1
178	55	1
178	54	1
178	53	1
178	52	1
178	51	1
178	50	1
178	49	1
178	48	1
178	47	1
178	46	1
178	45	1
178	44	1
178	43	1
178	42	1
178	41	1
178	40	1
178	39	1
178	38	1
178	37	1
178	36	1
178	35	1
178	34	1
178	33	1
178	32	1
178	31	1
178	30	1
178	29	1
178	28	1
178	27	1
178	26	1
178	25	1
178	24	1
178	23	1
178	22	1
178	21	1
178	20	1
178	19	1
178	18	1
178	17	1
178	16	1
178	15	1
178	14	1
178	13	1
178	12	1
178	11	1
178	10	1
178	9	1
178	8	1
178	7	1
178	6	1
178	5	1
178	4	1
178	3	1
178	2	1
178	1	1
179	216	1
179	215	1
179	214	1
179	213	1
179	212	1
179	211	1
179	210	1
179	209	1
179	208	1
179	207	1
179	206	1
179	205	1
179	204	1
179	203	1
179	202	1
179	201	1
179	200	1
179	199	1
179	198	1
179	197	1
179	196	1
179	195	1
179	194	1
179	193	1
179	192	1
179	191	1
179	190	1
179	189	1
179	188	1
179	187	1
179	186	1
179	185	1
179	184	1
179	183	1
179	182	1
179	181	1
179	180	1
179	179	1
179	178	1
179	177	1
179	176	1
179	175	1
179	174	1
179	173	1
179	172	1
179	171	1
179	170	1
179	169	1
179	168	1
179	167	1
179	166	1
179	165	1
179	164	1
179	163	1
179	162	1
179	161	1
179	160	1
179	159	1
179	158	1
179	157	1
179	156	1
179	155	1
179	154	1
179	153	1
179	152	1
179	151	1
179	150	1
179	149	1
179	148	1
179	147	1
179	146	1
179	145	1
179	144	1
179	143	1
179	142	1
179	141	1
179	140	1
179	139	1
179	138	1
179	137	1
179	136	1
179	135	1
179	134	1
179	133	1
179	132	1
179	131	1
179	130	1
179	129	2
179	128	2
179	127	1
179	126	2
179	125	2
179	124	2
179	123	2
179	122	1
179	121	1
179	120	1
179	119	1
179	118	1
179	117	1
179	116	1
179	115	1
179	114	1
179	113	1
179	112	1
179	111	1
179	110	1
179	109	1
179	108	1
179	107	1
179	106	1
179	105	1
179	104	1
179	103	1
179	102	1
179	101	1
179	100	2
179	99	2
179	98	2
179	97	2
179	96	2
179	95	2
179	94	2
179	93	1
179	92	1
179	91	2
179	90	2
179	89	2
179	88	2
179	87	2
179	86	2
179	85	1
179	84	1
179	83	2
179	82	2
179	81	2
179	80	2
179	79	1
179	78	1
179	77	1
179	76	1
179	75	1
179	74	1
179	73	1
179	72	1
179	71	1
179	70	1
179	69	1
179	68	1
179	67	1
179	66	1
179	65	1
179	64	1
179	63	1
179	62	1
179	61	1
179	60	1
179	59	1
179	58	1
179	57	1
179	56	1
179	55	1
179	54	1
179	53	1
179	52	1
179	51	1
179	50	1
179	49	1
179	48	1
179	47	1
179	46	1
179	45	1
179	44	1
179	43	1
179	42	1
179	41	1
179	40	1
179	39	1
179	38	1
179	37	1
179	36	1
179	35	1
179	34	1
179	33	1
179	32	1
179	31	1
179	30	1
179	29	1
179	28	1
179	27	1
179	26	1
179	25	1
179	24	1
179	23	1
179	22	1
179	21	1
179	20	1
179	19	1
179	18	1
179	17	1
179	16	1
179	15	1
179	14	1
179	13	1
179	12	1
179	11	1
179	10	1
179	9	1
179	8	1
179	7	1
179	6	1
179	5	1
179	4	1
179	3	1
179	2	1
179	1	1
180	216	1
180	215	1
180	214	1
180	213	1
180	212	1
180	211	1
180	210	1
180	209	1
180	208	1
180	207	1
180	206	1
180	205	1
180	204	1
180	203	1
180	202	1
180	201	1
180	200	1
180	199	1
180	198	1
180	197	1
180	196	1
180	195	1
180	194	1
180	193	1
180	192	1
180	191	1
180	190	1
180	189	1
180	188	1
180	187	1
180	186	1
180	185	1
180	184	1
180	183	1
180	182	1
180	181	1
180	180	1
180	179	1
180	178	1
180	177	1
180	176	1
180	175	1
180	174	1
180	173	1
180	172	1
180	171	1
180	170	1
180	169	1
180	168	1
180	167	1
180	166	1
180	165	1
180	164	1
180	163	1
180	162	1
180	161	1
180	160	1
180	159	1
180	158	1
180	157	1
180	156	1
180	155	1
180	154	1
180	153	1
180	152	1
180	151	1
180	150	1
180	149	1
180	148	1
180	147	1
180	146	1
180	145	1
180	144	1
180	143	1
180	142	1
180	141	1
180	140	1
180	139	1
180	138	1
180	137	1
180	136	1
180	135	1
180	134	1
180	133	1
180	132	1
180	131	1
180	130	1
180	129	2
180	128	1
180	127	2
180	126	2
180	125	2
180	124	2
180	123	1
180	122	1
180	121	1
180	120	1
180	119	1
180	118	1
180	117	1
180	116	1
180	115	1
180	114	1
180	113	1
180	112	1
180	111	1
180	110	1
180	109	1
180	108	1
180	107	1
180	106	1
180	105	1
180	104	1
180	103	1
180	102	1
180	101	1
180	100	1
180	99	1
180	98	2
180	97	2
180	96	2
180	95	2
180	94	2
180	93	2
180	92	2
180	91	2
180	90	2
180	89	2
180	88	2
180	87	2
180	86	2
180	85	2
180	84	2
180	83	2
180	82	2
180	81	1
180	80	1
180	79	1
180	78	1
180	77	1
180	76	1
180	75	1
180	74	1
180	73	1
180	72	1
180	71	1
180	70	1
180	69	1
180	68	1
180	67	1
180	66	1
180	65	1
180	64	1
180	63	1
180	62	1
180	61	1
180	60	1
180	59	1
180	58	1
180	57	1
180	56	1
180	55	1
180	54	1
180	53	1
180	52	1
180	51	1
180	50	1
180	49	1
180	48	1
180	47	1
180	46	1
180	45	1
180	44	1
180	43	1
180	42	1
180	41	1
180	40	1
180	39	1
180	38	1
180	37	1
180	36	1
180	35	1
180	34	1
180	33	1
180	32	1
180	31	1
180	30	1
180	29	1
180	28	1
180	27	1
180	26	1
180	25	1
180	24	1
180	23	1
180	22	1
180	21	1
180	20	1
180	19	1
180	18	1
180	17	1
180	16	1
180	15	1
180	14	1
180	13	1
180	12	1
180	11	1
180	10	1
180	9	1
180	8	1
180	7	1
180	6	1
180	5	1
180	4	1
180	3	1
180	2	1
180	1	1
181	216	1
181	215	1
181	214	1
181	213	1
181	212	1
181	211	1
181	210	1
181	209	1
181	208	1
181	207	1
181	206	1
181	205	1
181	204	1
181	203	1
181	202	1
181	201	1
181	200	1
181	199	1
181	198	1
181	197	1
181	196	1
181	195	1
181	194	1
181	193	1
181	192	1
181	191	1
181	190	1
181	189	1
181	188	1
181	187	1
181	186	1
181	185	1
181	184	1
181	183	1
181	182	1
181	181	1
181	180	1
181	179	1
181	178	1
181	177	1
181	176	1
181	175	1
181	174	1
181	173	1
181	172	1
181	171	1
181	170	1
181	169	1
181	168	1
181	167	1
181	166	1
181	165	1
181	164	1
181	163	1
181	162	1
181	161	1
181	160	1
181	159	1
181	158	1
181	157	1
181	156	1
181	155	1
181	154	1
181	153	1
181	152	1
181	151	1
181	150	1
181	149	1
181	148	1
181	147	1
181	146	1
181	145	1
181	144	1
181	143	1
181	142	1
181	141	1
181	140	1
181	139	1
181	138	1
181	137	1
181	136	1
181	135	1
181	134	1
181	133	1
181	132	1
181	131	1
181	130	1
181	129	2
181	128	2
181	127	2
181	126	2
181	125	2
181	124	2
181	123	1
181	122	1
181	121	1
181	120	1
181	119	1
181	118	1
181	117	1
181	116	1
181	115	1
181	114	1
181	113	1
181	112	1
181	111	1
181	110	1
181	109	1
181	108	1
181	107	1
181	106	1
181	105	1
181	104	1
181	103	1
181	102	1
181	101	1
181	100	1
181	99	1
181	98	1
181	97	1
181	96	1
181	95	1
181	94	2
181	93	2
181	92	2
181	91	2
181	90	2
181	89	2
181	88	2
181	87	2
181	86	2
181	85	2
181	84	2
181	83	2
181	82	1
181	81	1
181	80	1
181	79	1
181	78	1
181	77	1
181	76	1
181	75	1
181	74	1
181	73	1
181	72	1
181	71	1
181	70	1
181	69	1
181	68	1
181	67	1
181	66	1
181	65	1
181	64	1
181	63	1
181	62	1
181	61	1
181	60	1
181	59	1
181	58	1
181	57	1
181	56	1
181	55	1
181	54	1
181	53	1
181	52	1
181	51	1
181	50	1
181	49	1
181	48	1
181	47	1
181	46	1
181	45	1
181	44	1
181	43	1
181	42	1
181	41	1
181	40	1
181	39	1
181	38	1
181	37	1
181	36	1
181	35	1
181	34	1
181	33	1
181	32	1
181	31	1
181	30	1
181	29	1
181	28	1
181	27	1
181	26	1
181	25	1
181	24	1
181	23	1
181	22	1
181	21	1
181	20	1
181	19	1
181	18	1
181	17	1
181	16	1
181	15	1
181	14	1
181	13	1
181	12	1
181	11	1
181	10	1
181	9	1
181	8	1
181	7	1
181	6	1
181	5	1
181	4	1
181	3	1
181	2	1
181	1	1
182	216	1
182	215	1
182	214	1
182	213	1
182	212	1
182	211	1
182	210	1
182	209	1
182	208	1
182	207	1
182	206	1
182	205	1
182	204	1
182	203	1
182	202	1
182	201	1
182	200	1
182	199	1
182	198	1
182	197	1
182	196	1
182	195	1
182	194	1
182	193	1
182	192	1
182	191	1
182	190	1
182	189	1
182	188	1
182	187	1
182	186	1
182	185	1
182	184	1
182	183	1
182	182	1
182	181	1
182	180	1
182	179	1
182	178	1
182	177	1
182	176	1
182	175	1
182	174	1
182	173	1
182	172	1
182	171	1
182	170	1
182	169	1
182	168	1
182	167	1
182	166	1
182	165	1
182	164	1
182	163	1
182	162	1
182	161	1
182	160	1
182	159	1
182	158	1
182	157	1
182	156	1
182	155	1
182	154	1
182	153	1
182	152	1
182	151	1
182	150	1
182	149	1
182	148	1
182	147	1
182	146	1
182	145	1
182	144	1
182	143	1
182	142	1
182	141	1
182	140	1
182	139	1
182	138	1
182	137	1
182	136	1
182	135	1
182	134	1
182	133	1
182	132	1
182	131	1
182	130	2
182	129	1
182	128	1
182	127	2
182	126	2
182	125	2
182	124	1
182	123	1
182	122	1
182	121	1
182	120	1
182	119	1
182	118	1
182	117	1
182	116	1
182	115	1
182	114	1
182	113	1
182	112	1
182	111	1
182	110	1
182	109	1
182	108	1
182	107	1
182	106	1
182	105	1
182	104	1
182	103	1
182	102	1
182	101	1
182	100	1
182	99	1
182	98	1
182	97	1
182	96	1
182	95	1
182	94	1
182	93	1
182	92	1
182	91	1
182	90	1
182	89	1
182	88	1
182	87	1
182	86	2
182	85	2
182	84	1
182	83	1
182	82	1
182	81	1
182	80	1
182	79	1
182	78	1
182	77	1
182	76	1
182	75	1
182	74	1
182	73	1
182	72	1
182	71	1
182	70	1
182	69	1
182	68	1
182	67	1
182	66	1
182	65	1
182	64	1
182	63	1
182	62	1
182	61	1
182	60	1
182	59	1
182	58	1
182	57	1
182	56	1
182	55	1
182	54	1
182	53	1
182	52	1
182	51	1
182	50	1
182	49	1
182	48	1
182	47	1
182	46	1
182	45	1
182	44	1
182	43	1
182	42	1
182	41	1
182	40	1
182	39	1
182	38	1
182	37	1
182	36	1
182	35	1
182	34	1
182	33	1
182	32	1
182	31	1
182	30	1
182	29	1
182	28	1
182	27	1
182	26	1
182	25	1
182	24	1
182	23	1
182	22	1
182	21	1
182	20	1
182	19	1
182	18	1
182	17	1
182	16	1
182	15	1
182	14	1
182	13	1
182	12	1
182	11	1
182	10	1
182	9	1
182	8	1
182	7	1
182	6	1
182	5	1
182	4	1
182	3	1
182	2	1
182	1	1
183	216	1
183	215	1
183	214	1
183	213	1
183	212	1
183	211	1
183	210	1
183	209	1
183	208	1
183	207	1
183	206	1
183	205	1
183	204	1
183	203	1
183	202	1
183	201	1
183	200	1
183	199	1
183	198	1
183	197	1
183	196	1
183	195	1
183	194	1
183	193	1
183	192	1
183	191	1
183	190	1
183	189	1
183	188	1
183	187	1
183	186	1
183	185	1
183	184	1
183	183	1
183	182	1
183	181	1
183	180	1
183	179	1
183	178	1
183	177	1
183	176	1
183	175	1
183	174	1
183	173	1
183	172	1
183	171	1
183	170	1
183	169	1
183	168	1
183	167	1
183	166	1
183	165	1
183	164	1
183	163	1
183	162	1
183	161	1
183	160	1
183	159	1
183	158	1
183	157	1
183	156	1
183	155	1
183	154	1
183	153	1
183	152	1
183	151	1
183	150	1
183	149	1
183	148	1
183	147	1
183	146	1
183	145	1
183	144	1
183	143	1
183	142	1
183	141	1
183	140	1
183	139	1
183	138	1
183	137	1
183	136	1
183	135	1
183	134	1
183	133	1
183	132	1
183	131	2
183	130	2
183	129	1
183	128	1
183	127	2
183	126	2
183	125	1
183	124	1
183	123	1
183	122	1
183	121	1
183	120	1
183	119	1
183	118	1
183	117	1
183	116	1
183	115	1
183	114	1
183	113	1
183	112	1
183	111	1
183	110	1
183	109	1
183	108	1
183	107	1
183	106	1
183	105	1
183	104	1
183	103	1
183	102	1
183	101	1
183	100	1
183	99	1
183	98	1
183	97	1
183	96	1
183	95	1
183	94	1
183	93	1
183	92	1
183	91	1
183	90	2
183	89	2
183	88	2
183	87	2
183	86	2
183	85	2
183	84	2
183	83	1
183	82	1
183	81	1
183	80	1
183	79	1
183	78	1
183	77	1
183	76	1
183	75	1
183	74	1
183	73	1
183	72	1
183	71	1
183	70	1
183	69	1
183	68	1
183	67	1
183	66	1
183	65	1
183	64	1
183	63	1
183	62	1
183	61	1
183	60	1
183	59	1
183	58	1
183	57	1
183	56	1
183	55	1
183	54	1
183	53	1
183	52	1
183	51	1
183	50	1
183	49	1
183	48	1
183	47	1
183	46	1
183	45	1
183	44	1
183	43	1
183	42	1
183	41	1
183	40	1
183	39	1
183	38	1
183	37	1
183	36	1
183	35	1
183	34	1
183	33	1
183	32	1
183	31	1
183	30	1
183	29	1
183	28	1
183	27	1
183	26	1
183	25	1
183	24	1
183	23	1
183	22	1
183	21	1
183	20	1
183	19	1
183	18	1
183	17	1
183	16	1
183	15	1
183	14	1
183	13	1
183	12	1
183	11	1
183	10	1
183	9	1
183	8	1
183	7	1
183	6	1
183	5	1
183	4	1
183	3	1
183	2	1
183	1	1
184	216	1
184	215	1
184	214	1
184	213	1
184	212	1
184	211	1
184	210	1
184	209	1
184	208	1
184	207	1
184	206	1
184	205	1
184	204	1
184	203	1
184	202	1
184	201	1
184	200	1
184	199	1
184	198	1
184	197	1
184	196	1
184	195	1
184	194	1
184	193	1
184	192	1
184	191	1
184	190	1
184	189	1
184	188	1
184	187	1
184	186	1
184	185	1
184	184	1
184	183	1
184	182	1
184	181	1
184	180	1
184	179	1
184	178	1
184	177	1
184	176	1
184	175	1
184	174	1
184	173	1
184	172	1
184	171	1
184	170	1
184	169	1
184	168	1
184	167	1
184	166	1
184	165	1
184	164	1
184	163	1
184	162	1
184	161	1
184	160	1
184	159	1
184	158	1
184	157	1
184	156	1
184	155	1
184	154	1
184	153	1
184	152	1
184	151	1
184	150	1
184	149	1
184	148	1
184	147	1
184	146	1
184	145	1
184	144	1
184	143	1
184	142	1
184	141	1
184	140	1
184	139	1
184	138	1
184	137	1
184	136	1
184	135	1
184	134	1
184	133	1
184	132	1
184	131	1
184	130	1
184	129	1
184	128	2
184	127	2
184	126	1
184	125	1
184	124	1
184	123	1
184	122	1
184	121	1
184	120	1
184	119	1
184	118	1
184	117	1
184	116	1
184	115	1
184	114	1
184	113	1
184	112	1
184	111	1
184	110	1
184	109	1
184	108	1
184	107	1
184	106	1
184	105	1
184	104	1
184	103	1
184	102	1
184	101	1
184	100	1
184	99	1
184	98	1
184	97	1
184	96	1
184	95	1
184	94	1
184	93	1
184	92	1
184	91	2
184	90	2
184	89	2
184	88	2
184	87	2
184	86	2
184	85	1
184	84	1
184	83	1
184	82	1
184	81	1
184	80	1
184	79	1
184	78	1
184	77	1
184	76	1
184	75	1
184	74	1
184	73	1
184	72	1
184	71	1
184	70	1
184	69	1
184	68	1
184	67	1
184	66	1
184	65	1
184	64	1
184	63	1
184	62	1
184	61	1
184	60	1
184	59	1
184	58	1
184	57	1
184	56	1
184	55	1
184	54	1
184	53	1
184	52	1
184	51	1
184	50	1
184	49	1
184	48	1
184	47	1
184	46	1
184	45	1
184	44	1
184	43	1
184	42	1
184	41	1
184	40	1
184	39	1
184	38	1
184	37	1
184	36	1
184	35	1
184	34	1
184	33	1
184	32	1
184	31	1
184	30	1
184	29	1
184	28	1
184	27	1
184	26	1
184	25	1
184	24	1
184	23	1
184	22	1
184	21	1
184	20	1
184	19	1
184	18	1
184	17	1
184	16	1
184	15	1
184	14	1
184	13	1
184	12	1
184	11	1
184	10	1
184	9	1
184	8	1
184	7	1
184	6	1
184	5	1
184	4	1
184	3	1
184	2	1
184	1	1
185	216	1
185	215	1
185	214	1
185	213	1
185	212	1
185	211	1
185	210	1
185	209	1
185	208	1
185	207	1
185	206	1
185	205	1
185	204	1
185	203	1
185	202	1
185	201	1
185	200	1
185	199	1
185	198	1
185	197	1
185	196	1
185	195	1
185	194	1
185	193	1
185	192	1
185	191	1
185	190	1
185	189	1
185	188	1
185	187	1
185	186	1
185	185	1
185	184	1
185	183	1
185	182	1
185	181	1
185	180	1
185	179	1
185	178	1
185	177	1
185	176	1
185	175	1
185	174	1
185	173	1
185	172	1
185	171	1
185	170	1
185	169	1
185	168	1
185	167	1
185	166	1
185	165	1
185	164	1
185	163	1
185	162	1
185	161	1
185	160	1
185	159	1
185	158	1
185	157	1
185	156	1
185	155	1
185	154	1
185	153	1
185	152	1
185	151	1
185	150	1
185	149	1
185	148	1
185	147	1
185	146	1
185	145	1
185	144	1
185	143	1
185	142	1
185	141	1
185	140	1
185	139	1
185	138	1
185	137	1
185	136	1
185	135	1
185	134	1
185	133	1
185	132	1
185	131	1
185	130	1
185	129	1
185	128	1
185	127	1
185	126	1
185	125	1
185	124	1
185	123	1
185	122	1
185	121	1
185	120	1
185	119	1
185	118	1
185	117	1
185	116	1
185	115	1
185	114	1
185	113	1
185	112	1
185	111	1
185	110	1
185	109	1
185	108	2
185	107	2
185	106	1
185	105	1
185	104	1
185	103	1
185	102	1
185	101	1
185	100	1
185	99	1
185	98	1
185	97	1
185	96	1
185	95	1
185	94	1
185	93	1
185	92	1
185	91	2
185	90	2
185	89	2
185	88	2
185	87	2
185	86	2
185	85	1
185	84	1
185	83	1
185	82	1
185	81	1
185	80	1
185	79	1
185	78	1
185	77	1
185	76	1
185	75	1
185	74	1
185	73	1
185	72	1
185	71	2
185	70	2
185	69	1
185	68	1
185	67	1
185	66	1
185	65	1
185	64	1
185	63	1
185	62	1
185	61	1
185	60	1
185	59	1
185	58	1
185	57	1
185	56	1
185	55	1
185	54	1
185	53	1
185	52	1
185	51	1
185	50	1
185	49	1
185	48	1
185	47	1
185	46	1
185	45	1
185	44	1
185	43	1
185	42	1
185	41	1
185	40	1
185	39	1
185	38	1
185	37	1
185	36	1
185	35	1
185	34	1
185	33	1
185	32	1
185	31	1
185	30	1
185	29	1
185	28	1
185	27	1
185	26	1
185	25	1
185	24	1
185	23	1
185	22	1
185	21	1
185	20	1
185	19	1
185	18	1
185	17	1
185	16	1
185	15	1
185	14	1
185	13	1
185	12	1
185	11	1
185	10	1
185	9	1
185	8	1
185	7	1
185	6	1
185	5	1
185	4	1
185	3	1
185	2	1
185	1	1
186	216	1
186	215	1
186	214	1
186	213	1
186	212	1
186	211	1
186	210	1
186	209	1
186	208	1
186	207	1
186	206	1
186	205	1
186	204	1
186	203	1
186	202	1
186	201	1
186	200	1
186	199	1
186	198	1
186	197	1
186	196	1
186	195	1
186	194	1
186	193	1
186	192	1
186	191	1
186	190	1
186	189	1
186	188	1
186	187	1
186	186	1
186	185	1
186	184	1
186	183	1
186	182	1
186	181	1
186	180	1
186	179	1
186	178	1
186	177	1
186	176	1
186	175	1
186	174	1
186	173	1
186	172	1
186	171	1
186	170	1
186	169	1
186	168	1
186	167	1
186	166	1
186	165	1
186	164	1
186	163	1
186	162	1
186	161	1
186	160	1
186	159	1
186	158	1
186	157	1
186	156	1
186	155	1
186	154	1
186	153	1
186	152	1
186	151	1
186	150	1
186	149	1
186	148	1
186	147	1
186	146	1
186	145	1
186	144	1
186	143	1
186	142	1
186	141	1
186	140	1
186	139	1
186	138	1
186	137	1
186	136	1
186	135	1
186	134	1
186	133	1
186	132	1
186	131	1
186	130	1
186	129	1
186	128	1
186	127	1
186	126	1
186	125	1
186	124	1
186	123	1
186	122	1
186	121	1
186	120	1
186	119	1
186	118	1
186	117	1
186	116	1
186	115	1
186	114	1
186	113	1
186	112	1
186	111	1
186	110	1
186	109	1
186	108	1
186	107	2
186	106	2
186	105	2
186	104	2
186	103	2
186	102	1
186	101	1
186	100	1
186	99	1
186	98	1
186	97	1
186	96	1
186	95	1
186	94	1
186	93	1
186	92	1
186	91	2
186	90	2
186	89	2
186	88	2
186	87	2
186	86	2
186	85	1
186	84	1
186	83	1
186	82	1
186	81	1
186	80	1
186	79	1
186	78	1
186	77	1
186	76	1
186	75	1
186	74	1
186	73	1
186	72	2
186	71	2
186	70	1
186	69	1
186	68	1
186	67	1
186	66	1
186	65	1
186	64	1
186	63	1
186	62	1
186	61	1
186	60	1
186	59	1
186	58	1
186	57	1
186	56	1
186	55	1
186	54	1
186	53	1
186	52	1
186	51	1
186	50	1
186	49	1
186	48	1
186	47	1
186	46	1
186	45	1
186	44	1
186	43	1
186	42	1
186	41	1
186	40	1
186	39	1
186	38	1
186	37	1
186	36	1
186	35	1
186	34	1
186	33	1
186	32	1
186	31	1
186	30	1
186	29	1
186	28	1
186	27	1
186	26	1
186	25	1
186	24	1
186	23	1
186	22	1
186	21	1
186	20	1
186	19	1
186	18	1
186	17	1
186	16	1
186	15	1
186	14	1
186	13	1
186	12	1
186	11	1
186	10	1
186	9	1
186	8	1
186	7	1
186	6	1
186	5	1
186	4	1
186	3	1
186	2	1
186	1	1
187	216	1
187	215	1
187	214	1
187	213	1
187	212	1
187	211	1
187	210	1
187	209	1
187	208	1
187	207	1
187	206	1
187	205	1
187	204	1
187	203	1
187	202	1
187	201	1
187	200	1
187	199	1
187	198	1
187	197	1
187	196	1
187	195	1
187	194	1
187	193	1
187	192	1
187	191	1
187	190	1
187	189	1
187	188	1
187	187	1
187	186	1
187	185	1
187	184	1
187	183	1
187	182	1
187	181	1
187	180	1
187	179	1
187	178	1
187	177	1
187	176	1
187	175	1
187	174	1
187	173	1
187	172	1
187	171	1
187	170	1
187	169	1
187	168	1
187	167	1
187	166	1
187	165	1
187	164	1
187	163	1
187	162	1
187	161	1
187	160	1
187	159	1
187	158	1
187	157	1
187	156	1
187	155	1
187	154	1
187	153	1
187	152	1
187	151	1
187	150	1
187	149	1
187	148	1
187	147	1
187	146	1
187	145	1
187	144	1
187	143	1
187	142	1
187	141	1
187	140	1
187	139	1
187	138	1
187	137	1
187	136	1
187	135	1
187	134	1
187	133	1
187	132	1
187	131	1
187	130	1
187	129	1
187	128	1
187	127	1
187	126	1
187	125	1
187	124	1
187	123	1
187	122	1
187	121	1
187	120	1
187	119	1
187	118	1
187	117	1
187	116	1
187	115	1
187	114	1
187	113	1
187	112	1
187	111	1
187	110	1
187	109	1
187	108	1
187	107	1
187	106	2
187	105	2
187	104	2
187	103	2
187	102	1
187	101	1
187	100	1
187	99	1
187	98	1
187	97	1
187	96	1
187	95	1
187	94	1
187	93	1
187	92	1
187	91	2
187	90	2
187	89	2
187	88	2
187	87	2
187	86	2
187	85	1
187	84	1
187	83	1
187	82	1
187	81	1
187	80	1
187	79	1
187	78	1
187	77	1
187	76	1
187	75	1
187	74	2
187	73	2
187	72	2
187	71	1
187	70	1
187	69	1
187	68	1
187	67	1
187	66	1
187	65	1
187	64	1
187	63	1
187	62	2
187	61	1
187	60	1
187	59	1
187	58	1
187	57	1
187	56	1
187	55	1
187	54	1
187	53	1
187	52	1
187	51	1
187	50	1
187	49	1
187	48	1
187	47	1
187	46	1
187	45	1
187	44	1
187	43	1
187	42	1
187	41	1
187	40	1
187	39	1
187	38	1
187	37	1
187	36	1
187	35	1
187	34	1
187	33	1
187	32	1
187	31	1
187	30	1
187	29	1
187	28	1
187	27	1
187	26	1
187	25	1
187	24	1
187	23	1
187	22	1
187	21	1
187	20	1
187	19	1
187	18	1
187	17	1
187	16	1
187	15	1
187	14	1
187	13	1
187	12	1
187	11	1
187	10	1
187	9	1
187	8	1
187	7	1
187	6	1
187	5	1
187	4	1
187	3	1
187	2	1
187	1	1
188	216	1
188	215	1
188	214	1
188	213	1
188	212	1
188	211	1
188	210	1
188	209	1
188	208	1
188	207	1
188	206	1
188	205	1
188	204	1
188	203	1
188	202	1
188	201	1
188	200	1
188	199	1
188	198	1
188	197	1
188	196	1
188	195	1
188	194	1
188	193	1
188	192	1
188	191	1
188	190	1
188	189	1
188	188	1
188	187	1
188	186	1
188	185	1
188	184	1
188	183	1
188	182	1
188	181	1
188	180	1
188	179	1
188	178	1
188	177	1
188	176	1
188	175	1
188	174	1
188	173	1
188	172	1
188	171	1
188	170	1
188	169	1
188	168	1
188	167	1
188	166	1
188	165	1
188	164	1
188	163	1
188	162	1
188	161	1
188	160	1
188	159	1
188	158	1
188	157	1
188	156	1
188	155	1
188	154	1
188	153	1
188	152	1
188	151	1
188	150	1
188	149	1
188	148	1
188	147	1
188	146	1
188	145	1
188	144	1
188	143	1
188	142	1
188	141	1
188	140	1
188	139	1
188	138	1
188	137	1
188	136	1
188	135	1
188	134	2
188	133	1
188	132	1
188	131	1
188	130	1
188	129	1
188	128	1
188	127	1
188	126	1
188	125	1
188	124	1
188	123	1
188	122	1
188	121	1
188	120	1
188	119	1
188	118	1
188	117	1
188	116	1
188	115	1
188	114	1
188	113	1
188	112	1
188	111	1
188	110	1
188	109	1
188	108	1
188	107	1
188	106	1
188	105	1
188	104	2
188	103	2
188	102	2
188	101	2
188	100	1
188	99	1
188	98	1
188	97	1
188	96	1
188	95	1
188	94	1
188	93	1
188	92	2
188	91	2
188	90	2
188	89	2
188	88	2
188	87	2
188	86	2
188	85	1
188	84	1
188	83	1
188	82	1
188	81	1
188	80	1
188	79	1
188	78	1
188	77	1
188	76	2
188	75	2
188	74	2
188	73	2
188	72	1
188	71	1
188	70	1
188	69	1
188	68	1
188	67	1
188	66	1
188	65	1
188	64	1
188	63	2
188	62	1
188	61	1
188	60	1
188	59	1
188	58	1
188	57	1
188	56	1
188	55	1
188	54	1
188	53	1
188	52	1
188	51	1
188	50	1
188	49	1
188	48	1
188	47	1
188	46	1
188	45	1
188	44	1
188	43	1
188	42	1
188	41	1
188	40	1
188	39	1
188	38	1
188	37	1
188	36	1
188	35	1
188	34	1
188	33	1
188	32	1
188	31	1
188	30	1
188	29	1
188	28	1
188	27	1
188	26	1
188	25	1
188	24	1
188	23	1
188	22	1
188	21	1
188	20	1
188	19	1
188	18	1
188	17	1
188	16	1
188	15	1
188	14	1
188	13	1
188	12	1
188	11	1
188	10	1
188	9	1
188	8	1
188	7	1
188	6	1
188	5	1
188	4	1
188	3	1
188	2	1
188	1	1
189	216	1
189	215	1
189	214	1
189	213	1
189	212	1
189	211	1
189	210	1
189	209	1
189	208	1
189	207	1
189	206	1
189	205	1
189	204	1
189	203	1
189	202	1
189	201	1
189	200	1
189	199	1
189	198	1
189	197	1
189	196	1
189	195	1
189	194	1
189	193	1
189	192	1
189	191	1
189	190	1
189	189	1
189	188	1
189	187	1
189	186	1
189	185	1
189	184	1
189	183	1
189	182	1
189	181	1
189	180	1
189	179	1
189	178	1
189	177	1
189	176	1
189	175	1
189	174	1
189	173	1
189	172	1
189	171	1
189	170	1
189	169	1
189	168	1
189	167	1
189	166	1
189	165	1
189	164	1
189	163	1
189	162	1
189	161	1
189	160	1
189	159	1
189	158	1
189	157	1
189	156	1
189	155	1
189	154	1
189	153	1
189	152	1
189	151	1
189	150	1
189	149	1
189	148	1
189	147	1
189	146	1
189	145	1
189	144	1
189	143	1
189	142	1
189	141	1
189	140	1
189	139	1
189	138	1
189	137	1
189	136	1
189	135	1
189	134	1
189	133	1
189	132	1
189	131	1
189	130	1
189	129	1
189	128	1
189	127	1
189	126	1
189	125	1
189	124	1
189	123	1
189	122	1
189	121	1
189	120	1
189	119	1
189	118	1
189	117	1
189	116	1
189	115	1
189	114	1
189	113	1
189	112	1
189	111	1
189	110	1
189	109	1
189	108	1
189	107	1
189	106	1
189	105	1
189	104	1
189	103	1
189	102	2
189	101	2
189	100	2
189	99	1
189	98	1
189	97	1
189	96	1
189	95	1
189	94	1
189	93	1
189	92	2
189	91	2
189	90	2
189	89	2
189	88	2
189	87	2
189	86	2
189	85	1
189	84	1
189	83	1
189	82	1
189	81	1
189	80	1
189	79	1
189	78	2
189	77	2
189	76	2
189	75	2
189	74	1
189	73	1
189	72	1
189	71	1
189	70	1
189	69	1
189	68	1
189	67	1
189	66	1
189	65	2
189	64	2
189	63	1
189	62	1
189	61	1
189	60	1
189	59	1
189	58	1
189	57	1
189	56	1
189	55	1
189	54	1
189	53	1
189	52	1
189	51	1
189	50	1
189	49	1
189	48	1
189	47	1
189	46	1
189	45	1
189	44	1
189	43	1
189	42	1
189	41	1
189	40	1
189	39	1
189	38	1
189	37	1
189	36	1
189	35	1
189	34	1
189	33	1
189	32	1
189	31	1
189	30	1
189	29	1
189	28	1
189	27	1
189	26	1
189	25	1
189	24	1
189	23	1
189	22	1
189	21	1
189	20	1
189	19	1
189	18	1
189	17	1
189	16	1
189	15	1
189	14	1
189	13	1
189	12	1
189	11	1
189	10	1
189	9	1
189	8	1
189	7	1
189	6	1
189	5	1
189	4	1
189	3	1
189	2	1
189	1	1
190	216	1
190	215	1
190	214	1
190	213	1
190	212	1
190	211	1
190	210	1
190	209	1
190	208	1
190	207	1
190	206	1
190	205	1
190	204	1
190	203	1
190	202	1
190	201	1
190	200	1
190	199	1
190	198	1
190	197	1
190	196	1
190	195	1
190	194	1
190	193	1
190	192	1
190	191	1
190	190	1
190	189	1
190	188	1
190	187	1
190	186	1
190	185	1
190	184	1
190	183	1
190	182	1
190	181	1
190	180	1
190	179	1
190	178	1
190	177	1
190	176	1
190	175	1
190	174	1
190	173	1
190	172	1
190	171	1
190	170	1
190	169	1
190	168	1
190	167	1
190	166	1
190	165	1
190	164	1
190	163	1
190	162	1
190	161	1
190	160	1
190	159	1
190	158	1
190	157	1
190	156	1
190	155	1
190	154	1
190	153	1
190	152	1
190	151	1
190	150	1
190	149	1
190	148	1
190	147	1
190	146	1
190	145	1
190	144	1
190	143	1
190	142	1
190	141	1
190	140	1
190	139	1
190	138	1
190	137	1
190	136	1
190	135	2
190	134	1
190	133	1
190	132	1
190	131	1
190	130	1
190	129	1
190	128	1
190	127	1
190	126	1
190	125	1
190	124	1
190	123	1
190	122	1
190	121	1
190	120	1
190	119	1
190	118	1
190	117	1
190	116	1
190	115	1
190	114	1
190	113	1
190	112	1
190	111	1
190	110	1
190	109	1
190	108	1
190	107	1
190	106	2
190	105	2
190	104	1
190	103	1
190	102	1
190	101	1
190	100	2
190	99	2
190	98	2
190	97	2
190	96	1
190	95	1
190	94	1
190	93	1
190	92	2
190	91	2
190	90	2
190	89	2
190	88	2
190	87	2
190	86	2
190	85	1
190	84	1
190	83	1
190	82	1
190	81	1
190	80	2
190	79	2
190	78	2
190	77	2
190	76	2
190	75	1
190	74	1
190	73	1
190	72	1
190	71	1
190	70	1
190	69	1
190	68	1
190	67	2
190	66	2
190	65	2
190	64	1
190	63	1
190	62	1
190	61	1
190	60	1
190	59	1
190	58	1
190	57	1
190	56	1
190	55	1
190	54	1
190	53	1
190	52	1
190	51	1
190	50	1
190	49	1
190	48	1
190	47	1
190	46	1
190	45	1
190	44	1
190	43	1
190	42	1
190	41	1
190	40	1
190	39	1
190	38	1
190	37	1
190	36	1
190	35	1
190	34	1
190	33	1
190	32	1
190	31	1
190	30	1
190	29	1
190	28	1
190	27	1
190	26	1
190	25	1
190	24	1
190	23	1
190	22	1
190	21	1
190	20	1
190	19	1
190	18	1
190	17	1
190	16	1
190	15	1
190	14	1
190	13	1
190	12	1
190	11	1
190	10	1
190	9	1
190	8	1
190	7	1
190	6	1
190	5	1
190	4	1
190	3	1
190	2	1
190	1	1
191	216	1
191	215	1
191	214	1
191	213	1
191	212	1
191	211	1
191	210	1
191	209	1
191	208	1
191	207	1
191	206	1
191	205	1
191	204	1
191	203	1
191	202	1
191	201	1
191	200	1
191	199	1
191	198	1
191	197	1
191	196	1
191	195	1
191	194	1
191	193	1
191	192	1
191	191	1
191	190	1
191	189	1
191	188	1
191	187	1
191	186	1
191	185	1
191	184	1
191	183	1
191	182	1
191	181	1
191	180	1
191	179	1
191	178	1
191	177	1
191	176	1
191	175	1
191	174	1
191	173	1
191	172	1
191	171	1
191	170	1
191	169	1
191	168	1
191	167	1
191	166	1
191	165	1
191	164	1
191	163	1
191	162	1
191	161	1
191	160	1
191	159	1
191	158	1
191	157	1
191	156	1
191	155	1
191	154	1
191	153	1
191	152	1
191	151	1
191	150	1
191	149	1
191	148	1
191	147	1
191	146	1
191	145	1
191	144	1
191	143	1
191	142	1
191	141	1
191	140	1
191	139	1
191	138	1
191	137	1
191	136	1
191	135	1
191	134	1
191	133	1
191	132	1
191	131	1
191	130	1
191	129	1
191	128	1
191	127	1
191	126	1
191	125	1
191	124	1
191	123	1
191	122	1
191	121	1
191	120	1
191	119	1
191	118	1
191	117	1
191	116	1
191	115	1
191	114	1
191	113	1
191	112	1
191	111	1
191	110	1
191	109	1
191	108	1
191	107	2
191	106	2
191	105	2
191	104	2
191	103	2
191	102	1
191	101	1
191	100	1
191	99	1
191	98	2
191	97	2
191	96	2
191	95	2
191	94	2
191	93	1
191	92	1
191	91	1
191	90	1
191	89	2
191	88	2
191	87	2
191	86	2
191	85	2
191	84	1
191	83	2
191	82	2
191	81	2
191	80	2
191	79	2
191	78	1
191	77	1
191	76	1
191	75	1
191	74	1
191	73	1
191	72	1
191	71	1
191	70	1
191	69	2
191	68	2
191	67	2
191	66	1
191	65	1
191	64	1
191	63	1
191	62	1
191	61	1
191	60	1
191	59	1
191	58	1
191	57	1
191	56	1
191	55	1
191	54	1
191	53	1
191	52	1
191	51	1
191	50	1
191	49	1
191	48	1
191	47	1
191	46	1
191	45	1
191	44	1
191	43	1
191	42	1
191	41	1
191	40	1
191	39	1
191	38	1
191	37	1
191	36	1
191	35	1
191	34	1
191	33	1
191	32	1
191	31	1
191	30	1
191	29	1
191	28	1
191	27	1
191	26	1
191	25	1
191	24	1
191	23	1
191	22	1
191	21	1
191	20	1
191	19	1
191	18	1
191	17	1
191	16	1
191	15	1
191	14	1
191	13	1
191	12	1
191	11	1
191	10	1
191	9	1
191	8	1
191	7	1
191	6	1
191	5	1
191	4	1
191	3	1
191	2	1
191	1	1
192	216	1
192	215	1
192	214	1
192	213	1
192	212	1
192	211	1
192	210	1
192	209	1
192	208	1
192	207	1
192	206	1
192	205	1
192	204	1
192	203	1
192	202	1
192	201	1
192	200	1
192	199	1
192	198	1
192	197	1
192	196	1
192	195	1
192	194	1
192	193	1
192	192	1
192	191	1
192	190	1
192	189	1
192	188	1
192	187	1
192	186	1
192	185	1
192	184	1
192	183	1
192	182	1
192	181	1
192	180	1
192	179	1
192	178	1
192	177	1
192	176	1
192	175	1
192	174	1
192	173	1
192	172	1
192	171	1
192	170	1
192	169	1
192	168	1
192	167	1
192	166	1
192	165	1
192	164	1
192	163	1
192	162	1
192	161	1
192	160	1
192	159	1
192	158	1
192	157	1
192	156	1
192	155	1
192	154	1
192	153	1
192	152	1
192	151	1
192	150	1
192	149	1
192	148	1
192	147	1
192	146	1
192	145	1
192	144	1
192	143	1
192	142	1
192	141	1
192	140	1
192	139	1
192	138	1
192	137	1
192	136	1
192	135	1
192	134	1
192	133	1
192	132	1
192	131	1
192	130	1
192	129	1
192	128	1
192	127	1
192	126	1
192	125	1
192	124	1
192	123	1
192	122	1
192	121	1
192	120	1
192	119	1
192	118	1
192	117	1
192	116	1
192	115	1
192	114	1
192	113	1
192	112	1
192	111	1
192	110	1
192	109	1
192	108	2
192	107	2
192	106	1
192	105	2
192	104	2
192	103	1
192	102	2
192	101	2
192	100	1
192	99	1
192	98	1
192	97	1
192	96	2
192	95	2
192	94	2
192	93	2
192	92	2
192	91	2
192	90	2
192	89	2
192	88	2
192	87	2
192	86	2
192	85	2
192	84	2
192	83	2
192	82	2
192	81	1
192	80	1
192	79	1
192	78	1
192	77	1
192	76	1
192	75	1
192	74	1
192	73	1
192	72	1
192	71	2
192	70	2
192	69	2
192	68	1
192	67	1
192	66	1
192	65	1
192	64	1
192	63	1
192	62	1
192	61	1
192	60	1
192	59	1
192	58	1
192	57	1
192	56	1
192	55	1
192	54	1
192	53	1
192	52	1
192	51	1
192	50	1
192	49	1
192	48	1
192	47	1
192	46	1
192	45	1
192	44	1
192	43	1
192	42	1
192	41	1
192	40	1
192	39	1
192	38	1
192	37	1
192	36	1
192	35	1
192	34	1
192	33	1
192	32	1
192	31	1
192	30	1
192	29	1
192	28	1
192	27	1
192	26	1
192	25	1
192	24	1
192	23	1
192	22	1
192	21	1
192	20	1
192	19	1
192	18	1
192	17	1
192	16	1
192	15	1
192	14	1
192	13	1
192	12	1
192	11	1
192	10	1
192	9	1
192	8	1
192	7	1
192	6	1
192	5	1
192	4	1
192	3	1
192	2	1
192	1	1
193	216	1
193	215	1
193	214	1
193	213	1
193	212	1
193	211	1
193	210	1
193	209	1
193	208	1
193	207	1
193	206	1
193	205	1
193	204	1
193	203	1
193	202	1
193	201	1
193	200	1
193	199	1
193	198	1
193	197	1
193	196	1
193	195	1
193	194	1
193	193	1
193	192	1
193	191	1
193	190	1
193	189	1
193	188	1
193	187	1
193	186	1
193	185	1
193	184	1
193	183	1
193	182	1
193	181	1
193	180	1
193	179	1
193	178	1
193	177	1
193	176	1
193	175	1
193	174	1
193	173	1
193	172	1
193	171	1
193	170	1
193	169	1
193	168	1
193	167	1
193	166	1
193	165	1
193	164	1
193	163	1
193	162	1
193	161	1
193	160	1
193	159	1
193	158	1
193	157	1
193	156	1
193	155	1
193	154	1
193	153	1
193	152	1
193	151	1
193	150	1
193	149	1
193	148	1
193	147	1
193	146	1
193	145	1
193	144	1
193	143	1
193	142	1
193	141	1
193	140	1
193	139	1
193	138	1
193	137	2
193	136	1
193	135	1
193	134	1
193	133	1
193	132	1
193	131	2
193	130	1
193	129	1
193	128	1
193	127	1
193	126	1
193	125	1
193	124	1
193	123	1
193	122	1
193	121	1
193	120	1
193	119	1
193	118	1
193	117	1
193	116	1
193	115	1
193	114	1
193	113	1
193	112	1
193	111	1
193	110	1
193	109	1
193	108	1
193	107	2
193	106	2
193	105	1
193	104	1
193	103	1
193	102	1
193	101	2
193	100	1
193	99	1
193	98	1
193	97	1
193	96	1
193	95	1
193	94	1
193	93	2
193	92	2
193	91	2
193	90	2
193	89	2
193	88	2
193	87	2
193	86	2
193	85	2
193	84	2
193	83	1
193	82	1
193	81	1
193	80	1
193	79	1
193	78	1
193	77	1
193	76	1
193	75	1
193	74	2
193	73	2
193	72	2
193	71	2
193	70	1
193	69	1
193	68	1
193	67	1
193	66	1
193	65	1
193	64	1
193	63	1
193	62	1
193	61	1
193	60	1
193	59	1
193	58	1
193	57	1
193	56	1
193	55	1
193	54	1
193	53	1
193	52	1
193	51	1
193	50	1
193	49	1
193	48	1
193	47	1
193	46	1
193	45	1
193	44	1
193	43	1
193	42	1
193	41	1
193	40	1
193	39	1
193	38	1
193	37	1
193	36	1
193	35	1
193	34	1
193	33	1
193	32	1
193	31	1
193	30	1
193	29	1
193	28	1
193	27	1
193	26	1
193	25	1
193	24	1
193	23	1
193	22	1
193	21	1
193	20	1
193	19	1
193	18	1
193	17	1
193	16	1
193	15	1
193	14	1
193	13	1
193	12	1
193	11	1
193	10	1
193	9	1
193	8	1
193	7	1
193	6	1
193	5	1
193	4	1
193	3	1
193	2	1
193	1	1
194	216	1
194	215	1
194	214	1
194	213	1
194	212	1
194	211	1
194	210	1
194	209	1
194	208	1
194	207	1
194	206	1
194	205	1
194	204	1
194	203	1
194	202	1
194	201	1
194	200	1
194	199	1
194	198	1
194	197	1
194	196	1
194	195	1
194	194	1
194	193	1
194	192	1
194	191	1
194	190	1
194	189	1
194	188	1
194	187	1
194	186	1
194	185	1
194	184	1
194	183	1
194	182	1
194	181	1
194	180	1
194	179	1
194	178	1
194	177	1
194	176	1
194	175	1
194	174	1
194	173	1
194	172	1
194	171	1
194	170	1
194	169	1
194	168	1
194	167	1
194	166	1
194	165	1
194	164	1
194	163	1
194	162	1
194	161	1
194	160	1
194	159	1
194	158	1
194	157	1
194	156	1
194	155	1
194	154	1
194	153	1
194	152	1
194	151	1
194	150	1
194	149	1
194	148	1
194	147	1
194	146	1
194	145	1
194	144	1
194	143	1
194	142	1
194	141	1
194	140	1
194	139	1
194	138	1
194	137	1
194	136	1
194	135	1
194	134	1
194	133	2
194	132	2
194	131	2
194	130	2
194	129	2
194	128	1
194	127	1
194	126	1
194	125	1
194	124	1
194	123	1
194	122	1
194	121	1
194	120	1
194	119	1
194	118	1
194	117	1
194	116	1
194	115	1
194	114	1
194	113	1
194	112	1
194	111	1
194	110	2
194	109	1
194	108	1
194	107	1
194	106	1
194	105	1
194	104	1
194	103	1
194	102	1
194	101	1
194	100	1
194	99	1
194	98	1
194	97	1
194	96	1
194	95	1
194	94	1
194	93	1
194	92	1
194	91	2
194	90	2
194	89	2
194	88	2
194	87	2
194	86	2
194	85	2
194	84	1
194	83	1
194	82	1
194	81	1
194	80	1
194	79	1
194	78	1
194	77	1
194	76	2
194	75	2
194	74	2
194	73	2
194	72	1
194	71	1
194	70	1
194	69	1
194	68	1
194	67	1
194	66	1
194	65	1
194	64	1
194	63	1
194	62	1
194	61	1
194	60	1
194	59	1
194	58	1
194	57	1
194	56	1
194	55	1
194	54	1
194	53	1
194	52	1
194	51	1
194	50	1
194	49	1
194	48	1
194	47	1
194	46	1
194	45	1
194	44	1
194	43	1
194	42	1
194	41	1
194	40	1
194	39	1
194	38	1
194	37	1
194	36	1
194	35	1
194	34	1
194	33	1
194	32	1
194	31	1
194	30	1
194	29	1
194	28	1
194	27	1
194	26	1
194	25	1
194	24	1
194	23	1
194	22	1
194	21	1
194	20	1
194	19	1
194	18	1
194	17	1
194	16	1
194	15	1
194	14	1
194	13	1
194	12	1
194	11	1
194	10	1
194	9	1
194	8	1
194	7	1
194	6	1
194	5	1
194	4	1
194	3	1
194	2	1
194	1	1
195	216	1
195	215	1
195	214	1
195	213	1
195	212	1
195	211	1
195	210	1
195	209	1
195	208	1
195	207	1
195	206	1
195	205	1
195	204	1
195	203	1
195	202	1
195	201	1
195	200	1
195	199	1
195	198	1
195	197	1
195	196	1
195	195	1
195	194	1
195	193	1
195	192	1
195	191	1
195	190	1
195	189	1
195	188	1
195	187	1
195	186	1
195	185	1
195	184	1
195	183	1
195	182	1
195	181	1
195	180	1
195	179	1
195	178	1
195	177	1
195	176	1
195	175	1
195	174	1
195	173	1
195	172	1
195	171	1
195	170	1
195	169	1
195	168	1
195	167	1
195	166	1
195	165	1
195	164	1
195	163	1
195	162	1
195	161	1
195	160	1
195	159	1
195	158	1
195	157	1
195	156	1
195	155	1
195	154	1
195	153	1
195	152	1
195	151	1
195	150	1
195	149	1
195	148	1
195	147	1
195	146	1
195	145	1
195	144	1
195	143	1
195	142	1
195	141	1
195	140	1
195	139	1
195	138	2
195	137	1
195	136	2
195	135	2
195	134	2
195	133	1
195	132	2
195	131	2
195	130	2
195	129	2
195	128	2
195	127	1
195	126	1
195	125	1
195	124	1
195	123	1
195	122	1
195	121	1
195	120	1
195	119	1
195	118	1
195	117	1
195	116	1
195	115	1
195	114	1
195	113	1
195	112	1
195	111	1
195	110	2
195	109	2
195	108	1
195	107	1
195	106	1
195	105	1
195	104	1
195	103	1
195	102	2
195	101	2
195	100	1
195	99	1
195	98	1
195	97	1
195	96	1
195	95	1
195	94	1
195	93	1
195	92	1
195	91	1
195	90	2
195	89	2
195	88	2
195	87	2
195	86	2
195	85	2
195	84	1
195	83	1
195	82	1
195	81	1
195	80	1
195	79	1
195	78	2
195	77	2
195	76	2
195	75	2
195	74	2
195	73	1
195	72	1
195	71	1
195	70	1
195	69	1
195	68	1
195	67	1
195	66	1
195	65	1
195	64	1
195	63	1
195	62	1
195	61	1
195	60	1
195	59	1
195	58	1
195	57	1
195	56	1
195	55	1
195	54	1
195	53	1
195	52	1
195	51	1
195	50	1
195	49	1
195	48	1
195	47	1
195	46	1
195	45	1
195	44	1
195	43	1
195	42	1
195	41	1
195	40	1
195	39	1
195	38	1
195	37	1
195	36	1
195	35	1
195	34	1
195	33	1
195	32	1
195	31	1
195	30	1
195	29	1
195	28	1
195	27	1
195	26	1
195	25	1
195	24	1
195	23	1
195	22	1
195	21	1
195	20	1
195	19	1
195	18	1
195	17	1
195	16	1
195	15	1
195	14	1
195	13	1
195	12	1
195	11	1
195	10	1
195	9	1
195	8	1
195	7	1
195	6	1
195	5	1
195	4	1
195	3	1
195	2	1
195	1	1
196	216	1
196	215	1
196	214	1
196	213	1
196	212	1
196	211	1
196	210	1
196	209	1
196	208	1
196	207	1
196	206	1
196	205	1
196	204	1
196	203	1
196	202	1
196	201	1
196	200	1
196	199	1
196	198	1
196	197	1
196	196	1
196	195	1
196	194	1
196	193	1
196	192	1
196	191	1
196	190	1
196	189	1
196	188	1
196	187	1
196	186	1
196	185	1
196	184	1
196	183	1
196	182	1
196	181	1
196	180	1
196	179	1
196	178	1
196	177	1
196	176	1
196	175	1
196	174	1
196	173	1
196	172	1
196	171	1
196	170	1
196	169	1
196	168	1
196	167	1
196	166	1
196	165	1
196	164	1
196	163	1
196	162	1
196	161	1
196	160	1
196	159	1
196	158	1
196	157	1
196	156	1
196	155	1
196	154	1
196	153	1
196	152	1
196	151	1
196	150	1
196	149	1
196	148	1
196	147	1
196	146	1
196	145	1
196	144	1
196	143	1
196	142	1
196	141	1
196	140	1
196	139	1
196	138	1
196	137	1
196	136	2
196	135	2
196	134	2
196	133	2
196	132	2
196	131	2
196	130	2
196	129	2
196	128	1
196	127	1
196	126	1
196	125	1
196	124	1
196	123	1
196	122	1
196	121	1
196	120	1
196	119	1
196	118	1
196	117	1
196	116	1
196	115	1
196	114	1
196	113	1
196	112	1
196	111	1
196	110	1
196	109	1
196	108	1
196	107	1
196	106	1
196	105	1
196	104	1
196	103	2
196	102	2
196	101	2
196	100	1
196	99	1
196	98	1
196	97	1
196	96	1
196	95	1
196	94	1
196	93	1
196	92	1
196	91	1
196	90	2
196	89	2
196	88	2
196	87	2
196	86	2
196	85	2
196	84	2
196	83	2
196	82	2
196	81	2
196	80	2
196	79	2
196	78	2
196	77	1
196	76	1
196	75	1
196	74	1
196	73	1
196	72	1
196	71	1
196	70	1
196	69	1
196	68	1
196	67	1
196	66	1
196	65	1
196	64	1
196	63	1
196	62	1
196	61	1
196	60	1
196	59	1
196	58	1
196	57	1
196	56	1
196	55	1
196	54	1
196	53	1
196	52	1
196	51	1
196	50	1
196	49	1
196	48	1
196	47	1
196	46	1
196	45	1
196	44	1
196	43	1
196	42	1
196	41	1
196	40	1
196	39	1
196	38	1
196	37	1
196	36	1
196	35	1
196	34	1
196	33	1
196	32	1
196	31	1
196	30	1
196	29	1
196	28	1
196	27	1
196	26	1
196	25	1
196	24	1
196	23	1
196	22	1
196	21	1
196	20	1
196	19	1
196	18	1
196	17	1
196	16	1
196	15	1
196	14	1
196	13	1
196	12	1
196	11	1
196	10	1
196	9	1
196	8	1
196	7	1
196	6	1
196	5	1
196	4	1
196	3	1
196	2	1
196	1	1
197	216	1
197	215	1
197	214	1
197	213	1
197	212	1
197	211	1
197	210	1
197	209	1
197	208	1
197	207	1
197	206	1
197	205	1
197	204	1
197	203	1
197	202	1
197	201	1
197	200	1
197	199	1
197	198	1
197	197	1
197	196	2
197	195	1
197	194	1
197	193	1
197	192	1
197	191	1
197	190	1
197	189	1
197	188	1
197	187	1
197	186	1
197	185	1
197	184	1
197	183	1
197	182	1
197	181	1
197	180	1
197	179	1
197	178	1
197	177	1
197	176	1
197	175	1
197	174	1
197	173	1
197	172	1
197	171	1
197	170	1
197	169	1
197	168	1
197	167	1
197	166	1
197	165	1
197	164	1
197	163	1
197	162	1
197	161	1
197	160	1
197	159	1
197	158	1
197	157	1
197	156	1
197	155	1
197	154	1
197	153	1
197	152	1
197	151	1
197	150	1
197	149	1
197	148	1
197	147	1
197	146	1
197	145	1
197	144	1
197	143	1
197	142	1
197	141	1
197	140	1
197	139	1
197	138	1
197	137	1
197	136	1
197	135	2
197	134	2
197	133	2
197	132	2
197	131	2
197	130	2
197	129	2
197	128	1
197	127	1
197	126	1
197	125	1
197	124	1
197	123	1
197	122	1
197	121	1
197	120	1
197	119	1
197	118	1
197	117	1
197	116	1
197	115	1
197	114	1
197	113	1
197	112	1
197	111	1
197	110	1
197	109	1
197	108	1
197	107	1
197	106	1
197	105	1
197	104	1
197	103	1
197	102	2
197	101	2
197	100	1
197	99	1
197	98	1
197	97	1
197	96	1
197	95	1
197	94	1
197	93	1
197	92	1
197	91	1
197	90	2
197	89	2
197	88	2
197	87	2
197	86	2
197	85	2
197	84	2
197	83	2
197	82	2
197	81	2
197	80	1
197	79	1
197	78	1
197	77	1
197	76	1
197	75	1
197	74	1
197	73	1
197	72	1
197	71	1
197	70	1
197	69	1
197	68	1
197	67	1
197	66	1
197	65	1
197	64	1
197	63	1
197	62	1
197	61	1
197	60	1
197	59	1
197	58	1
197	57	1
197	56	1
197	55	1
197	54	1
197	53	1
197	52	1
197	51	1
197	50	1
197	49	1
197	48	1
197	47	1
197	46	1
197	45	1
197	44	1
197	43	1
197	42	1
197	41	1
197	40	1
197	39	1
197	38	1
197	37	1
197	36	1
197	35	1
197	34	1
197	33	1
197	32	1
197	31	1
197	30	1
197	29	1
197	28	1
197	27	1
197	26	1
197	25	1
197	24	1
197	23	1
197	22	1
197	21	1
197	20	1
197	19	1
197	18	1
197	17	1
197	16	1
197	15	1
197	14	1
197	13	1
197	12	1
197	11	1
197	10	1
197	9	1
197	8	1
197	7	1
197	6	1
197	5	1
197	4	1
197	3	1
197	2	1
197	1	1
198	216	1
198	215	1
198	214	1
198	213	1
198	212	1
198	211	1
198	210	1
198	209	1
198	208	1
198	207	1
198	206	1
198	205	1
198	204	1
198	203	1
198	202	1
198	201	1
198	200	1
198	199	1
198	198	1
198	197	1
198	196	1
198	195	1
198	194	1
198	193	1
198	192	1
198	191	1
198	190	1
198	189	1
198	188	1
198	187	1
198	186	1
198	185	1
198	184	1
198	183	1
198	182	1
198	181	1
198	180	1
198	179	1
198	178	1
198	177	1
198	176	1
198	175	1
198	174	1
198	173	1
198	172	1
198	171	1
198	170	1
198	169	1
198	168	1
198	167	1
198	166	1
198	165	1
198	164	1
198	163	1
198	162	1
198	161	1
198	160	1
198	159	1
198	158	1
198	157	1
198	156	1
198	155	1
198	154	1
198	153	1
198	152	1
198	151	1
198	150	1
198	149	1
198	148	1
198	147	1
198	146	1
198	145	1
198	144	1
198	143	1
198	142	1
198	141	1
198	140	1
198	139	1
198	138	1
198	137	1
198	136	1
198	135	1
198	134	2
198	133	2
198	132	2
198	131	2
198	130	2
198	129	2
198	128	1
198	127	1
198	126	1
198	125	1
198	124	1
198	123	1
198	122	1
198	121	1
198	120	1
198	119	1
198	118	1
198	117	1
198	116	1
198	115	1
198	114	1
198	113	1
198	112	1
198	111	1
198	110	1
198	109	1
198	108	1
198	107	1
198	106	1
198	105	1
198	104	1
198	103	1
198	102	1
198	101	1
198	100	1
198	99	1
198	98	1
198	97	1
198	96	1
198	95	1
198	94	1
198	93	1
198	92	1
198	91	1
198	90	2
198	89	2
198	88	2
198	87	2
198	86	2
198	85	2
198	84	2
198	83	2
198	82	1
198	81	1
198	80	1
198	79	1
198	78	1
198	77	1
198	76	1
198	75	1
198	74	1
198	73	1
198	72	1
198	71	1
198	70	1
198	69	1
198	68	1
198	67	1
198	66	1
198	65	1
198	64	1
198	63	1
198	62	1
198	61	1
198	60	1
198	59	1
198	58	1
198	57	1
198	56	1
198	55	1
198	54	1
198	53	1
198	52	1
198	51	1
198	50	1
198	49	1
198	48	1
198	47	1
198	46	1
198	45	1
198	44	1
198	43	1
198	42	1
198	41	1
198	40	1
198	39	1
198	38	1
198	37	1
198	36	1
198	35	1
198	34	1
198	33	1
198	32	1
198	31	1
198	30	1
198	29	1
198	28	1
198	27	1
198	26	1
198	25	1
198	24	1
198	23	1
198	22	1
198	21	1
198	20	1
198	19	1
198	18	1
198	17	1
198	16	1
198	15	1
198	14	1
198	13	1
198	12	1
198	11	1
198	10	1
198	9	1
198	8	1
198	7	1
198	6	1
198	5	1
198	4	1
198	3	1
198	2	1
198	1	1
199	216	1
199	215	1
199	214	1
199	213	1
199	212	1
199	211	1
199	210	1
199	209	1
199	208	1
199	207	1
199	206	1
199	205	1
199	204	1
199	203	1
199	202	1
199	201	1
199	200	1
199	199	1
199	198	1
199	197	1
199	196	1
199	195	1
199	194	1
199	193	1
199	192	1
199	191	1
199	190	1
199	189	1
199	188	1
199	187	1
199	186	1
199	185	1
199	184	1
199	183	1
199	182	1
199	181	1
199	180	1
199	179	1
199	178	1
199	177	1
199	176	1
199	175	1
199	174	1
199	173	1
199	172	1
199	171	1
199	170	1
199	169	1
199	168	1
199	167	1
199	166	1
199	165	1
199	164	1
199	163	1
199	162	1
199	161	1
199	160	1
199	159	1
199	158	1
199	157	1
199	156	1
199	155	1
199	154	1
199	153	1
199	152	1
199	151	1
199	150	1
199	149	1
199	148	1
199	147	1
199	146	1
199	145	1
199	144	1
199	143	1
199	142	1
199	141	1
199	140	1
199	139	1
199	138	1
199	137	1
199	136	1
199	135	2
199	134	2
199	133	2
199	132	2
199	131	2
199	130	2
199	129	1
199	128	1
199	127	1
199	126	1
199	125	1
199	124	1
199	123	1
199	122	1
199	121	1
199	120	1
199	119	1
199	118	1
199	117	1
199	116	1
199	115	1
199	114	1
199	113	1
199	112	1
199	111	1
199	110	1
199	109	1
199	108	1
199	107	1
199	106	1
199	105	1
199	104	1
199	103	1
199	102	1
199	101	1
199	100	1
199	99	1
199	98	1
199	97	1
199	96	1
199	95	1
199	94	1
199	93	1
199	92	1
199	91	1
199	90	2
199	89	2
199	88	2
199	87	2
199	86	2
199	85	2
199	84	1
199	83	1
199	82	1
199	81	1
199	80	1
199	79	1
199	78	1
199	77	1
199	76	1
199	75	1
199	74	1
199	73	1
199	72	1
199	71	1
199	70	1
199	69	1
199	68	1
199	67	1
199	66	1
199	65	1
199	64	1
199	63	1
199	62	1
199	61	1
199	60	1
199	59	1
199	58	1
199	57	1
199	56	1
199	55	1
199	54	1
199	53	1
199	52	1
199	51	1
199	50	1
199	49	1
199	48	1
199	47	1
199	46	1
199	45	1
199	44	1
199	43	1
199	42	1
199	41	1
199	40	1
199	39	1
199	38	1
199	37	1
199	36	1
199	35	1
199	34	1
199	33	1
199	32	1
199	31	1
199	30	1
199	29	1
199	28	1
199	27	1
199	26	1
199	25	1
199	24	1
199	23	1
199	22	1
199	21	1
199	20	1
199	19	1
199	18	1
199	17	1
199	16	1
199	15	1
199	14	1
199	13	1
199	12	1
199	11	1
199	10	1
199	9	1
199	8	1
199	7	1
199	6	1
199	5	1
199	4	1
199	3	1
199	2	1
199	1	1
200	216	1
200	215	1
200	214	1
200	213	1
200	212	1
200	211	1
200	210	1
200	209	1
200	208	1
200	207	1
200	206	1
200	205	1
200	204	1
200	203	1
200	202	1
200	201	1
200	200	1
200	199	1
200	198	1
200	197	1
200	196	1
200	195	1
200	194	1
200	193	1
200	192	1
200	191	1
200	190	1
200	189	1
200	188	1
200	187	1
200	186	1
200	185	1
200	184	1
200	183	1
200	182	1
200	181	1
200	180	1
200	179	1
200	178	1
200	177	1
200	176	1
200	175	1
200	174	1
200	173	1
200	172	1
200	171	1
200	170	1
200	169	1
200	168	1
200	167	1
200	166	1
200	165	1
200	164	1
200	163	1
200	162	1
200	161	1
200	160	1
200	159	1
200	158	1
200	157	1
200	156	1
200	155	1
200	154	1
200	153	1
200	152	1
200	151	1
200	150	1
200	149	1
200	148	1
200	147	1
200	146	1
200	145	1
200	144	1
200	143	1
200	142	1
200	141	1
200	140	1
200	139	1
200	138	2
200	137	1
200	136	2
200	135	2
200	134	2
200	133	2
200	132	2
200	131	2
200	130	1
200	129	1
200	128	1
200	127	1
200	126	1
200	125	1
200	124	1
200	123	1
200	122	1
200	121	1
200	120	1
200	119	1
200	118	1
200	117	1
200	116	1
200	115	1
200	114	1
200	113	1
200	112	1
200	111	1
200	110	1
200	109	1
200	108	1
200	107	1
200	106	1
200	105	1
200	104	1
200	103	1
200	102	1
200	101	1
200	100	1
200	99	1
200	98	1
200	97	1
200	96	1
200	95	1
200	94	1
200	93	1
200	92	1
200	91	1
200	90	1
200	89	2
200	88	2
200	87	2
200	86	2
200	85	1
200	84	1
200	83	1
200	82	1
200	81	1
200	80	1
200	79	1
200	78	2
200	77	2
200	76	2
200	75	2
200	74	2
200	73	2
200	72	2
200	71	2
200	70	2
200	69	2
200	68	1
200	67	1
200	66	1
200	65	1
200	64	1
200	63	1
200	62	1
200	61	1
200	60	1
200	59	1
200	58	1
200	57	1
200	56	1
200	55	1
200	54	1
200	53	1
200	52	1
200	51	1
200	50	1
200	49	1
200	48	1
200	47	1
200	46	1
200	45	1
200	44	1
200	43	1
200	42	1
200	41	1
200	40	1
200	39	1
200	38	1
200	37	1
200	36	1
200	35	1
200	34	1
200	33	1
200	32	1
200	31	1
200	30	1
200	29	1
200	28	1
200	27	1
200	26	1
200	25	1
200	24	1
200	23	1
200	22	1
200	21	1
200	20	1
200	19	1
200	18	1
200	17	1
200	16	1
200	15	1
200	14	1
200	13	1
200	12	1
200	11	1
200	10	1
200	9	1
200	8	1
200	7	1
200	6	1
200	5	1
200	4	1
200	3	1
200	2	1
200	1	1
201	216	1
201	215	1
201	214	1
201	213	1
201	212	1
201	211	1
201	210	1
201	209	1
201	208	1
201	207	1
201	206	1
201	205	1
201	204	1
201	203	1
201	202	1
201	201	1
201	200	1
201	199	1
201	198	1
201	197	1
201	196	1
201	195	1
201	194	1
201	193	1
201	192	1
201	191	1
201	190	1
201	189	1
201	188	1
201	187	1
201	186	1
201	185	1
201	184	1
201	183	1
201	182	1
201	181	1
201	180	1
201	179	1
201	178	1
201	177	1
201	176	1
201	175	1
201	174	1
201	173	1
201	172	1
201	171	1
201	170	1
201	169	1
201	168	1
201	167	1
201	166	1
201	165	1
201	164	1
201	163	1
201	162	1
201	161	1
201	160	1
201	159	1
201	158	1
201	157	1
201	156	1
201	155	1
201	154	1
201	153	1
201	152	1
201	151	1
201	150	1
201	149	1
201	148	1
201	147	1
201	146	1
201	145	1
201	144	1
201	143	1
201	142	1
201	141	1
201	140	1
201	139	2
201	138	2
201	137	2
201	136	2
201	135	2
201	134	2
201	133	2
201	132	2
201	131	2
201	130	1
201	129	1
201	128	1
201	127	1
201	126	2
201	125	1
201	124	1
201	123	1
201	122	1
201	121	1
201	120	1
201	119	1
201	118	1
201	117	1
201	116	1
201	115	1
201	114	1
201	113	1
201	112	1
201	111	1
201	110	1
201	109	1
201	108	1
201	107	1
201	106	1
201	105	1
201	104	1
201	103	1
201	102	1
201	101	1
201	100	1
201	99	1
201	98	1
201	97	1
201	96	1
201	95	1
201	94	1
201	93	1
201	92	1
201	91	1
201	90	1
201	89	2
201	88	2
201	87	2
201	86	2
201	85	2
201	84	1
201	83	1
201	82	2
201	81	2
201	80	2
201	79	2
201	78	2
201	77	2
201	76	2
201	75	2
201	74	1
201	73	1
201	72	1
201	71	1
201	70	1
201	69	1
201	68	1
201	67	1
201	66	1
201	65	1
201	64	1
201	63	1
201	62	1
201	61	1
201	60	1
201	59	1
201	58	1
201	57	1
201	56	1
201	55	1
201	54	1
201	53	1
201	52	1
201	51	1
201	50	1
201	49	1
201	48	1
201	47	1
201	46	1
201	45	1
201	44	1
201	43	1
201	42	1
201	41	1
201	40	1
201	39	1
201	38	1
201	37	1
201	36	1
201	35	1
201	34	1
201	33	1
201	32	1
201	31	1
201	30	1
201	29	1
201	28	1
201	27	1
201	26	1
201	25	1
201	24	1
201	23	1
201	22	1
201	21	1
201	20	1
201	19	1
201	18	1
201	17	1
201	16	1
201	15	1
201	14	1
201	13	1
201	12	1
201	11	1
201	10	1
201	9	1
201	8	1
201	7	1
201	6	1
201	5	1
201	4	1
201	3	1
201	2	1
201	1	1
202	216	1
202	215	1
202	214	1
202	213	1
202	212	1
202	211	1
202	210	1
202	209	1
202	208	1
202	207	1
202	206	1
202	205	1
202	204	1
202	203	1
202	202	1
202	201	1
202	200	1
202	199	1
202	198	1
202	197	1
202	196	1
202	195	1
202	194	1
202	193	1
202	192	1
202	191	1
202	190	1
202	189	1
202	188	1
202	187	1
202	186	1
202	185	1
202	184	1
202	183	1
202	182	1
202	181	2
202	180	1
202	179	1
202	178	1
202	177	1
202	176	1
202	175	1
202	174	1
202	173	1
202	172	1
202	171	1
202	170	1
202	169	1
202	168	1
202	167	1
202	166	1
202	165	1
202	164	1
202	163	1
202	162	1
202	161	1
202	160	1
202	159	1
202	158	1
202	157	1
202	156	1
202	155	1
202	154	1
202	153	1
202	152	1
202	151	1
202	150	1
202	149	1
202	148	1
202	147	1
202	146	1
202	145	1
202	144	1
202	143	1
202	142	1
202	141	1
202	140	1
202	139	1
202	138	2
202	137	2
202	136	2
202	135	2
202	134	2
202	133	2
202	132	2
202	131	2
202	130	1
202	129	1
202	128	1
202	127	1
202	126	1
202	125	1
202	124	1
202	123	1
202	122	1
202	121	1
202	120	1
202	119	1
202	118	1
202	117	1
202	116	1
202	115	1
202	114	1
202	113	1
202	112	1
202	111	1
202	110	1
202	109	1
202	108	1
202	107	1
202	106	1
202	105	1
202	104	1
202	103	1
202	102	1
202	101	1
202	100	1
202	99	1
202	98	1
202	97	1
202	96	1
202	95	1
202	94	1
202	93	1
202	92	1
202	91	1
202	90	2
202	89	2
202	88	2
202	87	2
202	86	2
202	85	2
202	84	2
202	83	2
202	82	2
202	81	2
202	80	1
202	79	1
202	78	1
202	77	1
202	76	1
202	75	1
202	74	1
202	73	1
202	72	1
202	71	1
202	70	1
202	69	1
202	68	1
202	67	1
202	66	1
202	65	1
202	64	1
202	63	1
202	62	1
202	61	1
202	60	2
202	59	2
202	58	1
202	57	1
202	56	1
202	55	1
202	54	1
202	53	1
202	52	1
202	51	1
202	50	1
202	49	1
202	48	1
202	47	1
202	46	1
202	45	1
202	44	1
202	43	1
202	42	1
202	41	1
202	40	1
202	39	1
202	38	1
202	37	1
202	36	1
202	35	1
202	34	1
202	33	1
202	32	1
202	31	1
202	30	1
202	29	1
202	28	1
202	27	1
202	26	1
202	25	1
202	24	1
202	23	1
202	22	1
202	21	1
202	20	1
202	19	1
202	18	1
202	17	1
202	16	1
202	15	1
202	14	1
202	13	1
202	12	1
202	11	1
202	10	1
202	9	1
202	8	1
202	7	1
202	6	1
202	5	1
202	4	1
202	3	1
202	2	1
202	1	1
203	216	1
203	215	1
203	214	1
203	213	1
203	212	1
203	211	1
203	210	1
203	209	1
203	208	1
203	207	1
203	206	1
203	205	1
203	204	1
203	203	1
203	202	1
203	201	1
203	200	1
203	199	1
203	198	1
203	197	1
203	196	1
203	195	1
203	194	1
203	193	1
203	192	1
203	191	1
203	190	1
203	189	1
203	188	1
203	187	1
203	186	1
203	185	1
203	184	1
203	183	1
203	182	1
203	181	1
203	180	1
203	179	1
203	178	1
203	177	1
203	176	1
203	175	1
203	174	1
203	173	1
203	172	1
203	171	1
203	170	1
203	169	1
203	168	1
203	167	1
203	166	1
203	165	1
203	164	1
203	163	1
203	162	1
203	161	1
203	160	1
203	159	1
203	158	1
203	157	1
203	156	1
203	155	1
203	154	1
203	153	1
203	152	1
203	151	1
203	150	1
203	149	1
203	148	1
203	147	1
203	146	1
203	145	1
203	144	1
203	143	1
203	142	1
203	141	1
203	140	1
203	139	1
203	138	1
203	137	2
203	136	2
203	135	2
203	134	2
203	133	2
203	132	2
203	131	1
203	130	1
203	129	1
203	128	1
203	127	1
203	126	1
203	125	1
203	124	1
203	123	1
203	122	1
203	121	1
203	120	1
203	119	1
203	118	1
203	117	1
203	116	1
203	115	1
203	114	1
203	113	1
203	112	1
203	111	1
203	110	1
203	109	1
203	108	1
203	107	1
203	106	1
203	105	1
203	104	1
203	103	1
203	102	1
203	101	1
203	100	1
203	99	1
203	98	1
203	97	1
203	96	1
203	95	1
203	94	1
203	93	1
203	92	1
203	91	1
203	90	2
203	89	2
203	88	2
203	87	2
203	86	2
203	85	2
203	84	1
203	83	1
203	82	1
203	81	1
203	80	1
203	79	2
203	78	2
203	77	2
203	76	2
203	75	2
203	74	2
203	73	2
203	72	2
203	71	2
203	70	2
203	69	2
203	68	2
203	67	2
203	66	2
203	65	2
203	64	2
203	63	2
203	62	1
203	61	1
203	60	1
203	59	1
203	58	1
203	57	1
203	56	1
203	55	1
203	54	1
203	53	1
203	52	1
203	51	1
203	50	1
203	49	1
203	48	1
203	47	1
203	46	1
203	45	1
203	44	1
203	43	1
203	42	1
203	41	1
203	40	1
203	39	1
203	38	1
203	37	1
203	36	1
203	35	1
203	34	1
203	33	1
203	32	1
203	31	1
203	30	1
203	29	1
203	28	1
203	27	1
203	26	1
203	25	1
203	24	1
203	23	1
203	22	1
203	21	1
203	20	1
203	19	1
203	18	1
203	17	1
203	16	1
203	15	1
203	14	1
203	13	1
203	12	1
203	11	1
203	10	1
203	9	1
203	8	1
203	7	1
203	6	1
203	5	1
203	4	1
203	3	1
203	2	1
203	1	1
204	216	1
204	215	1
204	214	1
204	213	1
204	212	1
204	211	1
204	210	1
204	209	1
204	208	1
204	207	1
204	206	1
204	205	1
204	204	1
204	203	1
204	202	1
204	201	1
204	200	1
204	199	1
204	198	1
204	197	1
204	196	1
204	195	1
204	194	1
204	193	1
204	192	1
204	191	1
204	190	1
204	189	1
204	188	1
204	187	1
204	186	1
204	185	1
204	184	1
204	183	1
204	182	1
204	181	1
204	180	1
204	179	1
204	178	1
204	177	1
204	176	1
204	175	1
204	174	1
204	173	1
204	172	1
204	171	1
204	170	1
204	169	1
204	168	1
204	167	1
204	166	1
204	165	1
204	164	1
204	163	1
204	162	1
204	161	1
204	160	1
204	159	1
204	158	1
204	157	1
204	156	1
204	155	1
204	154	1
204	153	1
204	152	1
204	151	1
204	150	1
204	149	1
204	148	1
204	147	1
204	146	1
204	145	1
204	144	1
204	143	1
204	142	1
204	141	1
204	140	1
204	139	1
204	138	1
204	137	2
204	136	2
204	135	2
204	134	2
204	133	2
204	132	2
204	131	1
204	130	1
204	129	1
204	128	1
204	127	1
204	126	1
204	125	1
204	124	1
204	123	1
204	122	1
204	121	1
204	120	1
204	119	1
204	118	1
204	117	1
204	116	1
204	115	1
204	114	1
204	113	1
204	112	1
204	111	1
204	110	1
204	109	1
204	108	1
204	107	1
204	106	1
204	105	1
204	104	1
204	103	1
204	102	1
204	101	1
204	100	1
204	99	1
204	98	1
204	97	1
204	96	1
204	95	1
204	94	1
204	93	1
204	92	1
204	91	1
204	90	2
204	89	2
204	88	2
204	87	2
204	86	2
204	85	1
204	84	1
204	83	1
204	82	1
204	81	1
204	80	1
204	79	2
204	78	2
204	77	2
204	76	2
204	75	2
204	74	2
204	73	2
204	72	2
204	71	2
204	70	2
204	69	2
204	68	2
204	67	2
204	66	1
204	65	1
204	64	1
204	63	1
204	62	1
204	61	1
204	60	1
204	59	1
204	58	1
204	57	1
204	56	1
204	55	1
204	54	1
204	53	1
204	52	1
204	51	1
204	50	1
204	49	1
204	48	1
204	47	1
204	46	1
204	45	1
204	44	1
204	43	1
204	42	1
204	41	1
204	40	1
204	39	1
204	38	1
204	37	1
204	36	1
204	35	1
204	34	1
204	33	1
204	32	1
204	31	1
204	30	1
204	29	1
204	28	1
204	27	1
204	26	1
204	25	1
204	24	1
204	23	1
204	22	1
204	21	1
204	20	1
204	19	1
204	18	1
204	17	1
204	16	1
204	15	1
204	14	1
204	13	1
204	12	1
204	11	1
204	10	1
204	9	1
204	8	1
204	7	1
204	6	1
204	5	1
204	4	1
204	3	1
204	2	1
204	1	1
205	216	1
205	215	1
205	214	1
205	213	1
205	212	1
205	211	1
205	210	1
205	209	1
205	208	1
205	207	1
205	206	1
205	205	1
205	204	1
205	203	1
205	202	1
205	201	1
205	200	1
205	199	1
205	198	1
205	197	1
205	196	1
205	195	1
205	194	1
205	193	1
205	192	1
205	191	1
205	190	1
205	189	1
205	188	1
205	187	1
205	186	1
205	185	1
205	184	1
205	183	1
205	182	1
205	181	1
205	180	1
205	179	1
205	178	1
205	177	1
205	176	1
205	175	1
205	174	1
205	173	1
205	172	1
205	171	1
205	170	1
205	169	1
205	168	1
205	167	1
205	166	1
205	165	1
205	164	1
205	163	1
205	162	1
205	161	1
205	160	1
205	159	1
205	158	1
205	157	1
205	156	1
205	155	1
205	154	1
205	153	1
205	152	1
205	151	1
205	150	1
205	149	1
205	148	1
205	147	1
205	146	1
205	145	1
205	144	1
205	143	1
205	142	1
205	141	1
205	140	1
205	139	1
205	138	1
205	137	2
205	136	2
205	135	2
205	134	2
205	133	2
205	132	2
205	131	1
205	130	1
205	129	1
205	128	1
205	127	1
205	126	1
205	125	1
205	124	1
205	123	1
205	122	1
205	121	1
205	120	1
205	119	1
205	118	1
205	117	1
205	116	1
205	115	1
205	114	1
205	113	1
205	112	1
205	111	1
205	110	1
205	109	1
205	108	1
205	107	1
205	106	1
205	105	1
205	104	1
205	103	1
205	102	1
205	101	1
205	100	1
205	99	1
205	98	1
205	97	1
205	96	1
205	95	1
205	94	1
205	93	1
205	92	1
205	91	1
205	90	2
205	89	2
205	88	2
205	87	2
205	86	2
205	85	1
205	84	2
205	83	2
205	82	2
205	81	2
205	80	2
205	79	2
205	78	2
205	77	1
205	76	1
205	75	1
205	74	1
205	73	1
205	72	1
205	71	1
205	70	1
205	69	1
205	68	1
205	67	1
205	66	1
205	65	1
205	64	1
205	63	1
205	62	1
205	61	1
205	60	1
205	59	1
205	58	1
205	57	1
205	56	1
205	55	1
205	54	1
205	53	1
205	52	1
205	51	1
205	50	1
205	49	1
205	48	1
205	47	1
205	46	1
205	45	1
205	44	1
205	43	1
205	42	1
205	41	1
205	40	1
205	39	1
205	38	1
205	37	1
205	36	1
205	35	1
205	34	1
205	33	1
205	32	1
205	31	1
205	30	1
205	29	1
205	28	1
205	27	1
205	26	1
205	25	1
205	24	1
205	23	1
205	22	1
205	21	1
205	20	1
205	19	1
205	18	1
205	17	1
205	16	1
205	15	1
205	14	1
205	13	1
205	12	1
205	11	1
205	10	1
205	9	1
205	8	1
205	7	1
205	6	1
205	5	1
205	4	1
205	3	1
205	2	1
205	1	1
206	216	1
206	215	1
206	214	1
206	213	1
206	212	1
206	211	1
206	210	1
206	209	1
206	208	1
206	207	1
206	206	1
206	205	1
206	204	1
206	203	1
206	202	1
206	201	1
206	200	1
206	199	1
206	198	1
206	197	1
206	196	1
206	195	1
206	194	1
206	193	1
206	192	1
206	191	1
206	190	1
206	189	1
206	188	1
206	187	1
206	186	1
206	185	1
206	184	1
206	183	1
206	182	1
206	181	1
206	180	1
206	179	1
206	178	1
206	177	1
206	176	1
206	175	1
206	174	1
206	173	1
206	172	1
206	171	1
206	170	1
206	169	1
206	168	1
206	167	1
206	166	1
206	165	1
206	164	1
206	163	1
206	162	1
206	161	1
206	160	1
206	159	1
206	158	1
206	157	1
206	156	1
206	155	1
206	154	1
206	153	1
206	152	1
206	151	1
206	150	1
206	149	1
206	148	1
206	147	1
206	146	1
206	145	1
206	144	2
206	143	1
206	142	1
206	141	1
206	140	1
206	139	1
206	138	1
206	137	2
206	136	2
206	135	2
206	134	2
206	133	2
206	132	1
206	131	1
206	130	1
206	129	1
206	128	1
206	127	1
206	126	1
206	125	1
206	124	1
206	123	1
206	122	1
206	121	1
206	120	1
206	119	1
206	118	1
206	117	1
206	116	1
206	115	1
206	114	1
206	113	1
206	112	1
206	111	1
206	110	1
206	109	1
206	108	1
206	107	1
206	106	1
206	105	1
206	104	1
206	103	1
206	102	1
206	101	1
206	100	1
206	99	1
206	98	1
206	97	1
206	96	1
206	95	1
206	94	1
206	93	2
206	92	2
206	91	2
206	90	2
206	89	2
206	88	2
206	87	2
206	86	2
206	85	2
206	84	2
206	83	2
206	82	2
206	81	2
206	80	2
206	79	2
206	78	2
206	77	1
206	76	1
206	75	1
206	74	1
206	73	1
206	72	1
206	71	1
206	70	1
206	69	1
206	68	1
206	67	1
206	66	1
206	65	1
206	64	1
206	63	1
206	62	1
206	61	1
206	60	1
206	59	1
206	58	1
206	57	1
206	56	1
206	55	1
206	54	2
206	53	2
206	52	1
206	51	1
206	50	1
206	49	1
206	48	1
206	47	1
206	46	1
206	45	1
206	44	1
206	43	1
206	42	1
206	41	1
206	40	1
206	39	1
206	38	1
206	37	1
206	36	1
206	35	1
206	34	1
206	33	1
206	32	1
206	31	1
206	30	1
206	29	1
206	28	1
206	27	1
206	26	1
206	25	1
206	24	1
206	23	1
206	22	1
206	21	1
206	20	1
206	19	1
206	18	1
206	17	1
206	16	1
206	15	1
206	14	1
206	13	1
206	12	1
206	11	1
206	10	1
206	9	1
206	8	1
206	7	1
206	6	1
206	5	1
206	4	1
206	3	1
206	2	1
206	1	1
207	216	1
207	215	1
207	214	1
207	213	1
207	212	1
207	211	1
207	210	1
207	209	1
207	208	1
207	207	1
207	206	1
207	205	1
207	204	1
207	203	1
207	202	1
207	201	1
207	200	1
207	199	1
207	198	1
207	197	1
207	196	1
207	195	1
207	194	1
207	193	1
207	192	1
207	191	1
207	190	1
207	189	1
207	188	1
207	187	1
207	186	1
207	185	1
207	184	1
207	183	1
207	182	1
207	181	1
207	180	1
207	179	1
207	178	1
207	177	1
207	176	1
207	175	1
207	174	1
207	173	1
207	172	1
207	171	1
207	170	1
207	169	1
207	168	1
207	167	1
207	166	1
207	165	1
207	164	1
207	163	1
207	162	1
207	161	1
207	160	1
207	159	1
207	158	1
207	157	1
207	156	1
207	155	1
207	154	1
207	153	1
207	152	1
207	151	1
207	150	1
207	149	1
207	148	1
207	147	1
207	146	1
207	145	2
207	144	1
207	143	1
207	142	1
207	141	1
207	140	1
207	139	2
207	138	2
207	137	2
207	136	2
207	135	2
207	134	2
207	133	2
207	132	1
207	131	1
207	130	1
207	129	1
207	128	1
207	127	1
207	126	1
207	125	1
207	124	1
207	123	1
207	122	1
207	121	1
207	120	1
207	119	1
207	118	1
207	117	1
207	116	1
207	115	1
207	114	1
207	113	1
207	112	1
207	111	1
207	110	1
207	109	1
207	108	1
207	107	1
207	106	1
207	105	1
207	104	1
207	103	1
207	102	1
207	101	1
207	100	2
207	99	1
207	98	1
207	97	1
207	96	1
207	95	1
207	94	1
207	93	1
207	92	1
207	91	1
207	90	2
207	89	2
207	88	2
207	87	2
207	86	2
207	85	1
207	84	1
207	83	1
207	82	1
207	81	1
207	80	1
207	79	1
207	78	1
207	77	1
207	76	1
207	75	1
207	74	1
207	73	1
207	72	1
207	71	1
207	70	1
207	69	1
207	68	1
207	67	1
207	66	1
207	65	1
207	64	1
207	63	1
207	62	1
207	61	1
207	60	1
207	59	1
207	58	1
207	57	1
207	56	2
207	55	2
207	54	2
207	53	1
207	52	1
207	51	1
207	50	1
207	49	1
207	48	1
207	47	1
207	46	1
207	45	1
207	44	1
207	43	1
207	42	1
207	41	1
207	40	1
207	39	1
207	38	1
207	37	1
207	36	1
207	35	1
207	34	1
207	33	1
207	32	1
207	31	1
207	30	1
207	29	1
207	28	1
207	27	1
207	26	1
207	25	1
207	24	1
207	23	1
207	22	1
207	21	1
207	20	1
207	19	1
207	18	1
207	17	1
207	16	1
207	15	1
207	14	1
207	13	1
207	12	1
207	11	1
207	10	1
207	9	1
207	8	1
207	7	1
207	6	1
207	5	1
207	4	1
207	3	1
207	2	1
207	1	1
208	216	1
208	215	1
208	214	1
208	213	1
208	212	1
208	211	1
208	210	1
208	209	1
208	208	1
208	207	1
208	206	1
208	205	1
208	204	1
208	203	1
208	202	1
208	201	1
208	200	1
208	199	1
208	198	1
208	197	1
208	196	1
208	195	1
208	194	1
208	193	1
208	192	1
208	191	1
208	190	1
208	189	1
208	188	1
208	187	1
208	186	1
208	185	1
208	184	1
208	183	1
208	182	1
208	181	1
208	180	1
208	179	1
208	178	1
208	177	1
208	176	1
208	175	1
208	174	1
208	173	1
208	172	1
208	171	1
208	170	1
208	169	1
208	168	1
208	167	1
208	166	1
208	165	1
208	164	1
208	163	1
208	162	1
208	161	1
208	160	1
208	159	1
208	158	1
208	157	1
208	156	1
208	155	1
208	154	1
208	153	1
208	152	1
208	151	1
208	150	1
208	149	1
208	148	1
208	147	1
208	146	1
208	145	1
208	144	1
208	143	1
208	142	1
208	141	1
208	140	1
208	139	2
208	138	2
208	137	2
208	136	2
208	135	2
208	134	2
208	133	2
208	132	1
208	131	1
208	130	1
208	129	1
208	128	1
208	127	1
208	126	1
208	125	1
208	124	1
208	123	1
208	122	1
208	121	1
208	120	1
208	119	1
208	118	1
208	117	1
208	116	1
208	115	1
208	114	1
208	113	1
208	112	1
208	111	1
208	110	1
208	109	1
208	108	1
208	107	1
208	106	1
208	105	1
208	104	1
208	103	1
208	102	1
208	101	1
208	100	1
208	99	2
208	98	1
208	97	1
208	96	1
208	95	1
208	94	1
208	93	1
208	92	1
208	91	1
208	90	2
208	89	2
208	88	2
208	87	2
208	86	1
208	85	1
208	84	1
208	83	1
208	82	1
208	81	1
208	80	1
208	79	1
208	78	1
208	77	1
208	76	1
208	75	1
208	74	1
208	73	1
208	72	1
208	71	1
208	70	1
208	69	1
208	68	1
208	67	1
208	66	1
208	65	1
208	64	1
208	63	1
208	62	1
208	61	1
208	60	1
208	59	1
208	58	2
208	57	2
208	56	2
208	55	1
208	54	1
208	53	1
208	52	1
208	51	1
208	50	1
208	49	1
208	48	1
208	47	1
208	46	1
208	45	1
208	44	1
208	43	1
208	42	1
208	41	1
208	40	1
208	39	1
208	38	1
208	37	1
208	36	1
208	35	1
208	34	1
208	33	1
208	32	1
208	31	1
208	30	1
208	29	1
208	28	1
208	27	1
208	26	1
208	25	1
208	24	1
208	23	1
208	22	1
208	21	1
208	20	1
208	19	1
208	18	1
208	17	1
208	16	1
208	15	1
208	14	1
208	13	1
208	12	1
208	11	1
208	10	1
208	9	1
208	8	1
208	7	1
208	6	1
208	5	1
208	4	1
208	3	1
208	2	1
208	1	1
209	216	1
209	215	1
209	214	1
209	213	1
209	212	1
209	211	1
209	210	1
209	209	1
209	208	1
209	207	1
209	206	1
209	205	1
209	204	1
209	203	1
209	202	1
209	201	1
209	200	1
209	199	1
209	198	1
209	197	1
209	196	1
209	195	1
209	194	1
209	193	1
209	192	1
209	191	1
209	190	1
209	189	1
209	188	1
209	187	1
209	186	1
209	185	1
209	184	1
209	183	1
209	182	1
209	181	1
209	180	1
209	179	1
209	178	1
209	177	1
209	176	1
209	175	1
209	174	1
209	173	1
209	172	1
209	171	1
209	170	1
209	169	1
209	168	1
209	167	1
209	166	1
209	165	1
209	164	1
209	163	1
209	162	1
209	161	1
209	160	1
209	159	1
209	158	1
209	157	1
209	156	1
209	155	1
209	154	1
209	153	1
209	152	1
209	151	1
209	150	1
209	149	1
209	148	1
209	147	1
209	146	1
209	145	1
209	144	1
209	143	1
209	142	1
209	141	1
209	140	1
209	139	1
209	138	2
209	137	2
209	136	2
209	135	2
209	134	2
209	133	2
209	132	1
209	131	1
209	130	1
209	129	1
209	128	1
209	127	1
209	126	1
209	125	1
209	124	1
209	123	1
209	122	1
209	121	1
209	120	1
209	119	1
209	118	1
209	117	1
209	116	1
209	115	1
209	114	1
209	113	1
209	112	1
209	111	1
209	110	1
209	109	1
209	108	1
209	107	1
209	106	1
209	105	1
209	104	1
209	103	1
209	102	1
209	101	1
209	100	1
209	99	1
209	98	2
209	97	1
209	96	1
209	95	1
209	94	2
209	93	2
209	92	2
209	91	2
209	90	2
209	89	2
209	88	2
209	87	2
209	86	1
209	85	1
209	84	1
209	83	1
209	82	1
209	81	1
209	80	1
209	79	1
209	78	1
209	77	1
209	76	1
209	75	1
209	74	1
209	73	1
209	72	1
209	71	1
209	70	1
209	69	1
209	68	1
209	67	1
209	66	1
209	65	1
209	64	1
209	63	1
209	62	2
209	61	2
209	60	2
209	59	2
209	58	2
209	57	2
209	56	2
209	55	1
209	54	2
209	53	1
209	52	1
209	51	1
209	50	1
209	49	1
209	48	1
209	47	1
209	46	1
209	45	1
209	44	1
209	43	1
209	42	1
209	41	1
209	40	1
209	39	1
209	38	1
209	37	1
209	36	1
209	35	1
209	34	1
209	33	1
209	32	1
209	31	1
209	30	1
209	29	1
209	28	1
209	27	1
209	26	1
209	25	1
209	24	1
209	23	1
209	22	1
209	21	1
209	20	1
209	19	1
209	18	1
209	17	1
209	16	1
209	15	1
209	14	1
209	13	1
209	12	1
209	11	1
209	10	1
209	9	1
209	8	1
209	7	1
209	6	1
209	5	1
209	4	1
209	3	1
209	2	1
209	1	1
210	216	1
210	215	1
210	214	1
210	213	1
210	212	1
210	211	1
210	210	1
210	209	1
210	208	1
210	207	1
210	206	1
210	205	1
210	204	1
210	203	1
210	202	1
210	201	1
210	200	1
210	199	1
210	198	1
210	197	1
210	196	1
210	195	1
210	194	1
210	193	1
210	192	1
210	191	1
210	190	1
210	189	1
210	188	1
210	187	1
210	186	1
210	185	1
210	184	1
210	183	1
210	182	1
210	181	1
210	180	1
210	179	1
210	178	1
210	177	1
210	176	1
210	175	1
210	174	1
210	173	1
210	172	1
210	171	1
210	170	1
210	169	1
210	168	1
210	167	1
210	166	1
210	165	1
210	164	1
210	163	1
210	162	1
210	161	1
210	160	1
210	159	1
210	158	1
210	157	1
210	156	1
210	155	1
210	154	1
210	153	1
210	152	1
210	151	1
210	150	1
210	149	1
210	148	1
210	147	2
210	146	1
210	145	1
210	144	1
210	143	1
210	142	1
210	141	1
210	140	1
210	139	1
210	138	1
210	137	2
210	136	2
210	135	2
210	134	2
210	133	2
210	132	1
210	131	1
210	130	1
210	129	1
210	128	1
210	127	1
210	126	1
210	125	1
210	124	1
210	123	1
210	122	1
210	121	1
210	120	1
210	119	1
210	118	1
210	117	1
210	116	1
210	115	1
210	114	1
210	113	1
210	112	1
210	111	1
210	110	1
210	109	1
210	108	1
210	107	1
210	106	1
210	105	1
210	104	1
210	103	1
210	102	1
210	101	1
210	100	1
210	99	1
210	98	2
210	97	1
210	96	1
210	95	1
210	94	2
210	93	2
210	92	2
210	91	2
210	90	2
210	89	2
210	88	2
210	87	2
210	86	1
210	85	1
210	84	1
210	83	1
210	82	1
210	81	1
210	80	1
210	79	1
210	78	1
210	77	1
210	76	1
210	75	1
210	74	1
210	73	1
210	72	1
210	71	1
210	70	1
210	69	1
210	68	2
210	67	2
210	66	2
210	65	2
210	64	2
210	63	2
210	62	2
210	61	2
210	60	2
210	59	2
210	58	2
210	57	2
210	56	2
210	55	1
210	54	1
210	53	1
210	52	1
210	51	1
210	50	1
210	49	1
210	48	1
210	47	1
210	46	1
210	45	1
210	44	1
210	43	1
210	42	1
210	41	1
210	40	1
210	39	1
210	38	1
210	37	1
210	36	1
210	35	1
210	34	1
210	33	1
210	32	1
210	31	1
210	30	1
210	29	1
210	28	1
210	27	1
210	26	1
210	25	1
210	24	1
210	23	1
210	22	1
210	21	1
210	20	1
210	19	1
210	18	1
210	17	1
210	16	1
210	15	1
210	14	1
210	13	1
210	12	1
210	11	1
210	10	1
210	9	1
210	8	1
210	7	1
210	6	1
210	5	1
210	4	1
210	3	1
210	2	1
210	1	1
211	216	1
211	215	1
211	214	1
211	213	1
211	212	1
211	211	1
211	210	1
211	209	1
211	208	1
211	207	1
211	206	1
211	205	1
211	204	1
211	203	1
211	202	1
211	201	1
211	200	1
211	199	1
211	198	1
211	197	1
211	196	1
211	195	1
211	194	1
211	193	1
211	192	1
211	191	1
211	190	1
211	189	1
211	188	1
211	187	1
211	186	1
211	185	1
211	184	1
211	183	1
211	182	1
211	181	1
211	180	1
211	179	1
211	178	1
211	177	1
211	176	1
211	175	1
211	174	1
211	173	1
211	172	1
211	171	1
211	170	1
211	169	1
211	168	1
211	167	1
211	166	1
211	165	1
211	164	1
211	163	1
211	162	1
211	161	1
211	160	1
211	159	1
211	158	1
211	157	1
211	156	1
211	155	1
211	154	1
211	153	1
211	152	1
211	151	1
211	150	1
211	149	1
211	148	2
211	147	2
211	146	2
211	145	1
211	144	1
211	143	1
211	142	1
211	141	2
211	140	2
211	139	2
211	138	2
211	137	2
211	136	2
211	135	2
211	134	2
211	133	2
211	132	1
211	131	1
211	130	1
211	129	1
211	128	1
211	127	1
211	126	1
211	125	1
211	124	1
211	123	1
211	122	1
211	121	1
211	120	1
211	119	1
211	118	1
211	117	1
211	116	1
211	115	1
211	114	2
211	113	2
211	112	2
211	111	1
211	110	1
211	109	1
211	108	1
211	107	1
211	106	1
211	105	1
211	104	1
211	103	1
211	102	1
211	101	1
211	100	1
211	99	1
211	98	1
211	97	1
211	96	1
211	95	1
211	94	1
211	93	2
211	92	1
211	91	2
211	90	2
211	89	2
211	88	2
211	87	2
211	86	1
211	85	1
211	84	1
211	83	1
211	82	1
211	81	1
211	80	1
211	79	1
211	78	1
211	77	1
211	76	1
211	75	1
211	74	2
211	73	2
211	72	2
211	71	2
211	70	2
211	69	2
211	68	2
211	67	2
211	66	2
211	65	2
211	64	2
211	63	1
211	62	2
211	61	2
211	60	2
211	59	2
211	58	2
211	57	1
211	56	1
211	55	1
211	54	1
211	53	1
211	52	1
211	51	1
211	50	1
211	49	1
211	48	1
211	47	1
211	46	1
211	45	1
211	44	1
211	43	1
211	42	1
211	41	1
211	40	1
211	39	1
211	38	1
211	37	1
211	36	1
211	35	1
211	34	1
211	33	1
211	32	1
211	31	1
211	30	1
211	29	1
211	28	1
211	27	1
211	26	1
211	25	1
211	24	1
211	23	1
211	22	1
211	21	1
211	20	1
211	19	1
211	18	1
211	17	1
211	16	1
211	15	1
211	14	1
211	13	1
211	12	1
211	11	1
211	10	1
211	9	1
211	8	1
211	7	1
211	6	1
211	5	1
211	4	1
211	3	1
211	2	1
211	1	1
212	216	1
212	215	1
212	214	1
212	213	1
212	212	1
212	211	1
212	210	1
212	209	1
212	208	1
212	207	1
212	206	1
212	205	1
212	204	1
212	203	1
212	202	1
212	201	1
212	200	1
212	199	1
212	198	1
212	197	1
212	196	1
212	195	1
212	194	1
212	193	1
212	192	1
212	191	1
212	190	1
212	189	1
212	188	1
212	187	1
212	186	1
212	185	1
212	184	1
212	183	1
212	182	1
212	181	1
212	180	1
212	179	1
212	178	1
212	177	1
212	176	1
212	175	1
212	174	1
212	173	1
212	172	1
212	171	1
212	170	1
212	169	1
212	168	2
212	167	1
212	166	1
212	165	1
212	164	1
212	163	1
212	162	1
212	161	1
212	160	1
212	159	1
212	158	1
212	157	1
212	156	1
212	155	1
212	154	1
212	153	1
212	152	1
212	151	2
212	150	1
212	149	2
212	148	1
212	147	1
212	146	2
212	145	1
212	144	1
212	143	1
212	142	1
212	141	2
212	140	2
212	139	2
212	138	2
212	137	2
212	136	2
212	135	2
212	134	2
212	133	2
212	132	1
212	131	1
212	130	1
212	129	1
212	128	1
212	127	1
212	126	1
212	125	1
212	124	1
212	123	1
212	122	1
212	121	1
212	120	1
212	119	1
212	118	1
212	117	1
212	116	1
212	115	1
212	114	1
212	113	1
212	112	1
212	111	1
212	110	1
212	109	1
212	108	1
212	107	1
212	106	1
212	105	1
212	104	1
212	103	1
212	102	1
212	101	1
212	100	1
212	99	1
212	98	1
212	97	1
212	96	1
212	95	1
212	94	1
212	93	1
212	92	1
212	91	2
212	90	2
212	89	2
212	88	2
212	87	2
212	86	2
212	85	2
212	84	2
212	83	2
212	82	2
212	81	2
212	80	2
212	79	2
212	78	2
212	77	2
212	76	2
212	75	2
212	74	2
212	73	2
212	72	2
212	71	2
212	70	2
212	69	2
212	68	2
212	67	2
212	66	2
212	65	2
212	64	2
212	63	2
212	62	2
212	61	2
212	60	1
212	59	2
212	58	1
212	57	1
212	56	2
212	55	1
212	54	1
212	53	1
212	52	1
212	51	1
212	50	1
212	49	1
212	48	1
212	47	1
212	46	1
212	45	1
212	44	1
212	43	1
212	42	1
212	41	1
212	40	1
212	39	1
212	38	1
212	37	1
212	36	1
212	35	1
212	34	1
212	33	1
212	32	1
212	31	1
212	30	1
212	29	1
212	28	1
212	27	1
212	26	1
212	25	1
212	24	1
212	23	1
212	22	1
212	21	1
212	20	1
212	19	1
212	18	1
212	17	1
212	16	1
212	15	1
212	14	1
212	13	1
212	12	1
212	11	1
212	10	1
212	9	1
212	8	1
212	7	1
212	6	1
212	5	1
212	4	1
212	3	1
212	2	1
212	1	1
213	216	1
213	215	1
213	214	1
213	213	1
213	212	1
213	211	1
213	210	1
213	209	1
213	208	1
213	207	1
213	206	1
213	205	1
213	204	1
213	203	1
213	202	1
213	201	1
213	200	1
213	199	1
213	198	1
213	197	1
213	196	1
213	195	1
213	194	1
213	193	1
213	192	1
213	191	1
213	190	1
213	189	1
213	188	1
213	187	1
213	186	1
213	185	1
213	184	1
213	183	1
213	182	1
213	181	1
213	180	1
213	179	1
213	178	1
213	177	1
213	176	1
213	175	1
213	174	1
213	173	1
213	172	1
213	171	2
213	170	1
213	169	1
213	168	1
213	167	1
213	166	1
213	165	1
213	164	1
213	163	1
213	162	1
213	161	1
213	160	1
213	159	1
213	158	1
213	157	1
213	156	1
213	155	1
213	154	1
213	153	1
213	152	2
213	151	1
213	150	1
213	149	2
213	148	1
213	147	1
213	146	1
213	145	1
213	144	1
213	143	1
213	142	1
213	141	2
213	140	2
213	139	2
213	138	2
213	137	2
213	136	2
213	135	2
213	134	2
213	133	2
213	132	1
213	131	1
213	130	1
213	129	1
213	128	1
213	127	1
213	126	1
213	125	1
213	124	1
213	123	1
213	122	1
213	121	1
213	120	1
213	119	1
213	118	1
213	117	1
213	116	1
213	115	1
213	114	1
213	113	1
213	112	1
213	111	1
213	110	1
213	109	1
213	108	1
213	107	1
213	106	1
213	105	1
213	104	1
213	103	1
213	102	2
213	101	1
213	100	1
213	99	1
213	98	1
213	97	1
213	96	1
213	95	1
213	94	1
213	93	1
213	92	1
213	91	2
213	90	2
213	89	2
213	88	2
213	87	2
213	86	2
213	85	2
213	84	2
213	83	2
213	82	2
213	81	2
213	80	2
213	79	1
213	78	1
213	77	1
213	76	1
213	75	1
213	74	1
213	73	1
213	72	2
213	71	2
213	70	2
213	69	2
213	68	2
213	67	2
213	66	2
213	65	2
213	64	2
213	63	1
213	62	1
213	61	1
213	60	1
213	59	1
213	58	2
213	57	2
213	56	1
213	55	1
213	54	1
213	53	1
213	52	1
213	51	1
213	50	1
213	49	1
213	48	1
213	47	1
213	46	1
213	45	1
213	44	1
213	43	1
213	42	1
213	41	1
213	40	1
213	39	1
213	38	1
213	37	1
213	36	1
213	35	1
213	34	1
213	33	1
213	32	1
213	31	1
213	30	1
213	29	1
213	28	1
213	27	1
213	26	1
213	25	1
213	24	1
213	23	1
213	22	1
213	21	1
213	20	1
213	19	1
213	18	1
213	17	1
213	16	1
213	15	1
213	14	1
213	13	1
213	12	1
213	11	1
213	10	1
213	9	1
213	8	1
213	7	1
213	6	1
213	5	1
213	4	1
213	3	1
213	2	1
213	1	1
214	216	1
214	215	1
214	214	1
214	213	1
214	212	1
214	211	1
214	210	1
214	209	1
214	208	1
214	207	1
214	206	1
214	205	1
214	204	1
214	203	1
214	202	1
214	201	1
214	200	1
214	199	1
214	198	1
214	197	1
214	196	1
214	195	1
214	194	1
214	193	1
214	192	1
214	191	1
214	190	1
214	189	1
214	188	1
214	187	1
214	186	1
214	185	1
214	184	1
214	183	1
214	182	1
214	181	1
214	180	1
214	179	1
214	178	1
214	177	1
214	176	1
214	175	1
214	174	1
214	173	1
214	172	2
214	171	1
214	170	1
214	169	1
214	168	1
214	167	1
214	166	1
214	165	1
214	164	1
214	163	1
214	162	1
214	161	1
214	160	1
214	159	1
214	158	1
214	157	1
214	156	1
214	155	1
214	154	1
214	153	1
214	152	1
214	151	1
214	150	2
214	149	1
214	148	2
214	147	2
214	146	1
214	145	1
214	144	1
214	143	1
214	142	1
214	141	1
214	140	2
214	139	2
214	138	2
214	137	2
214	136	2
214	135	2
214	134	2
214	133	2
214	132	1
214	131	1
214	130	1
214	129	1
214	128	1
214	127	1
214	126	1
214	125	1
214	124	1
214	123	1
214	122	1
214	121	1
214	120	1
214	119	1
214	118	1
214	117	1
214	116	1
214	115	1
214	114	1
214	113	1
214	112	1
214	111	1
214	110	1
214	109	1
214	108	1
214	107	1
214	106	1
214	105	1
214	104	1
214	103	1
214	102	1
214	101	1
214	100	1
214	99	1
214	98	1
214	97	1
214	96	1
214	95	1
214	94	1
214	93	1
214	92	1
214	91	2
214	90	2
214	89	2
214	88	2
214	87	2
214	86	1
214	85	1
214	84	1
214	83	1
214	82	2
214	81	2
214	80	1
214	79	1
214	78	1
214	77	1
214	76	2
214	75	2
214	74	2
214	73	2
214	72	2
214	71	2
214	70	2
214	69	2
214	68	2
214	67	2
214	66	2
214	65	1
214	64	1
214	63	1
214	62	1
214	61	1
214	60	1
214	59	2
214	58	2
214	57	1
214	56	1
214	55	1
214	54	1
214	53	1
214	52	1
214	51	1
214	50	1
214	49	1
214	48	1
214	47	1
214	46	1
214	45	1
214	44	1
214	43	1
214	42	1
214	41	1
214	40	1
214	39	1
214	38	1
214	37	1
214	36	1
214	35	1
214	34	1
214	33	1
214	32	1
214	31	1
214	30	1
214	29	1
214	28	1
214	27	1
214	26	1
214	25	1
214	24	1
214	23	1
214	22	1
214	21	1
214	20	1
214	19	1
214	18	1
214	17	1
214	16	1
214	15	1
214	14	1
214	13	1
214	12	1
214	11	1
214	10	1
214	9	1
214	8	1
214	7	1
214	6	1
214	5	1
214	4	1
214	3	1
214	2	1
214	1	1
215	216	1
215	215	1
215	214	1
215	213	1
215	212	1
215	211	1
215	210	1
215	209	1
215	208	1
215	207	1
215	206	1
215	205	1
215	204	1
215	203	1
215	202	1
215	201	1
215	200	1
215	199	1
215	198	1
215	197	1
215	196	1
215	195	1
215	194	1
215	193	1
215	192	1
215	191	1
215	190	1
215	189	1
215	188	1
215	187	1
215	186	1
215	185	1
215	184	1
215	183	1
215	182	1
215	181	1
215	180	1
215	179	1
215	178	1
215	177	1
215	176	1
215	175	1
215	174	1
215	173	1
215	172	1
215	171	1
215	170	1
215	169	1
215	168	1
215	167	1
215	166	1
215	165	1
215	164	1
215	163	1
215	162	1
215	161	1
215	160	1
215	159	1
215	158	1
215	157	1
215	156	1
215	155	1
215	154	1
215	153	1
215	152	1
215	151	2
215	150	1
215	149	1
215	148	1
215	147	1
215	146	1
215	145	1
215	144	1
215	143	1
215	142	1
215	141	1
215	140	1
215	139	2
215	138	2
215	137	2
215	136	2
215	135	2
215	134	2
215	133	2
215	132	1
215	131	1
215	130	1
215	129	1
215	128	1
215	127	1
215	126	1
215	125	1
215	124	1
215	123	1
215	122	1
215	121	1
215	120	2
215	119	1
215	118	1
215	117	1
215	116	1
215	115	1
215	114	1
215	113	1
215	112	1
215	111	1
215	110	1
215	109	1
215	108	1
215	107	2
215	106	1
215	105	1
215	104	1
215	103	1
215	102	1
215	101	1
215	100	1
215	99	1
215	98	1
215	97	1
215	96	1
215	95	1
215	94	1
215	93	1
215	92	1
215	91	2
215	90	2
215	89	2
215	88	2
215	87	2
215	86	2
215	85	2
215	84	2
215	83	2
215	82	2
215	81	2
215	80	2
215	79	2
215	78	2
215	77	2
215	76	2
215	75	2
215	74	2
215	73	2
215	72	2
215	71	1
215	70	1
215	69	1
215	68	1
215	67	1
215	66	1
215	65	1
215	64	1
215	63	1
215	62	1
215	61	2
215	60	2
215	59	2
215	58	1
215	57	1
215	56	1
215	55	1
215	54	2
215	53	1
215	52	1
215	51	1
215	50	1
215	49	1
215	48	1
215	47	1
215	46	1
215	45	1
215	44	1
215	43	1
215	42	1
215	41	1
215	40	1
215	39	1
215	38	1
215	37	1
215	36	1
215	35	1
215	34	1
215	33	1
215	32	1
215	31	1
215	30	1
215	29	1
215	28	1
215	27	1
215	26	1
215	25	1
215	24	1
215	23	1
215	22	1
215	21	1
215	20	1
215	19	1
215	18	1
215	17	1
215	16	1
215	15	1
215	14	1
215	13	1
215	12	1
215	11	1
215	10	1
215	9	1
215	8	1
215	7	1
215	6	1
215	5	1
215	4	1
215	3	1
215	2	1
215	1	1
216	216	1
216	215	1
216	214	1
216	213	1
216	212	1
216	211	1
216	210	1
216	209	1
216	208	1
216	207	1
216	206	1
216	205	1
216	204	1
216	203	1
216	202	1
216	201	1
216	200	1
216	199	1
216	198	1
216	197	1
216	196	1
216	195	1
216	194	1
216	193	1
216	192	1
216	191	1
216	190	1
216	189	1
216	188	1
216	187	1
216	186	1
216	185	1
216	184	1
216	183	1
216	182	1
216	181	1
216	180	1
216	179	1
216	178	1
216	177	1
216	176	1
216	175	1
216	174	1
216	173	1
216	172	1
216	171	1
216	170	1
216	169	1
216	168	1
216	167	1
216	166	1
216	165	1
216	164	1
216	163	1
216	162	1
216	161	1
216	160	1
216	159	1
216	158	1
216	157	1
216	156	1
216	155	1
216	154	1
216	153	1
216	152	1
216	151	1
216	150	1
216	149	1
216	148	1
216	147	1
216	146	1
216	145	1
216	144	1
216	143	1
216	142	1
216	141	1
216	140	1
216	139	1
216	138	2
216	137	2
216	136	2
216	135	2
216	134	2
216	133	2
216	132	1
216	131	1
216	130	1
216	129	1
216	128	1
216	127	1
216	126	1
216	125	1
216	124	1
216	123	1
216	122	1
216	121	1
216	120	1
216	119	1
216	118	1
216	117	1
216	116	1
216	115	1
216	114	1
216	113	1
216	112	1
216	111	1
216	110	1
216	109	1
216	108	1
216	107	1
216	106	1
216	105	1
216	104	1
216	103	1
216	102	1
216	101	1
216	100	2
216	99	1
216	98	1
216	97	1
216	96	1
216	95	1
216	94	1
216	93	1
216	92	1
216	91	2
216	90	2
216	89	2
216	88	2
216	87	2
216	86	2
216	85	2
216	84	2
216	83	2
216	82	2
216	81	2
216	80	2
216	79	2
216	78	1
216	77	1
216	76	1
216	75	1
216	74	1
216	73	1
216	72	1
216	71	1
216	70	1
216	69	1
216	68	1
216	67	1
216	66	1
216	65	1
216	64	1
216	63	2
216	62	2
216	61	2
216	60	1
216	59	1
216	58	1
216	57	2
216	56	2
216	55	2
216	54	1
216	53	1
216	52	1
216	51	1
216	50	1
216	49	1
216	48	1
216	47	1
216	46	1
216	45	1
216	44	1
216	43	1
216	42	1
216	41	1
216	40	1
216	39	1
216	38	1
216	37	1
216	36	1
216	35	1
216	34	1
216	33	1
216	32	1
216	31	1
216	30	1
216	29	1
216	28	1
216	27	1
216	26	1
216	25	1
216	24	1
216	23	1
216	22	1
216	21	1
216	20	1
216	19	1
216	18	1
216	17	1
216	16	1
216	15	1
216	14	1
216	13	1
216	12	1
216	11	1
216	10	1
216	9	1
216	8	1
216	7	1
216	6	1
216	5	1
216	4	1
216	3	1
216	2	1
216	1	1
217	216	1
217	215	1
217	214	1
217	213	1
217	212	1
217	211	1
217	210	1
217	209	1
217	208	1
217	207	1
217	206	1
217	205	1
217	204	1
217	203	1
217	202	1
217	201	1
217	200	1
217	199	1
217	198	1
217	197	1
217	196	1
217	195	1
217	194	1
217	193	1
217	192	1
217	191	1
217	190	1
217	189	1
217	188	1
217	187	1
217	186	1
217	185	1
217	184	1
217	183	1
217	182	1
217	181	1
217	180	1
217	179	1
217	178	1
217	177	1
217	176	1
217	175	1
217	174	1
217	173	1
217	172	1
217	171	1
217	170	1
217	169	1
217	168	1
217	167	1
217	166	1
217	165	1
217	164	1
217	163	1
217	162	1
217	161	1
217	160	1
217	159	1
217	158	1
217	157	1
217	156	1
217	155	1
217	154	1
217	153	1
217	152	1
217	151	1
217	150	1
217	149	1
217	148	1
217	147	1
217	146	1
217	145	1
217	144	1
217	143	1
217	142	1
217	141	1
217	140	1
217	139	1
217	138	1
217	137	2
217	136	2
217	135	2
217	134	2
217	133	2
217	132	2
217	131	1
217	130	1
217	129	1
217	128	1
217	127	1
217	126	1
217	125	1
217	124	1
217	123	1
217	122	1
217	121	1
217	120	1
217	119	1
217	118	1
217	117	1
217	116	1
217	115	1
217	114	1
217	113	1
217	112	1
217	111	1
217	110	1
217	109	1
217	108	1
217	107	1
217	106	1
217	105	1
217	104	1
217	103	1
217	102	1
217	101	1
217	100	2
217	99	2
217	98	2
217	97	1
217	96	1
217	95	2
217	94	1
217	93	1
217	92	1
217	91	2
217	90	2
217	89	2
217	88	2
217	87	2
217	86	1
217	85	2
217	84	1
217	83	1
217	82	1
217	81	1
217	80	1
217	79	1
217	78	1
217	77	1
217	76	1
217	75	1
217	74	1
217	73	1
217	72	1
217	71	1
217	70	1
217	69	1
217	68	1
217	67	1
217	66	1
217	65	2
217	64	2
217	63	2
217	62	2
217	61	1
217	60	2
217	59	2
217	58	2
217	57	1
217	56	1
217	55	1
217	54	1
217	53	1
217	52	1
217	51	1
217	50	1
217	49	1
217	48	1
217	47	1
217	46	1
217	45	1
217	44	1
217	43	1
217	42	1
217	41	1
217	40	1
217	39	1
217	38	1
217	37	1
217	36	1
217	35	1
217	34	1
217	33	1
217	32	1
217	31	1
217	30	1
217	29	1
217	28	1
217	27	1
217	26	1
217	25	1
217	24	1
217	23	1
217	22	1
217	21	1
217	20	1
217	19	1
217	18	1
217	17	1
217	16	1
217	15	1
217	14	1
217	13	1
217	12	1
217	11	1
217	10	1
217	9	1
217	8	1
217	7	1
217	6	1
217	5	1
217	4	1
217	3	1
217	2	1
217	1	1
218	216	1
218	215	1
218	214	1
218	213	1
218	212	1
218	211	1
218	210	1
218	209	1
218	208	1
218	207	1
218	206	1
218	205	1
218	204	1
218	203	1
218	202	1
218	201	1
218	200	1
218	199	1
218	198	1
218	197	1
218	196	1
218	195	1
218	194	1
218	193	1
218	192	1
218	191	1
218	190	1
218	189	1
218	188	1
218	187	1
218	186	1
218	185	1
218	184	1
218	183	1
218	182	1
218	181	1
218	180	1
218	179	1
218	178	1
218	177	1
218	176	1
218	175	1
218	174	1
218	173	1
218	172	1
218	171	1
218	170	1
218	169	1
218	168	1
218	167	1
218	166	1
218	165	1
218	164	1
218	163	1
218	162	1
218	161	1
218	160	1
218	159	1
218	158	1
218	157	1
218	156	1
218	155	1
218	154	1
218	153	2
218	152	1
218	151	1
218	150	1
218	149	1
218	148	1
218	147	2
218	146	1
218	145	1
218	144	1
218	143	1
218	142	1
218	141	1
218	140	1
218	139	1
218	138	1
218	137	1
218	136	2
218	135	2
218	134	2
218	133	2
218	132	2
218	131	1
218	130	1
218	129	1
218	128	1
218	127	1
218	126	1
218	125	1
218	124	1
218	123	1
218	122	1
218	121	1
218	120	1
218	119	1
218	118	1
218	117	1
218	116	1
218	115	1
218	114	1
218	113	1
218	112	1
218	111	1
218	110	1
218	109	1
218	108	1
218	107	1
218	106	1
218	105	1
218	104	1
218	103	2
218	102	1
218	101	1
218	100	1
218	99	2
218	98	2
218	97	2
218	96	2
218	95	2
218	94	1
218	93	1
218	92	1
218	91	2
218	90	2
218	89	2
218	88	2
218	87	2
218	86	1
218	85	1
218	84	1
218	83	1
218	82	1
218	81	1
218	80	1
218	79	1
218	78	1
218	77	1
218	76	1
218	75	1
218	74	1
218	73	1
218	72	1
218	71	1
218	70	1
218	69	2
218	68	2
218	67	2
218	66	2
218	65	2
218	64	2
218	63	2
218	62	2
218	61	2
218	60	2
218	59	1
218	58	1
218	57	1
218	56	1
218	55	1
218	54	1
218	53	1
218	52	1
218	51	1
218	50	1
218	49	1
218	48	1
218	47	1
218	46	1
218	45	1
218	44	1
218	43	1
218	42	1
218	41	1
218	40	1
218	39	1
218	38	1
218	37	1
218	36	1
218	35	1
218	34	1
218	33	1
218	32	1
218	31	1
218	30	1
218	29	1
218	28	1
218	27	1
218	26	1
218	25	1
218	24	1
218	23	1
218	22	1
218	21	1
218	20	1
218	19	1
218	18	1
218	17	1
218	16	1
218	15	1
218	14	1
218	13	1
218	12	1
218	11	1
218	10	1
218	9	1
218	8	1
218	7	1
218	6	1
218	5	1
218	4	1
218	3	1
218	2	1
218	1	1
219	216	1
219	215	1
219	214	1
219	213	1
219	212	1
219	211	1
219	210	1
219	209	1
219	208	1
219	207	1
219	206	1
219	205	1
219	204	1
219	203	1
219	202	1
219	201	1
219	200	1
219	199	1
219	198	1
219	197	1
219	196	1
219	195	1
219	194	1
219	193	1
219	192	1
219	191	1
219	190	1
219	189	1
219	188	1
219	187	1
219	186	1
219	185	1
219	184	1
219	183	1
219	182	1
219	181	1
219	180	1
219	179	1
219	178	1
219	177	1
219	176	1
219	175	1
219	174	1
219	173	1
219	172	1
219	171	1
219	170	1
219	169	1
219	168	1
219	167	1
219	166	1
219	165	1
219	164	1
219	163	1
219	162	1
219	161	1
219	160	1
219	159	1
219	158	1
219	157	1
219	156	1
219	155	1
219	154	2
219	153	1
219	152	1
219	151	1
219	150	1
219	149	1
219	148	1
219	147	2
219	146	1
219	145	1
219	144	1
219	143	2
219	142	1
219	141	1
219	140	1
219	139	1
219	138	1
219	137	1
219	136	2
219	135	2
219	134	2
219	133	2
219	132	2
219	131	1
219	130	1
219	129	1
219	128	1
219	127	1
219	126	1
219	125	1
219	124	1
219	123	1
219	122	1
219	121	1
219	120	1
219	119	1
219	118	1
219	117	1
219	116	1
219	115	1
219	114	1
219	113	1
219	112	1
219	111	1
219	110	1
219	109	1
219	108	1
219	107	1
219	106	1
219	105	1
219	104	1
219	103	1
219	102	1
219	101	1
219	100	1
219	99	1
219	98	1
219	97	2
219	96	2
219	95	2
219	94	2
219	93	2
219	92	1
219	91	2
219	90	2
219	89	2
219	88	2
219	87	1
219	86	1
219	85	1
219	84	1
219	83	1
219	82	1
219	81	1
219	80	1
219	79	1
219	78	1
219	77	1
219	76	1
219	75	1
219	74	1
219	73	2
219	72	2
219	71	2
219	70	2
219	69	2
219	68	2
219	67	2
219	66	2
219	65	2
219	64	2
219	63	2
219	62	2
219	61	2
219	60	1
219	59	1
219	58	1
219	57	1
219	56	1
219	55	1
219	54	1
219	53	1
219	52	1
219	51	1
219	50	1
219	49	1
219	48	1
219	47	1
219	46	1
219	45	1
219	44	1
219	43	1
219	42	1
219	41	1
219	40	1
219	39	1
219	38	1
219	37	1
219	36	1
219	35	1
219	34	1
219	33	1
219	32	1
219	31	1
219	30	1
219	29	1
219	28	1
219	27	1
219	26	1
219	25	1
219	24	1
219	23	1
219	22	1
219	21	1
219	20	1
219	19	1
219	18	1
219	17	1
219	16	1
219	15	1
219	14	1
219	13	1
219	12	1
219	11	1
219	10	1
219	9	1
219	8	1
219	7	1
219	6	1
219	5	1
219	4	1
219	3	1
219	2	1
219	1	1
220	216	1
220	215	1
220	214	1
220	213	1
220	212	1
220	211	1
220	210	1
220	209	1
220	208	1
220	207	1
220	206	1
220	205	1
220	204	1
220	203	1
220	202	1
220	201	1
220	200	1
220	199	1
220	198	1
220	197	1
220	196	1
220	195	1
220	194	1
220	193	1
220	192	1
220	191	1
220	190	1
220	189	1
220	188	1
220	187	1
220	186	1
220	185	1
220	184	1
220	183	1
220	182	1
220	181	1
220	180	1
220	179	1
220	178	1
220	177	1
220	176	1
220	175	1
220	174	1
220	173	1
220	172	1
220	171	1
220	170	1
220	169	1
220	168	1
220	167	1
220	166	1
220	165	1
220	164	1
220	163	1
220	162	1
220	161	1
220	160	1
220	159	1
220	158	1
220	157	1
220	156	1
220	155	1
220	154	1
220	153	1
220	152	1
220	151	1
220	150	1
220	149	1
220	148	1
220	147	1
220	146	1
220	145	1
220	144	1
220	143	2
220	142	2
220	141	2
220	140	2
220	139	1
220	138	1
220	137	1
220	136	2
220	135	2
220	134	2
220	133	2
220	132	2
220	131	2
220	130	2
220	129	1
220	128	1
220	127	1
220	126	1
220	125	1
220	124	1
220	123	1
220	122	1
220	121	1
220	120	1
220	119	1
220	118	1
220	117	1
220	116	1
220	115	1
220	114	1
220	113	1
220	112	1
220	111	1
220	110	1
220	109	1
220	108	1
220	107	1
220	106	1
220	105	1
220	104	1
220	103	1
220	102	1
220	101	2
220	100	2
220	99	1
220	98	1
220	97	2
220	96	2
220	95	2
220	94	2
220	93	2
220	92	2
220	91	2
220	90	2
220	89	2
220	88	2
220	87	2
220	86	2
220	85	2
220	84	2
220	83	2
220	82	2
220	81	2
220	80	2
220	79	2
220	78	2
220	77	2
220	76	2
220	75	2
220	74	2
220	73	2
220	72	2
220	71	2
220	70	2
220	69	2
220	68	2
220	67	2
220	66	2
220	65	2
220	64	2
220	63	2
220	62	1
220	61	1
220	60	1
220	59	1
220	58	1
220	57	1
220	56	1
220	55	1
220	54	1
220	53	1
220	52	1
220	51	1
220	50	1
220	49	1
220	48	1
220	47	1
220	46	1
220	45	1
220	44	1
220	43	1
220	42	1
220	41	1
220	40	1
220	39	1
220	38	1
220	37	1
220	36	1
220	35	1
220	34	1
220	33	1
220	32	1
220	31	1
220	30	1
220	29	1
220	28	1
220	27	1
220	26	1
220	25	1
220	24	1
220	23	1
220	22	1
220	21	1
220	20	1
220	19	1
220	18	1
220	17	1
220	16	1
220	15	1
220	14	1
220	13	1
220	12	1
220	11	1
220	10	1
220	9	1
220	8	1
220	7	1
220	6	1
220	5	1
220	4	1
220	3	1
220	2	1
220	1	1
221	216	1
221	215	1
221	214	1
221	213	1
221	212	1
221	211	1
221	210	1
221	209	1
221	208	1
221	207	1
221	206	1
221	205	1
221	204	1
221	203	1
221	202	1
221	201	1
221	200	1
221	199	1
221	198	1
221	197	1
221	196	1
221	195	1
221	194	1
221	193	1
221	192	1
221	191	1
221	190	1
221	189	1
221	188	1
221	187	1
221	186	1
221	185	1
221	184	1
221	183	1
221	182	1
221	181	1
221	180	1
221	179	1
221	178	1
221	177	1
221	176	1
221	175	1
221	174	1
221	173	1
221	172	1
221	171	1
221	170	1
221	169	1
221	168	1
221	167	1
221	166	1
221	165	1
221	164	1
221	163	1
221	162	1
221	161	1
221	160	1
221	159	1
221	158	1
221	157	1
221	156	1
221	155	1
221	154	1
221	153	1
221	152	1
221	151	1
221	150	1
221	149	1
221	148	1
221	147	1
221	146	1
221	145	1
221	144	1
221	143	1
221	142	1
221	141	2
221	140	2
221	139	1
221	138	1
221	137	1
221	136	2
221	135	2
221	134	2
221	133	2
221	132	2
221	131	2
221	130	2
221	129	2
221	128	1
221	127	1
221	126	1
221	125	1
221	124	1
221	123	1
221	122	1
221	121	2
221	120	2
221	119	2
221	118	1
221	117	1
221	116	1
221	115	1
221	114	1
221	113	1
221	112	1
221	111	1
221	110	1
221	109	1
221	108	1
221	107	1
221	106	1
221	105	1
221	104	1
221	103	1
221	102	1
221	101	2
221	100	2
221	99	2
221	98	2
221	97	2
221	96	2
221	95	2
221	94	2
221	93	2
221	92	2
221	91	2
221	90	2
221	89	2
221	88	2
221	87	2
221	86	2
221	85	2
221	84	2
221	83	2
221	82	2
221	81	2
221	80	2
221	79	2
221	78	2
221	77	2
221	76	1
221	75	1
221	74	1
221	73	1
221	72	1
221	71	1
221	70	1
221	69	2
221	68	2
221	67	2
221	66	2
221	65	2
221	64	2
221	63	1
221	62	1
221	61	1
221	60	1
221	59	1
221	58	1
221	57	1
221	56	1
221	55	1
221	54	1
221	53	1
221	52	1
221	51	1
221	50	1
221	49	1
221	48	1
221	47	1
221	46	1
221	45	1
221	44	1
221	43	1
221	42	1
221	41	1
221	40	1
221	39	1
221	38	1
221	37	1
221	36	1
221	35	1
221	34	1
221	33	1
221	32	1
221	31	1
221	30	1
221	29	1
221	28	1
221	27	1
221	26	1
221	25	1
221	24	1
221	23	1
221	22	1
221	21	1
221	20	1
221	19	1
221	18	1
221	17	1
221	16	1
221	15	1
221	14	1
221	13	1
221	12	1
221	11	1
221	10	1
221	9	1
221	8	1
221	7	1
221	6	1
221	5	1
221	4	1
221	3	1
221	2	1
221	1	1
222	216	1
222	215	1
222	214	1
222	213	1
222	212	1
222	211	1
222	210	1
222	209	1
222	208	1
222	207	1
222	206	1
222	205	1
222	204	1
222	203	1
222	202	1
222	201	1
222	200	1
222	199	1
222	198	1
222	197	1
222	196	1
222	195	1
222	194	1
222	193	1
222	192	1
222	191	1
222	190	1
222	189	1
222	188	1
222	187	1
222	186	1
222	185	1
222	184	1
222	183	1
222	182	1
222	181	1
222	180	1
222	179	1
222	178	1
222	177	1
222	176	1
222	175	1
222	174	1
222	173	1
222	172	1
222	171	1
222	170	1
222	169	1
222	168	1
222	167	1
222	166	1
222	165	1
222	164	1
222	163	1
222	162	1
222	161	1
222	160	1
222	159	1
222	158	1
222	157	2
222	156	2
222	155	1
222	154	1
222	153	1
222	152	1
222	151	1
222	150	1
222	149	1
222	148	1
222	147	1
222	146	1
222	145	1
222	144	1
222	143	1
222	142	1
222	141	1
222	140	1
222	139	1
222	138	1
222	137	2
222	136	2
222	135	2
222	134	2
222	133	2
222	132	2
222	131	2
222	130	2
222	129	1
222	128	1
222	127	1
222	126	1
222	125	1
222	124	1
222	123	1
222	122	2
222	121	2
222	120	2
222	119	2
222	118	2
222	117	2
222	116	1
222	115	1
222	114	1
222	113	1
222	112	1
222	111	1
222	110	1
222	109	1
222	108	1
222	107	2
222	106	1
222	105	1
222	104	2
222	103	1
222	102	1
222	101	1
222	100	2
222	99	2
222	98	2
222	97	2
222	96	2
222	95	1
222	94	1
222	93	2
222	92	2
222	91	2
222	90	2
222	89	2
222	88	2
222	87	1
222	86	1
222	85	1
222	84	1
222	83	1
222	82	1
222	81	1
222	80	1
222	79	1
222	78	1
222	77	1
222	76	1
222	75	1
222	74	1
222	73	1
222	72	2
222	71	2
222	70	2
222	69	2
222	68	2
222	67	2
222	66	2
222	65	2
222	64	1
222	63	1
222	62	1
222	61	1
222	60	1
222	59	1
222	58	1
222	57	1
222	56	1
222	55	1
222	54	1
222	53	1
222	52	1
222	51	1
222	50	1
222	49	1
222	48	1
222	47	1
222	46	1
222	45	1
222	44	1
222	43	1
222	42	1
222	41	1
222	40	1
222	39	1
222	38	1
222	37	1
222	36	1
222	35	1
222	34	1
222	33	1
222	32	1
222	31	1
222	30	1
222	29	1
222	28	1
222	27	1
222	26	1
222	25	1
222	24	1
222	23	1
222	22	1
222	21	1
222	20	1
222	19	1
222	18	1
222	17	1
222	16	1
222	15	1
222	14	1
222	13	1
222	12	1
222	11	1
222	10	1
222	9	1
222	8	1
222	7	1
222	6	1
222	5	1
222	4	1
222	3	1
222	2	1
222	1	1
223	216	1
223	215	1
223	214	1
223	213	1
223	212	1
223	211	1
223	210	1
223	209	1
223	208	1
223	207	1
223	206	1
223	205	1
223	204	1
223	203	1
223	202	1
223	201	1
223	200	1
223	199	1
223	198	1
223	197	1
223	196	1
223	195	1
223	194	1
223	193	1
223	192	1
223	191	1
223	190	1
223	189	1
223	188	1
223	187	1
223	186	1
223	185	1
223	184	1
223	183	1
223	182	1
223	181	1
223	180	1
223	179	1
223	178	1
223	177	1
223	176	1
223	175	1
223	174	1
223	173	1
223	172	1
223	171	1
223	170	1
223	169	1
223	168	1
223	167	1
223	166	1
223	165	1
223	164	1
223	163	1
223	162	1
223	161	1
223	160	1
223	159	1
223	158	1
223	157	2
223	156	1
223	155	1
223	154	1
223	153	1
223	152	1
223	151	1
223	150	1
223	149	1
223	148	1
223	147	1
223	146	1
223	145	1
223	144	1
223	143	1
223	142	1
223	141	1
223	140	1
223	139	1
223	138	2
223	137	2
223	136	2
223	135	2
223	134	2
223	133	2
223	132	2
223	131	2
223	130	2
223	129	1
223	128	2
223	127	2
223	126	2
223	125	1
223	124	1
223	123	1
223	122	1
223	121	2
223	120	2
223	119	2
223	118	2
223	117	2
223	116	2
223	115	2
223	114	1
223	113	1
223	112	1
223	111	1
223	110	1
223	109	1
223	108	1
223	107	1
223	106	1
223	105	2
223	104	1
223	103	1
223	102	1
223	101	1
223	100	1
223	99	1
223	98	2
223	97	2
223	96	2
223	95	2
223	94	1
223	93	1
223	92	2
223	91	2
223	90	2
223	89	2
223	88	2
223	87	1
223	86	1
223	85	1
223	84	1
223	83	1
223	82	1
223	81	1
223	80	1
223	79	1
223	78	1
223	77	1
223	76	1
223	75	2
223	74	2
223	73	2
223	72	2
223	71	2
223	70	2
223	69	2
223	68	2
223	67	1
223	66	1
223	65	1
223	64	1
223	63	1
223	62	1
223	61	1
223	60	1
223	59	1
223	58	1
223	57	1
223	56	1
223	55	1
223	54	1
223	53	1
223	52	1
223	51	1
223	50	1
223	49	1
223	48	1
223	47	1
223	46	1
223	45	1
223	44	1
223	43	1
223	42	1
223	41	1
223	40	1
223	39	1
223	38	1
223	37	1
223	36	1
223	35	1
223	34	1
223	33	1
223	32	1
223	31	1
223	30	1
223	29	1
223	28	1
223	27	1
223	26	1
223	25	1
223	24	1
223	23	1
223	22	1
223	21	1
223	20	1
223	19	1
223	18	1
223	17	1
223	16	1
223	15	1
223	14	1
223	13	1
223	12	1
223	11	1
223	10	1
223	9	1
223	8	1
223	7	1
223	6	1
223	5	1
223	4	1
223	3	1
223	2	1
223	1	1
224	216	1
224	215	1
224	214	1
224	213	1
224	212	1
224	211	1
224	210	1
224	209	1
224	208	1
224	207	1
224	206	1
224	205	1
224	204	1
224	203	1
224	202	1
224	201	1
224	200	1
224	199	1
224	198	1
224	197	1
224	196	1
224	195	1
224	194	1
224	193	1
224	192	1
224	191	1
224	190	1
224	189	1
224	188	1
224	187	1
224	186	1
224	185	1
224	184	1
224	183	1
224	182	1
224	181	1
224	180	1
224	179	1
224	178	1
224	177	1
224	176	1
224	175	1
224	174	1
224	173	1
224	172	1
224	171	1
224	170	1
224	169	1
224	168	1
224	167	1
224	166	1
224	165	1
224	164	1
224	163	1
224	162	1
224	161	1
224	160	1
224	159	1
224	158	2
224	157	2
224	156	1
224	155	1
224	154	2
224	153	1
224	152	1
224	151	1
224	150	1
224	149	1
224	148	1
224	147	1
224	146	1
224	145	1
224	144	1
224	143	1
224	142	1
224	141	1
224	140	1
224	139	2
224	138	2
224	137	2
224	136	2
224	135	2
224	134	2
224	133	2
224	132	2
224	131	2
224	130	2
224	129	2
224	128	2
224	127	1
224	126	1
224	125	1
224	124	1
224	123	1
224	122	1
224	121	2
224	120	2
224	119	2
224	118	2
224	117	2
224	116	2
224	115	2
224	114	2
224	113	2
224	112	1
224	111	1
224	110	1
224	109	1
224	108	1
224	107	1
224	106	1
224	105	1
224	104	1
224	103	1
224	102	1
224	101	1
224	100	1
224	99	1
224	98	1
224	97	1
224	96	1
224	95	2
224	94	2
224	93	2
224	92	2
224	91	2
224	90	2
224	89	2
224	88	2
224	87	1
224	86	1
224	85	1
224	84	1
224	83	2
224	82	1
224	81	1
224	80	1
224	79	2
224	78	2
224	77	2
224	76	2
224	75	2
224	74	2
224	73	2
224	72	2
224	71	2
224	70	2
224	69	1
224	68	1
224	67	1
224	66	1
224	65	1
224	64	1
224	63	1
224	62	1
224	61	1
224	60	1
224	59	1
224	58	1
224	57	1
224	56	1
224	55	1
224	54	1
224	53	1
224	52	1
224	51	1
224	50	1
224	49	1
224	48	1
224	47	1
224	46	1
224	45	1
224	44	1
224	43	1
224	42	1
224	41	1
224	40	1
224	39	1
224	38	1
224	37	1
224	36	1
224	35	1
224	34	1
224	33	1
224	32	1
224	31	1
224	30	1
224	29	1
224	28	1
224	27	1
224	26	1
224	25	1
224	24	1
224	23	1
224	22	1
224	21	1
224	20	1
224	19	1
224	18	1
224	17	1
224	16	1
224	15	1
224	14	1
224	13	1
224	12	1
224	11	1
224	10	1
224	9	1
224	8	1
224	7	1
224	6	1
224	5	1
224	4	1
224	3	1
224	2	1
224	1	1
225	216	1
225	215	1
225	214	1
225	213	1
225	212	1
225	211	1
225	210	1
225	209	1
225	208	1
225	207	1
225	206	1
225	205	1
225	204	1
225	203	1
225	202	1
225	201	1
225	200	1
225	199	1
225	198	1
225	197	1
225	196	1
225	195	1
225	194	1
225	193	1
225	192	1
225	191	1
225	190	1
225	189	1
225	188	1
225	187	1
225	186	1
225	185	1
225	184	1
225	183	1
225	182	1
225	181	1
225	180	1
225	179	1
225	178	1
225	177	1
225	176	1
225	175	1
225	174	1
225	173	1
225	172	1
225	171	1
225	170	1
225	169	1
225	168	1
225	167	1
225	166	1
225	165	1
225	164	1
225	163	1
225	162	1
225	161	1
225	160	1
225	159	1
225	158	2
225	157	2
225	156	1
225	155	1
225	154	2
225	153	2
225	152	1
225	151	1
225	150	1
225	149	2
225	148	1
225	147	1
225	146	1
225	145	1
225	144	1
225	143	1
225	142	1
225	141	1
225	140	1
225	139	1
225	138	2
225	137	1
225	136	1
225	135	2
225	134	2
225	133	2
225	132	2
225	131	2
225	130	2
225	129	2
225	128	1
225	127	1
225	126	1
225	125	1
225	124	1
225	123	1
225	122	1
225	121	1
225	120	2
225	119	2
225	118	2
225	117	2
225	116	2
225	115	2
225	114	2
225	113	2
225	112	2
225	111	1
225	110	1
225	109	1
225	108	1
225	107	1
225	106	1
225	105	1
225	104	1
225	103	1
225	102	1
225	101	1
225	100	1
225	99	1
225	98	1
225	97	1
225	96	1
225	95	1
225	94	1
225	93	2
225	92	2
225	91	2
225	90	2
225	89	2
225	88	2
225	87	1
225	86	2
225	85	2
225	84	2
225	83	2
225	82	2
225	81	2
225	80	2
225	79	2
225	78	2
225	77	2
225	76	2
225	75	2
225	74	2
225	73	2
225	72	2
225	71	1
225	70	1
225	69	1
225	68	1
225	67	1
225	66	1
225	65	1
225	64	1
225	63	1
225	62	1
225	61	1
225	60	1
225	59	1
225	58	1
225	57	1
225	56	1
225	55	1
225	54	1
225	53	1
225	52	1
225	51	1
225	50	1
225	49	1
225	48	1
225	47	1
225	46	1
225	45	1
225	44	1
225	43	1
225	42	1
225	41	1
225	40	1
225	39	1
225	38	1
225	37	1
225	36	1
225	35	1
225	34	1
225	33	1
225	32	1
225	31	1
225	30	1
225	29	1
225	28	1
225	27	1
225	26	1
225	25	1
225	24	1
225	23	1
225	22	1
225	21	1
225	20	1
225	19	1
225	18	1
225	17	1
225	16	1
225	15	1
225	14	1
225	13	1
225	12	1
225	11	1
225	10	1
225	9	1
225	8	1
225	7	1
225	6	1
225	5	1
225	4	1
225	3	1
225	2	1
225	1	1
226	216	1
226	215	1
226	214	1
226	213	1
226	212	1
226	211	1
226	210	1
226	209	1
226	208	1
226	207	1
226	206	1
226	205	1
226	204	1
226	203	1
226	202	1
226	201	1
226	200	1
226	199	1
226	198	1
226	197	1
226	196	1
226	195	1
226	194	1
226	193	1
226	192	1
226	191	1
226	190	1
226	189	1
226	188	1
226	187	1
226	186	1
226	185	1
226	184	1
226	183	1
226	182	1
226	181	1
226	180	1
226	179	1
226	178	1
226	177	1
226	176	1
226	175	1
226	174	1
226	173	1
226	172	1
226	171	1
226	170	1
226	169	1
226	168	1
226	167	1
226	166	1
226	165	1
226	164	1
226	163	1
226	162	1
226	161	1
226	160	1
226	159	2
226	158	1
226	157	2
226	156	1
226	155	1
226	154	1
226	153	1
226	152	1
226	151	1
226	150	1
226	149	1
226	148	1
226	147	1
226	146	1
226	145	1
226	144	1
226	143	1
226	142	1
226	141	1
226	140	1
226	139	1
226	138	1
226	137	1
226	136	1
226	135	1
226	134	2
226	133	2
226	132	2
226	131	2
226	130	2
226	129	1
226	128	1
226	127	1
226	126	1
226	125	1
226	124	1
226	123	1
226	122	1
226	121	1
226	120	1
226	119	1
226	118	2
226	117	2
226	116	2
226	115	2
226	114	2
226	113	2
226	112	2
226	111	2
226	110	2
226	109	1
226	108	1
226	107	1
226	106	1
226	105	1
226	104	1
226	103	1
226	102	1
226	101	1
226	100	1
226	99	1
226	98	1
226	97	1
226	96	1
226	95	1
226	94	1
226	93	2
226	92	2
226	91	2
226	90	2
226	89	2
226	88	2
226	87	2
226	86	2
226	85	2
226	84	2
226	83	2
226	82	2
226	81	2
226	80	2
226	79	2
226	78	2
226	77	2
226	76	2
226	75	2
226	74	1
226	73	1
226	72	1
226	71	1
226	70	1
226	69	1
226	68	1
226	67	1
226	66	1
226	65	1
226	64	1
226	63	1
226	62	1
226	61	1
226	60	1
226	59	1
226	58	1
226	57	1
226	56	1
226	55	1
226	54	2
226	53	2
226	52	1
226	51	1
226	50	1
226	49	1
226	48	1
226	47	1
226	46	1
226	45	1
226	44	1
226	43	1
226	42	1
226	41	1
226	40	1
226	39	1
226	38	1
226	37	1
226	36	1
226	35	1
226	34	1
226	33	1
226	32	1
226	31	1
226	30	1
226	29	1
226	28	1
226	27	1
226	26	1
226	25	1
226	24	1
226	23	1
226	22	1
226	21	1
226	20	1
226	19	1
226	18	1
226	17	1
226	16	1
226	15	1
226	14	1
226	13	1
226	12	1
226	11	1
226	10	1
226	9	1
226	8	1
226	7	1
226	6	1
226	5	1
226	4	1
226	3	1
226	2	1
226	1	1
227	216	1
227	215	1
227	214	1
227	213	1
227	212	1
227	211	1
227	210	1
227	209	1
227	208	1
227	207	1
227	206	1
227	205	1
227	204	1
227	203	1
227	202	1
227	201	1
227	200	1
227	199	1
227	198	1
227	197	1
227	196	1
227	195	1
227	194	1
227	193	1
227	192	1
227	191	1
227	190	1
227	189	1
227	188	1
227	187	1
227	186	1
227	185	1
227	184	1
227	183	1
227	182	1
227	181	1
227	180	1
227	179	1
227	178	1
227	177	1
227	176	1
227	175	1
227	174	1
227	173	1
227	172	1
227	171	1
227	170	1
227	169	1
227	168	1
227	167	1
227	166	1
227	165	1
227	164	1
227	163	1
227	162	1
227	161	1
227	160	2
227	159	1
227	158	1
227	157	1
227	156	1
227	155	1
227	154	1
227	153	1
227	152	2
227	151	1
227	150	1
227	149	1
227	148	1
227	147	1
227	146	1
227	145	1
227	144	1
227	143	1
227	142	1
227	141	1
227	140	1
227	139	1
227	138	1
227	137	1
227	136	1
227	135	1
227	134	2
227	133	2
227	132	2
227	131	2
227	130	2
227	129	2
227	128	1
227	127	1
227	126	1
227	125	1
227	124	1
227	123	2
227	122	2
227	121	2
227	120	2
227	119	1
227	118	1
227	117	1
227	116	2
227	115	2
227	114	2
227	113	2
227	112	1
227	111	2
227	110	2
227	109	2
227	108	1
227	107	1
227	106	1
227	105	1
227	104	1
227	103	1
227	102	1
227	101	1
227	100	1
227	99	1
227	98	1
227	97	1
227	96	1
227	95	2
227	94	2
227	93	2
227	92	2
227	91	2
227	90	2
227	89	2
227	88	2
227	87	2
227	86	2
227	85	2
227	84	2
227	83	2
227	82	2
227	81	2
227	80	2
227	79	2
227	78	2
227	77	1
227	76	1
227	75	1
227	74	1
227	73	1
227	72	1
227	71	1
227	70	1
227	69	1
227	68	1
227	67	1
227	66	1
227	65	1
227	64	1
227	63	1
227	62	1
227	61	1
227	60	1
227	59	1
227	58	1
227	57	1
227	56	1
227	55	2
227	54	2
227	53	1
227	52	1
227	51	1
227	50	1
227	49	1
227	48	1
227	47	1
227	46	1
227	45	1
227	44	1
227	43	1
227	42	1
227	41	1
227	40	1
227	39	1
227	38	1
227	37	1
227	36	1
227	35	1
227	34	1
227	33	1
227	32	1
227	31	1
227	30	1
227	29	1
227	28	1
227	27	1
227	26	1
227	25	1
227	24	1
227	23	1
227	22	1
227	21	1
227	20	1
227	19	1
227	18	1
227	17	1
227	16	1
227	15	1
227	14	1
227	13	1
227	12	1
227	11	1
227	10	1
227	9	1
227	8	1
227	7	1
227	6	1
227	5	1
227	4	1
227	3	1
227	2	1
227	1	1
228	216	1
228	215	1
228	214	1
228	213	1
228	212	1
228	211	1
228	210	1
228	209	1
228	208	1
228	207	1
228	206	1
228	205	1
228	204	1
228	203	1
228	202	1
228	201	1
228	200	1
228	199	1
228	198	1
228	197	1
228	196	1
228	195	1
228	194	1
228	193	1
228	192	1
228	191	1
228	190	1
228	189	1
228	188	1
228	187	1
228	186	1
228	185	1
228	184	1
228	183	1
228	182	1
228	181	1
228	180	1
228	179	1
228	178	1
228	177	1
228	176	1
228	175	1
228	174	1
228	173	1
228	172	1
228	171	1
228	170	1
228	169	1
228	168	1
228	167	1
228	166	1
228	165	1
228	164	1
228	163	1
228	162	1
228	161	2
228	160	1
228	159	1
228	158	1
228	157	1
228	156	1
228	155	1
228	154	1
228	153	1
228	152	1
228	151	1
228	150	1
228	149	1
228	148	1
228	147	1
228	146	1
228	145	1
228	144	1
228	143	1
228	142	1
228	141	1
228	140	1
228	139	1
228	138	1
228	137	1
228	136	1
228	135	1
228	134	1
228	133	2
228	132	2
228	131	2
228	130	2
228	129	2
228	128	1
228	127	1
228	126	1
228	125	1
228	124	1
228	123	2
228	122	2
228	121	2
228	120	2
228	119	2
228	118	1
228	117	2
228	116	2
228	115	2
228	114	2
228	113	2
228	112	2
228	111	2
228	110	2
228	109	2
228	108	1
228	107	1
228	106	1
228	105	1
228	104	1
228	103	1
228	102	1
228	101	1
228	100	1
228	99	1
228	98	1
228	97	1
228	96	1
228	95	2
228	94	2
228	93	2
228	92	2
228	91	2
228	90	2
228	89	2
228	88	2
228	87	2
228	86	2
228	85	2
228	84	2
228	83	2
228	82	2
228	81	2
228	80	1
228	79	1
228	78	1
228	77	1
228	76	1
228	75	1
228	74	1
228	73	1
228	72	1
228	71	1
228	70	1
228	69	1
228	68	1
228	67	1
228	66	1
228	65	1
228	64	1
228	63	1
228	62	1
228	61	1
228	60	1
228	59	1
228	58	1
228	57	1
228	56	1
228	55	2
228	54	2
228	53	1
228	52	1
228	51	1
228	50	1
228	49	1
228	48	1
228	47	1
228	46	1
228	45	1
228	44	1
228	43	1
228	42	1
228	41	1
228	40	1
228	39	1
228	38	1
228	37	1
228	36	1
228	35	1
228	34	1
228	33	1
228	32	1
228	31	1
228	30	1
228	29	1
228	28	1
228	27	1
228	26	1
228	25	1
228	24	1
228	23	1
228	22	1
228	21	1
228	20	1
228	19	1
228	18	1
228	17	1
228	16	1
228	15	1
228	14	1
228	13	1
228	12	1
228	11	1
228	10	1
228	9	1
228	8	1
228	7	1
228	6	1
228	5	1
228	4	1
228	3	1
228	2	1
228	1	1
229	216	1
229	215	1
229	214	1
229	213	1
229	212	1
229	211	1
229	210	1
229	209	1
229	208	1
229	207	1
229	206	1
229	205	1
229	204	1
229	203	1
229	202	1
229	201	1
229	200	1
229	199	1
229	198	1
229	197	1
229	196	1
229	195	1
229	194	1
229	193	1
229	192	1
229	191	1
229	190	1
229	189	1
229	188	1
229	187	1
229	186	1
229	185	1
229	184	1
229	183	1
229	182	1
229	181	1
229	180	1
229	179	1
229	178	1
229	177	1
229	176	1
229	175	1
229	174	1
229	173	1
229	172	1
229	171	1
229	170	1
229	169	1
229	168	1
229	167	1
229	166	1
229	165	1
229	164	1
229	163	1
229	162	1
229	161	2
229	160	1
229	159	1
229	158	1
229	157	1
229	156	1
229	155	1
229	154	1
229	153	1
229	152	1
229	151	1
229	150	1
229	149	1
229	148	1
229	147	1
229	146	1
229	145	1
229	144	1
229	143	1
229	142	1
229	141	1
229	140	1
229	139	1
229	138	1
229	137	1
229	136	1
229	135	2
229	134	2
229	133	2
229	132	2
229	131	2
229	130	2
229	129	2
229	128	1
229	127	1
229	126	1
229	125	1
229	124	1
229	123	2
229	122	2
229	121	2
229	120	2
229	119	2
229	118	2
229	117	2
229	116	2
229	115	2
229	114	2
229	113	2
229	112	2
229	111	2
229	110	2
229	109	2
229	108	2
229	107	2
229	106	2
229	105	2
229	104	2
229	103	2
229	102	1
229	101	1
229	100	1
229	99	1
229	98	1
229	97	1
229	96	1
229	95	2
229	94	2
229	93	2
229	92	2
229	91	2
229	90	2
229	89	2
229	88	2
229	87	2
229	86	2
229	85	2
229	84	1
229	83	1
229	82	1
229	81	1
229	80	1
229	79	1
229	78	1
229	77	1
229	76	1
229	75	1
229	74	1
229	73	1
229	72	1
229	71	1
229	70	1
229	69	1
229	68	1
229	67	1
229	66	1
229	65	1
229	64	1
229	63	1
229	62	1
229	61	1
229	60	1
229	59	1
229	58	1
229	57	1
229	56	1
229	55	2
229	54	2
229	53	2
229	52	1
229	51	1
229	50	1
229	49	1
229	48	1
229	47	1
229	46	1
229	45	1
229	44	1
229	43	1
229	42	1
229	41	1
229	40	1
229	39	1
229	38	1
229	37	1
229	36	1
229	35	1
229	34	1
229	33	1
229	32	1
229	31	1
229	30	1
229	29	1
229	28	1
229	27	1
229	26	1
229	25	1
229	24	1
229	23	1
229	22	1
229	21	1
229	20	1
229	19	1
229	18	1
229	17	1
229	16	1
229	15	1
229	14	1
229	13	1
229	12	1
229	11	1
229	10	1
229	9	1
229	8	1
229	7	1
229	6	1
229	5	1
229	4	1
229	3	1
229	2	1
229	1	1
230	216	1
230	215	1
230	214	1
230	213	1
230	212	1
230	211	1
230	210	1
230	209	1
230	208	1
230	207	1
230	206	1
230	205	1
230	204	1
230	203	1
230	202	1
230	201	1
230	200	1
230	199	1
230	198	1
230	197	1
230	196	1
230	195	1
230	194	1
230	193	1
230	192	1
230	191	1
230	190	1
230	189	1
230	188	1
230	187	1
230	186	1
230	185	1
230	184	1
230	183	1
230	182	1
230	181	1
230	180	1
230	179	1
230	178	1
230	177	1
230	176	1
230	175	1
230	174	1
230	173	1
230	172	1
230	171	1
230	170	1
230	169	1
230	168	1
230	167	1
230	166	1
230	165	1
230	164	1
230	163	1
230	162	2
230	161	1
230	160	1
230	159	1
230	158	1
230	157	1
230	156	1
230	155	1
230	154	1
230	153	1
230	152	1
230	151	1
230	150	1
230	149	1
230	148	1
230	147	1
230	146	1
230	145	1
230	144	1
230	143	1
230	142	1
230	141	1
230	140	1
230	139	1
230	138	1
230	137	1
230	136	1
230	135	2
230	134	2
230	133	2
230	132	2
230	131	2
230	130	1
230	129	2
230	128	1
230	127	1
230	126	1
230	125	1
230	124	1
230	123	2
230	122	2
230	121	2
230	120	2
230	119	2
230	118	2
230	117	2
230	116	2
230	115	2
230	114	2
230	113	2
230	112	2
230	111	2
230	110	2
230	109	2
230	108	2
230	107	2
230	106	2
230	105	2
230	104	2
230	103	2
230	102	2
230	101	2
230	100	2
230	99	1
230	98	1
230	97	1
230	96	1
230	95	1
230	94	2
230	93	2
230	92	2
230	91	2
230	90	2
230	89	2
230	88	2
230	87	1
230	86	1
230	85	1
230	84	1
230	83	1
230	82	1
230	81	1
230	80	1
230	79	1
230	78	1
230	77	1
230	76	1
230	75	1
230	74	1
230	73	1
230	72	1
230	71	1
230	70	1
230	69	1
230	68	1
230	67	1
230	66	1
230	65	1
230	64	1
230	63	1
230	62	1
230	61	1
230	60	1
230	59	1
230	58	1
230	57	1
230	56	2
230	55	2
230	54	2
230	53	1
230	52	1
230	51	1
230	50	1
230	49	1
230	48	1
230	47	1
230	46	1
230	45	1
230	44	1
230	43	1
230	42	1
230	41	1
230	40	1
230	39	1
230	38	1
230	37	1
230	36	1
230	35	1
230	34	1
230	33	1
230	32	1
230	31	1
230	30	1
230	29	1
230	28	1
230	27	1
230	26	1
230	25	1
230	24	1
230	23	1
230	22	1
230	21	1
230	20	1
230	19	1
230	18	1
230	17	1
230	16	1
230	15	1
230	14	1
230	13	1
230	12	1
230	11	1
230	10	1
230	9	1
230	8	1
230	7	1
230	6	1
230	5	1
230	4	1
230	3	1
230	2	1
230	1	1
231	216	1
231	215	1
231	214	1
231	213	1
231	212	1
231	211	1
231	210	1
231	209	1
231	208	1
231	207	1
231	206	1
231	205	1
231	204	1
231	203	1
231	202	1
231	201	1
231	200	1
231	199	1
231	198	1
231	197	1
231	196	1
231	195	1
231	194	1
231	193	1
231	192	1
231	191	1
231	190	1
231	189	1
231	188	1
231	187	1
231	186	1
231	185	1
231	184	1
231	183	1
231	182	1
231	181	1
231	180	1
231	179	1
231	178	1
231	177	1
231	176	1
231	175	1
231	174	1
231	173	1
231	172	1
231	171	1
231	170	1
231	169	1
231	168	1
231	167	1
231	166	1
231	165	1
231	164	1
231	163	2
231	162	1
231	161	1
231	160	1
231	159	1
231	158	1
231	157	1
231	156	1
231	155	1
231	154	1
231	153	1
231	152	1
231	151	1
231	150	1
231	149	1
231	148	1
231	147	1
231	146	1
231	145	1
231	144	1
231	143	1
231	142	1
231	141	1
231	140	1
231	139	1
231	138	1
231	137	1
231	136	1
231	135	1
231	134	1
231	133	1
231	132	2
231	131	2
231	130	2
231	129	2
231	128	2
231	127	1
231	126	1
231	125	1
231	124	1
231	123	2
231	122	2
231	121	2
231	120	1
231	119	2
231	118	2
231	117	2
231	116	2
231	115	2
231	114	2
231	113	2
231	112	2
231	111	2
231	110	2
231	109	2
231	108	2
231	107	2
231	106	2
231	105	2
231	104	2
231	103	2
231	102	2
231	101	2
231	100	2
231	99	2
231	98	2
231	97	2
231	96	2
231	95	1
231	94	2
231	93	2
231	92	2
231	91	2
231	90	2
231	89	2
231	88	2
231	87	1
231	86	1
231	85	1
231	84	1
231	83	1
231	82	1
231	81	1
231	80	1
231	79	1
231	78	1
231	77	1
231	76	1
231	75	1
231	74	1
231	73	1
231	72	1
231	71	1
231	70	1
231	69	1
231	68	1
231	67	1
231	66	1
231	65	1
231	64	1
231	63	1
231	62	1
231	61	1
231	60	1
231	59	1
231	58	1
231	57	1
231	56	2
231	55	2
231	54	1
231	53	1
231	52	1
231	51	1
231	50	1
231	49	1
231	48	1
231	47	1
231	46	1
231	45	1
231	44	1
231	43	1
231	42	1
231	41	1
231	40	1
231	39	1
231	38	1
231	37	1
231	36	1
231	35	1
231	34	1
231	33	1
231	32	1
231	31	1
231	30	1
231	29	1
231	28	1
231	27	1
231	26	1
231	25	1
231	24	1
231	23	1
231	22	1
231	21	1
231	20	1
231	19	1
231	18	1
231	17	1
231	16	1
231	15	1
231	14	1
231	13	1
231	12	1
231	11	1
231	10	1
231	9	1
231	8	1
231	7	1
231	6	1
231	5	1
231	4	1
231	3	1
231	2	1
231	1	1
232	216	1
232	215	1
232	214	1
232	213	1
232	212	1
232	211	1
232	210	1
232	209	1
232	208	1
232	207	1
232	206	1
232	205	1
232	204	1
232	203	1
232	202	1
232	201	1
232	200	1
232	199	1
232	198	1
232	197	1
232	196	1
232	195	1
232	194	1
232	193	1
232	192	1
232	191	1
232	190	1
232	189	1
232	188	1
232	187	1
232	186	1
232	185	1
232	184	1
232	183	1
232	182	1
232	181	1
232	180	1
232	179	1
232	178	1
232	177	1
232	176	1
232	175	1
232	174	1
232	173	1
232	172	1
232	171	1
232	170	1
232	169	1
232	168	1
232	167	2
232	166	1
232	165	1
232	164	1
232	163	1
232	162	1
232	161	1
232	160	1
232	159	1
232	158	1
232	157	1
232	156	1
232	155	1
232	154	1
232	153	1
232	152	1
232	151	1
232	150	1
232	149	1
232	148	1
232	147	1
232	146	1
232	145	1
232	144	1
232	143	1
232	142	1
232	141	1
232	140	1
232	139	1
232	138	1
232	137	1
232	136	1
232	135	1
232	134	1
232	133	2
232	132	2
232	131	2
232	130	2
232	129	2
232	128	2
232	127	2
232	126	2
232	125	2
232	124	2
232	123	2
232	122	2
232	121	2
232	120	1
232	119	1
232	118	2
232	117	2
232	116	2
232	115	2
232	114	2
232	113	2
232	112	2
232	111	2
232	110	2
232	109	2
232	108	2
232	107	2
232	106	2
232	105	2
232	104	2
232	103	2
232	102	2
232	101	2
232	100	2
232	99	2
232	98	2
232	97	2
232	96	2
232	95	2
232	94	2
232	93	2
232	92	2
232	91	2
232	90	2
232	89	2
232	88	2
232	87	1
232	86	1
232	85	1
232	84	1
232	83	1
232	82	1
232	81	1
232	80	1
232	79	1
232	78	2
232	77	1
232	76	1
232	75	1
232	74	2
232	73	1
232	72	1
232	71	1
232	70	1
232	69	1
232	68	1
232	67	1
232	66	1
232	65	1
232	64	1
232	63	1
232	62	2
232	61	1
232	60	1
232	59	1
232	58	1
232	57	1
232	56	2
232	55	2
232	54	1
232	53	1
232	52	1
232	51	1
232	50	1
232	49	1
232	48	1
232	47	1
232	46	1
232	45	1
232	44	1
232	43	1
232	42	1
232	41	1
232	40	1
232	39	1
232	38	1
232	37	1
232	36	1
232	35	1
232	34	1
232	33	1
232	32	1
232	31	1
232	30	1
232	29	1
232	28	1
232	27	1
232	26	1
232	25	1
232	24	1
232	23	1
232	22	1
232	21	1
232	20	1
232	19	1
232	18	1
232	17	1
232	16	1
232	15	1
232	14	1
232	13	1
232	12	1
232	11	1
232	10	1
232	9	1
232	8	1
232	7	1
232	6	1
232	5	1
232	4	1
232	3	1
232	2	1
232	1	1
233	216	1
233	215	1
233	214	1
233	213	1
233	212	1
233	211	1
233	210	1
233	209	1
233	208	1
233	207	1
233	206	1
233	205	1
233	204	1
233	203	1
233	202	1
233	201	1
233	200	1
233	199	1
233	198	1
233	197	1
233	196	1
233	195	1
233	194	1
233	193	1
233	192	1
233	191	1
233	190	1
233	189	1
233	188	1
233	187	1
233	186	1
233	185	1
233	184	1
233	183	1
233	182	1
233	181	1
233	180	1
233	179	1
233	178	1
233	177	1
233	176	1
233	175	1
233	174	1
233	173	1
233	172	1
233	171	1
233	170	1
233	169	1
233	168	1
233	167	1
233	166	1
233	165	1
233	164	1
233	163	1
233	162	1
233	161	1
233	160	1
233	159	1
233	158	1
233	157	1
233	156	1
233	155	1
233	154	2
233	153	1
233	152	1
233	151	1
233	150	1
233	149	1
233	148	1
233	147	1
233	146	1
233	145	1
233	144	1
233	143	1
233	142	1
233	141	1
233	140	1
233	139	1
233	138	1
233	137	1
233	136	1
233	135	1
233	134	1
233	133	1
233	132	2
233	131	2
233	130	2
233	129	2
233	128	2
233	127	2
233	126	2
233	125	2
233	124	2
233	123	2
233	122	2
233	121	1
233	120	1
233	119	1
233	118	1
233	117	1
233	116	2
233	115	2
233	114	2
233	113	2
233	112	2
233	111	2
233	110	2
233	109	2
233	108	2
233	107	2
233	106	2
233	105	2
233	104	2
233	103	2
233	102	2
233	101	2
233	100	2
233	99	2
233	98	2
233	97	2
233	96	2
233	95	2
233	94	2
233	93	2
233	92	2
233	91	2
233	90	2
233	89	1
233	88	1
233	87	1
233	86	1
233	85	1
233	84	1
233	83	1
233	82	1
233	81	1
233	80	1
233	79	1
233	78	1
233	77	1
233	76	1
233	75	1
233	74	1
233	73	1
233	72	1
233	71	1
233	70	1
233	69	1
233	68	1
233	67	1
233	66	1
233	65	1
233	64	1
233	63	1
233	62	1
233	61	1
233	60	1
233	59	1
233	58	1
233	57	2
233	56	2
233	55	1
233	54	1
233	53	1
233	52	1
233	51	1
233	50	1
233	49	1
233	48	1
233	47	1
233	46	1
233	45	1
233	44	1
233	43	1
233	42	1
233	41	1
233	40	1
233	39	1
233	38	1
233	37	1
233	36	1
233	35	1
233	34	2
233	33	1
233	32	1
233	31	1
233	30	1
233	29	1
233	28	1
233	27	1
233	26	1
233	25	1
233	24	1
233	23	1
233	22	1
233	21	1
233	20	1
233	19	1
233	18	1
233	17	1
233	16	1
233	15	1
233	14	1
233	13	1
233	12	1
233	11	1
233	10	1
233	9	1
233	8	1
233	7	1
233	6	1
233	5	1
233	4	1
233	3	1
233	2	1
233	1	1
234	216	1
234	215	1
234	214	1
234	213	1
234	212	1
234	211	1
234	210	1
234	209	1
234	208	1
234	207	1
234	206	1
234	205	1
234	204	1
234	203	1
234	202	1
234	201	1
234	200	1
234	199	1
234	198	1
234	197	1
234	196	1
234	195	1
234	194	1
234	193	1
234	192	1
234	191	1
234	190	1
234	189	1
234	188	1
234	187	1
234	186	1
234	185	1
234	184	1
234	183	1
234	182	1
234	181	1
234	180	1
234	179	1
234	178	1
234	177	1
234	176	1
234	175	1
234	174	1
234	173	1
234	172	1
234	171	1
234	170	1
234	169	1
234	168	1
234	167	1
234	166	1
234	165	2
234	164	1
234	163	1
234	162	1
234	161	1
234	160	1
234	159	1
234	158	1
234	157	2
234	156	1
234	155	2
234	154	1
234	153	1
234	152	1
234	151	1
234	150	1
234	149	1
234	148	1
234	147	1
234	146	1
234	145	1
234	144	1
234	143	1
234	142	1
234	141	1
234	140	1
234	139	1
234	138	1
234	137	1
234	136	1
234	135	1
234	134	1
234	133	1
234	132	1
234	131	2
234	130	2
234	129	2
234	128	2
234	127	2
234	126	2
234	125	2
234	124	2
234	123	2
234	122	1
234	121	1
234	120	1
234	119	1
234	118	1
234	117	1
234	116	1
234	115	1
234	114	2
234	113	2
234	112	2
234	111	2
234	110	2
234	109	2
234	108	2
234	107	2
234	106	2
234	105	2
234	104	2
234	103	2
234	102	2
234	101	2
234	100	2
234	99	2
234	98	2
234	97	2
234	96	2
234	95	2
234	94	2
234	93	2
234	92	2
234	91	2
234	90	2
234	89	1
234	88	1
234	87	1
234	86	1
234	85	1
234	84	1
234	83	1
234	82	1
234	81	1
234	80	1
234	79	1
234	78	1
234	77	1
234	76	1
234	75	1
234	74	1
234	73	1
234	72	1
234	71	1
234	70	1
234	69	1
234	68	1
234	67	1
234	66	1
234	65	1
234	64	1
234	63	1
234	62	1
234	61	1
234	60	1
234	59	1
234	58	1
234	57	2
234	56	2
234	55	1
234	54	1
234	53	1
234	52	1
234	51	1
234	50	1
234	49	1
234	48	1
234	47	1
234	46	1
234	45	1
234	44	1
234	43	1
234	42	1
234	41	1
234	40	1
234	39	1
234	38	1
234	37	1
234	36	1
234	35	2
234	34	2
234	33	1
234	32	1
234	31	1
234	30	1
234	29	1
234	28	1
234	27	1
234	26	1
234	25	1
234	24	1
234	23	1
234	22	1
234	21	1
234	20	1
234	19	1
234	18	1
234	17	1
234	16	1
234	15	1
234	14	1
234	13	1
234	12	1
234	11	1
234	10	1
234	9	1
234	8	1
234	7	1
234	6	1
234	5	1
234	4	1
234	3	1
234	2	1
234	1	1
235	216	1
235	215	1
235	214	1
235	213	1
235	212	1
235	211	1
235	210	1
235	209	1
235	208	1
235	207	1
235	206	1
235	205	1
235	204	1
235	203	1
235	202	1
235	201	1
235	200	1
235	199	1
235	198	1
235	197	1
235	196	1
235	195	1
235	194	1
235	193	1
235	192	1
235	191	1
235	190	1
235	189	1
235	188	1
235	187	1
235	186	1
235	185	1
235	184	1
235	183	1
235	182	1
235	181	1
235	180	1
235	179	1
235	178	1
235	177	1
235	176	1
235	175	1
235	174	1
235	173	1
235	172	1
235	171	1
235	170	1
235	169	1
235	168	1
235	167	1
235	166	1
235	165	1
235	164	1
235	163	1
235	162	1
235	161	1
235	160	1
235	159	1
235	158	1
235	157	2
235	156	2
235	155	2
235	154	2
235	153	1
235	152	1
235	151	1
235	150	1
235	149	1
235	148	1
235	147	1
235	146	1
235	145	2
235	144	1
235	143	1
235	142	1
235	141	1
235	140	1
235	139	1
235	138	1
235	137	1
235	136	1
235	135	1
235	134	1
235	133	1
235	132	1
235	131	2
235	130	2
235	129	2
235	128	2
235	127	2
235	126	2
235	125	1
235	124	2
235	123	2
235	122	1
235	121	1
235	120	1
235	119	1
235	118	1
235	117	1
235	116	1
235	115	1
235	114	1
235	113	1
235	112	2
235	111	2
235	110	2
235	109	2
235	108	2
235	107	2
235	106	2
235	105	2
235	104	2
235	103	2
235	102	2
235	101	2
235	100	2
235	99	2
235	98	2
235	97	2
235	96	2
235	95	2
235	94	2
235	93	2
235	92	2
235	91	2
235	90	2
235	89	1
235	88	1
235	87	1
235	86	1
235	85	1
235	84	1
235	83	1
235	82	1
235	81	1
235	80	1
235	79	1
235	78	1
235	77	1
235	76	1
235	75	1
235	74	1
235	73	1
235	72	1
235	71	1
235	70	1
235	69	1
235	68	1
235	67	1
235	66	1
235	65	1
235	64	1
235	63	1
235	62	1
235	61	1
235	60	1
235	59	1
235	58	1
235	57	1
235	56	1
235	55	1
235	54	2
235	53	1
235	52	1
235	51	1
235	50	1
235	49	1
235	48	1
235	47	1
235	46	1
235	45	1
235	44	1
235	43	1
235	42	1
235	41	1
235	40	1
235	39	1
235	38	1
235	37	1
235	36	1
235	35	2
235	34	1
235	33	1
235	32	1
235	31	1
235	30	1
235	29	1
235	28	1
235	27	1
235	26	1
235	25	1
235	24	1
235	23	1
235	22	1
235	21	1
235	20	1
235	19	1
235	18	1
235	17	1
235	16	1
235	15	1
235	14	1
235	13	1
235	12	1
235	11	1
235	10	1
235	9	1
235	8	1
235	7	1
235	6	1
235	5	1
235	4	1
235	3	1
235	2	1
235	1	1
236	216	1
236	215	1
236	214	1
236	213	1
236	212	1
236	211	1
236	210	1
236	209	1
236	208	1
236	207	1
236	206	1
236	205	1
236	204	1
236	203	1
236	202	1
236	201	1
236	200	1
236	199	1
236	198	1
236	197	1
236	196	1
236	195	1
236	194	1
236	193	1
236	192	1
236	191	1
236	190	1
236	189	1
236	188	1
236	187	1
236	186	1
236	185	1
236	184	1
236	183	1
236	182	1
236	181	1
236	180	1
236	179	1
236	178	1
236	177	1
236	176	1
236	175	1
236	174	1
236	173	1
236	172	1
236	171	1
236	170	1
236	169	1
236	168	1
236	167	1
236	166	1
236	165	1
236	164	1
236	163	1
236	162	1
236	161	1
236	160	1
236	159	1
236	158	1
236	157	2
236	156	2
236	155	2
236	154	2
236	153	1
236	152	1
236	151	1
236	150	1
236	149	1
236	148	1
236	147	1
236	146	1
236	145	1
236	144	1
236	143	1
236	142	1
236	141	1
236	140	1
236	139	1
236	138	1
236	137	1
236	136	1
236	135	1
236	134	1
236	133	1
236	132	1
236	131	2
236	130	2
236	129	2
236	128	2
236	127	2
236	126	2
236	125	1
236	124	1
236	123	2
236	122	2
236	121	2
236	120	2
236	119	1
236	118	1
236	117	1
236	116	1
236	115	1
236	114	1
236	113	1
236	112	1
236	111	2
236	110	2
236	109	2
236	108	2
236	107	2
236	106	2
236	105	2
236	104	2
236	103	2
236	102	2
236	101	2
236	100	2
236	99	2
236	98	2
236	97	2
236	96	2
236	95	2
236	94	2
236	93	2
236	92	2
236	91	2
236	90	2
236	89	1
236	88	1
236	87	1
236	86	1
236	85	1
236	84	1
236	83	1
236	82	1
236	81	1
236	80	1
236	79	1
236	78	1
236	77	1
236	76	1
236	75	1
236	74	2
236	73	1
236	72	1
236	71	1
236	70	1
236	69	1
236	68	1
236	67	1
236	66	1
236	65	1
236	64	1
236	63	1
236	62	1
236	61	1
236	60	1
236	59	1
236	58	1
236	57	1
236	56	1
236	55	2
236	54	1
236	53	1
236	52	1
236	51	1
236	50	1
236	49	1
236	48	1
236	47	1
236	46	1
236	45	1
236	44	1
236	43	1
236	42	1
236	41	1
236	40	1
236	39	1
236	38	1
236	37	1
236	36	2
236	35	1
236	34	1
236	33	1
236	32	1
236	31	1
236	30	1
236	29	1
236	28	1
236	27	1
236	26	1
236	25	1
236	24	1
236	23	1
236	22	1
236	21	1
236	20	1
236	19	1
236	18	1
236	17	1
236	16	1
236	15	1
236	14	1
236	13	1
236	12	1
236	11	1
236	10	1
236	9	1
236	8	1
236	7	1
236	6	1
236	5	1
236	4	1
236	3	1
236	2	1
236	1	1
237	216	1
237	215	1
237	214	1
237	213	1
237	212	1
237	211	1
237	210	1
237	209	1
237	208	1
237	207	1
237	206	1
237	205	1
237	204	1
237	203	1
237	202	1
237	201	1
237	200	1
237	199	1
237	198	1
237	197	1
237	196	1
237	195	1
237	194	1
237	193	1
237	192	1
237	191	1
237	190	1
237	189	1
237	188	1
237	187	1
237	186	1
237	185	1
237	184	1
237	183	1
237	182	1
237	181	1
237	180	1
237	179	1
237	178	1
237	177	1
237	176	1
237	175	1
237	174	1
237	173	1
237	172	1
237	171	1
237	170	1
237	169	1
237	168	1
237	167	1
237	166	1
237	165	1
237	164	1
237	163	1
237	162	1
237	161	1
237	160	1
237	159	1
237	158	1
237	157	2
237	156	2
237	155	1
237	154	1
237	153	1
237	152	1
237	151	1
237	150	1
237	149	1
237	148	1
237	147	1
237	146	1
237	145	2
237	144	1
237	143	1
237	142	1
237	141	1
237	140	1
237	139	1
237	138	1
237	137	1
237	136	1
237	135	1
237	134	1
237	133	1
237	132	2
237	131	2
237	130	2
237	129	2
237	128	2
237	127	2
237	126	2
237	125	2
237	124	2
237	123	2
237	122	2
237	121	2
237	120	1
237	119	1
237	118	1
237	117	1
237	116	1
237	115	1
237	114	1
237	113	1
237	112	1
237	111	1
237	110	1
237	109	2
237	108	2
237	107	2
237	106	2
237	105	2
237	104	2
237	103	2
237	102	2
237	101	2
237	100	2
237	99	1
237	98	2
237	97	2
237	96	2
237	95	2
237	94	2
237	93	2
237	92	2
237	91	2
237	90	1
237	89	1
237	88	1
237	87	1
237	86	1
237	85	1
237	84	1
237	83	1
237	82	1
237	81	1
237	80	1
237	79	1
237	78	1
237	77	1
237	76	1
237	75	1
237	74	1
237	73	1
237	72	1
237	71	1
237	70	1
237	69	1
237	68	1
237	67	1
237	66	1
237	65	1
237	64	1
237	63	1
237	62	1
237	61	1
237	60	1
237	59	1
237	58	1
237	57	1
237	56	2
237	55	2
237	54	1
237	53	1
237	52	1
237	51	1
237	50	1
237	49	1
237	48	1
237	47	1
237	46	1
237	45	1
237	44	1
237	43	1
237	42	1
237	41	1
237	40	1
237	39	1
237	38	2
237	37	2
237	36	1
237	35	1
237	34	1
237	33	1
237	32	1
237	31	1
237	30	1
237	29	1
237	28	1
237	27	1
237	26	1
237	25	1
237	24	1
237	23	1
237	22	1
237	21	1
237	20	1
237	19	1
237	18	1
237	17	1
237	16	1
237	15	1
237	14	1
237	13	1
237	12	1
237	11	1
237	10	1
237	9	1
237	8	1
237	7	1
237	6	1
237	5	1
237	4	1
237	3	1
237	2	1
237	1	1
238	216	1
238	215	1
238	214	1
238	213	1
238	212	1
238	211	1
238	210	1
238	209	1
238	208	1
238	207	1
238	206	1
238	205	1
238	204	1
238	203	1
238	202	1
238	201	1
238	200	1
238	199	1
238	198	1
238	197	1
238	196	1
238	195	1
238	194	1
238	193	1
238	192	1
238	191	1
238	190	1
238	189	1
238	188	1
238	187	1
238	186	1
238	185	1
238	184	1
238	183	1
238	182	1
238	181	1
238	180	1
238	179	1
238	178	1
238	177	1
238	176	1
238	175	1
238	174	1
238	173	1
238	172	1
238	171	1
238	170	1
238	169	1
238	168	2
238	167	1
238	166	1
238	165	1
238	164	1
238	163	1
238	162	1
238	161	1
238	160	1
238	159	1
238	158	1
238	157	2
238	156	2
238	155	1
238	154	1
238	153	1
238	152	1
238	151	1
238	150	1
238	149	1
238	148	1
238	147	1
238	146	1
238	145	2
238	144	1
238	143	1
238	142	1
238	141	1
238	140	1
238	139	1
238	138	1
238	137	1
238	136	1
238	135	1
238	134	1
238	133	1
238	132	2
238	131	2
238	130	2
238	129	2
238	128	2
238	127	2
238	126	2
238	125	2
238	124	2
238	123	2
238	122	2
238	121	1
238	120	1
238	119	1
238	118	2
238	117	1
238	116	1
238	115	1
238	114	1
238	113	1
238	112	1
238	111	1
238	110	1
238	109	2
238	108	2
238	107	2
238	106	2
238	105	2
238	104	2
238	103	2
238	102	2
238	101	2
238	100	2
238	99	2
238	98	1
238	97	2
238	96	2
238	95	2
238	94	2
238	93	2
238	92	2
238	91	1
238	90	1
238	89	1
238	88	1
238	87	1
238	86	1
238	85	1
238	84	1
238	83	1
238	82	1
238	81	1
238	80	1
238	79	1
238	78	1
238	77	1
238	76	1
238	75	1
238	74	1
238	73	1
238	72	1
238	71	1
238	70	1
238	69	1
238	68	1
238	67	1
238	66	1
238	65	1
238	64	1
238	63	1
238	62	1
238	61	1
238	60	1
238	59	2
238	58	2
238	57	2
238	56	2
238	55	2
238	54	1
238	53	1
238	52	1
238	51	1
238	50	1
238	49	1
238	48	1
238	47	1
238	46	1
238	45	1
238	44	1
238	43	1
238	42	1
238	41	1
238	40	1
238	39	2
238	38	2
238	37	1
238	36	1
238	35	1
238	34	1
238	33	1
238	32	1
238	31	1
238	30	1
238	29	1
238	28	1
238	27	1
238	26	1
238	25	1
238	24	1
238	23	1
238	22	1
238	21	1
238	20	1
238	19	1
238	18	1
238	17	1
238	16	1
238	15	1
238	14	1
238	13	1
238	12	1
238	11	1
238	10	1
238	9	1
238	8	1
238	7	1
238	6	1
238	5	1
238	4	1
238	3	1
238	2	1
238	1	1
239	216	1
239	215	1
239	214	1
239	213	1
239	212	1
239	211	1
239	210	1
239	209	1
239	208	1
239	207	1
239	206	1
239	205	1
239	204	1
239	203	1
239	202	1
239	201	1
239	200	1
239	199	1
239	198	1
239	197	1
239	196	1
239	195	1
239	194	1
239	193	1
239	192	1
239	191	1
239	190	1
239	189	1
239	188	1
239	187	1
239	186	1
239	185	1
239	184	1
239	183	1
239	182	1
239	181	1
239	180	1
239	179	1
239	178	1
239	177	1
239	176	1
239	175	1
239	174	1
239	173	1
239	172	1
239	171	1
239	170	1
239	169	1
239	168	2
239	167	1
239	166	1
239	165	1
239	164	1
239	163	1
239	162	1
239	161	1
239	160	1
239	159	1
239	158	1
239	157	1
239	156	2
239	155	2
239	154	1
239	153	1
239	152	1
239	151	1
239	150	1
239	149	1
239	148	1
239	147	1
239	146	1
239	145	1
239	144	1
239	143	1
239	142	1
239	141	1
239	140	1
239	139	1
239	138	1
239	137	1
239	136	1
239	135	1
239	134	1
239	133	1
239	132	1
239	131	2
239	130	2
239	129	2
239	128	2
239	127	2
239	126	2
239	125	2
239	124	2
239	123	2
239	122	2
239	121	2
239	120	1
239	119	2
239	118	2
239	117	1
239	116	1
239	115	1
239	114	1
239	113	1
239	112	1
239	111	1
239	110	1
239	109	1
239	108	1
239	107	1
239	106	2
239	105	2
239	104	2
239	103	2
239	102	2
239	101	2
239	100	2
239	99	2
239	98	2
239	97	2
239	96	2
239	95	2
239	94	2
239	93	2
239	92	2
239	91	1
239	90	1
239	89	1
239	88	1
239	87	1
239	86	1
239	85	1
239	84	1
239	83	1
239	82	1
239	81	1
239	80	1
239	79	1
239	78	1
239	77	1
239	76	1
239	75	1
239	74	1
239	73	1
239	72	1
239	71	1
239	70	1
239	69	1
239	68	1
239	67	1
239	66	1
239	65	1
239	64	1
239	63	1
239	62	1
239	61	1
239	60	2
239	59	2
239	58	2
239	57	2
239	56	2
239	55	1
239	54	1
239	53	1
239	52	1
239	51	1
239	50	1
239	49	1
239	48	1
239	47	1
239	46	1
239	45	1
239	44	1
239	43	1
239	42	1
239	41	2
239	40	2
239	39	2
239	38	1
239	37	1
239	36	1
239	35	1
239	34	1
239	33	1
239	32	1
239	31	1
239	30	1
239	29	1
239	28	1
239	27	1
239	26	1
239	25	1
239	24	1
239	23	1
239	22	1
239	21	1
239	20	1
239	19	1
239	18	1
239	17	1
239	16	1
239	15	1
239	14	1
239	13	1
239	12	1
239	11	1
239	10	1
239	9	1
239	8	1
239	7	1
239	6	1
239	5	1
239	4	1
239	3	1
239	2	1
239	1	1
240	216	1
240	215	1
240	214	1
240	213	1
240	212	1
240	211	1
240	210	1
240	209	1
240	208	1
240	207	1
240	206	1
240	205	1
240	204	1
240	203	1
240	202	1
240	201	1
240	200	1
240	199	1
240	198	1
240	197	1
240	196	1
240	195	1
240	194	1
240	193	1
240	192	1
240	191	1
240	190	1
240	189	1
240	188	2
240	187	1
240	186	1
240	185	1
240	184	1
240	183	1
240	182	1
240	181	1
240	180	1
240	179	1
240	178	1
240	177	1
240	176	1
240	175	1
240	174	1
240	173	1
240	172	1
240	171	1
240	170	1
240	169	2
240	168	1
240	167	1
240	166	1
240	165	1
240	164	1
240	163	1
240	162	1
240	161	1
240	160	1
240	159	1
240	158	1
240	157	2
240	156	2
240	155	2
240	154	1
240	153	1
240	152	1
240	151	1
240	150	1
240	149	1
240	148	1
240	147	1
240	146	1
240	145	1
240	144	1
240	143	1
240	142	1
240	141	1
240	140	1
240	139	1
240	138	1
240	137	1
240	136	1
240	135	1
240	134	2
240	133	2
240	132	2
240	131	2
240	130	2
240	129	2
240	128	2
240	127	2
240	126	2
240	125	2
240	124	2
240	123	1
240	122	1
240	121	2
240	120	2
240	119	2
240	118	1
240	117	1
240	116	1
240	115	1
240	114	1
240	113	1
240	112	1
240	111	1
240	110	1
240	109	1
240	108	1
240	107	1
240	106	1
240	105	2
240	104	2
240	103	2
240	102	2
240	101	2
240	100	2
240	99	2
240	98	2
240	97	2
240	96	2
240	95	2
240	94	2
240	93	2
240	92	2
240	91	1
240	90	1
240	89	1
240	88	1
240	87	1
240	86	1
240	85	1
240	84	1
240	83	1
240	82	1
240	81	1
240	80	1
240	79	1
240	78	1
240	77	1
240	76	1
240	75	1
240	74	1
240	73	1
240	72	1
240	71	1
240	70	1
240	69	1
240	68	1
240	67	1
240	66	1
240	65	1
240	64	2
240	63	2
240	62	2
240	61	2
240	60	2
240	59	2
240	58	2
240	57	2
240	56	2
240	55	1
240	54	1
240	53	1
240	52	1
240	51	1
240	50	1
240	49	1
240	48	1
240	47	1
240	46	1
240	45	1
240	44	1
240	43	1
240	42	2
240	41	2
240	40	2
240	39	1
240	38	1
240	37	1
240	36	1
240	35	1
240	34	1
240	33	1
240	32	1
240	31	1
240	30	1
240	29	1
240	28	1
240	27	1
240	26	1
240	25	1
240	24	1
240	23	1
240	22	1
240	21	1
240	20	1
240	19	1
240	18	1
240	17	1
240	16	1
240	15	1
240	14	1
240	13	1
240	12	1
240	11	1
240	10	1
240	9	1
240	8	1
240	7	1
240	6	1
240	5	1
240	4	1
240	3	1
240	2	1
240	1	1
241	216	1
241	215	1
241	214	1
241	213	1
241	212	1
241	211	1
241	210	1
241	209	1
241	208	1
241	207	1
241	206	1
241	205	1
241	204	1
241	203	1
241	202	1
241	201	1
241	200	1
241	199	1
241	198	1
241	197	1
241	196	1
241	195	1
241	194	1
241	193	1
241	192	1
241	191	1
241	190	1
241	189	2
241	188	1
241	187	1
241	186	1
241	185	1
241	184	1
241	183	1
241	182	1
241	181	1
241	180	1
241	179	1
241	178	1
241	177	1
241	176	1
241	175	1
241	174	1
241	173	1
241	172	1
241	171	1
241	170	2
241	169	1
241	168	1
241	167	1
241	166	1
241	165	1
241	164	1
241	163	1
241	162	1
241	161	1
241	160	1
241	159	1
241	158	1
241	157	1
241	156	1
241	155	1
241	154	1
241	153	1
241	152	1
241	151	1
241	150	1
241	149	1
241	148	1
241	147	1
241	146	1
241	145	1
241	144	1
241	143	1
241	142	1
241	141	1
241	140	1
241	139	1
241	138	1
241	137	1
241	136	2
241	135	2
241	134	2
241	133	2
241	132	2
241	131	2
241	130	2
241	129	2
241	128	2
241	127	2
241	126	2
241	125	2
241	124	2
241	123	1
241	122	1
241	121	1
241	120	2
241	119	2
241	118	1
241	117	1
241	116	1
241	115	1
241	114	1
241	113	1
241	112	1
241	111	2
241	110	1
241	109	1
241	108	1
241	107	2
241	106	1
241	105	2
241	104	1
241	103	1
241	102	1
241	101	1
241	100	1
241	99	2
241	98	2
241	97	2
241	96	2
241	95	2
241	94	2
241	93	2
241	92	2
241	91	1
241	90	1
241	89	1
241	88	1
241	87	1
241	86	1
241	85	1
241	84	1
241	83	1
241	82	1
241	81	1
241	80	1
241	79	1
241	78	1
241	77	1
241	76	1
241	75	1
241	74	1
241	73	2
241	72	2
241	71	2
241	70	1
241	69	1
241	68	1
241	67	2
241	66	2
241	65	2
241	64	2
241	63	2
241	62	2
241	61	2
241	60	2
241	59	2
241	58	2
241	57	2
241	56	2
241	55	1
241	54	1
241	53	1
241	52	1
241	51	1
241	50	1
241	49	1
241	48	1
241	47	1
241	46	1
241	45	1
241	44	1
241	43	2
241	42	2
241	41	2
241	40	1
241	39	1
241	38	1
241	37	1
241	36	1
241	35	1
241	34	1
241	33	1
241	32	1
241	31	1
241	30	1
241	29	1
241	28	1
241	27	1
241	26	1
241	25	1
241	24	1
241	23	1
241	22	1
241	21	1
241	20	1
241	19	1
241	18	1
241	17	1
241	16	1
241	15	1
241	14	1
241	13	1
241	12	1
241	11	1
241	10	1
241	9	1
241	8	1
241	7	1
241	6	1
241	5	1
241	4	1
241	3	1
241	2	1
241	1	1
242	216	1
242	215	1
242	214	1
242	213	1
242	212	1
242	211	1
242	210	1
242	209	1
242	208	1
242	207	1
242	206	1
242	205	1
242	204	1
242	203	1
242	202	1
242	201	1
242	200	1
242	199	1
242	198	1
242	197	1
242	196	1
242	195	1
242	194	1
242	193	1
242	192	1
242	191	1
242	190	1
242	189	1
242	188	1
242	187	1
242	186	1
242	185	1
242	184	1
242	183	1
242	182	1
242	181	1
242	180	1
242	179	1
242	178	1
242	177	1
242	176	1
242	175	1
242	174	1
242	173	1
242	172	1
242	171	1
242	170	1
242	169	1
242	168	1
242	167	1
242	166	1
242	165	1
242	164	1
242	163	1
242	162	1
242	161	1
242	160	1
242	159	1
242	158	1
242	157	2
242	156	2
242	155	2
242	154	1
242	153	1
242	152	1
242	151	1
242	150	1
242	149	1
242	148	1
242	147	1
242	146	1
242	145	1
242	144	1
242	143	1
242	142	1
242	141	1
242	140	1
242	139	1
242	138	1
242	137	1
242	136	1
242	135	1
242	134	1
242	133	1
242	132	1
242	131	1
242	130	1
242	129	2
242	128	2
242	127	2
242	126	2
242	125	2
242	124	2
242	123	2
242	122	2
242	121	2
242	120	2
242	119	2
242	118	2
242	117	2
242	116	2
242	115	2
242	114	2
242	113	2
242	112	2
242	111	2
242	110	1
242	109	1
242	108	1
242	107	2
242	106	2
242	105	2
242	104	2
242	103	1
242	102	1
242	101	2
242	100	2
242	99	2
242	98	2
242	97	2
242	96	2
242	95	2
242	94	2
242	93	2
242	92	2
242	91	2
242	90	2
242	89	2
242	88	1
242	87	1
242	86	1
242	85	1
242	84	1
242	83	1
242	82	1
242	81	1
242	80	1
242	79	1
242	78	1
242	77	1
242	76	2
242	75	2
242	74	2
242	73	2
242	72	1
242	71	1
242	70	2
242	69	2
242	68	2
242	67	2
242	66	2
242	65	2
242	64	2
242	63	2
242	62	2
242	61	2
242	60	2
242	59	2
242	58	2
242	57	2
242	56	2
242	55	1
242	54	1
242	53	1
242	52	1
242	51	1
242	50	1
242	49	1
242	48	1
242	47	1
242	46	1
242	45	1
242	44	2
242	43	2
242	42	2
242	41	1
242	40	1
242	39	1
242	38	1
242	37	1
242	36	1
242	35	1
242	34	1
242	33	1
242	32	1
242	31	1
242	30	2
242	29	1
242	28	1
242	27	1
242	26	1
242	25	1
242	24	1
242	23	1
242	22	1
242	21	1
242	20	1
242	19	1
242	18	1
242	17	1
242	16	1
242	15	1
242	14	1
242	13	1
242	12	1
242	11	1
242	10	1
242	9	1
242	8	1
242	7	1
242	6	1
242	5	1
242	4	1
242	3	1
242	2	1
242	1	1
243	216	1
243	215	1
243	214	1
243	213	1
243	212	1
243	211	1
243	210	1
243	209	1
243	208	1
243	207	1
243	206	1
243	205	1
243	204	1
243	203	1
243	202	1
243	201	1
243	200	1
243	199	1
243	198	1
243	197	1
243	196	1
243	195	1
243	194	1
243	193	1
243	192	1
243	191	1
243	190	1
243	189	1
243	188	1
243	187	1
243	186	1
243	185	1
243	184	1
243	183	1
243	182	1
243	181	1
243	180	1
243	179	1
243	178	1
243	177	1
243	176	1
243	175	1
243	174	1
243	173	1
243	172	1
243	171	1
243	170	1
243	169	1
243	168	1
243	167	1
243	166	1
243	165	1
243	164	1
243	163	1
243	162	1
243	161	1
243	160	1
243	159	1
243	158	1
243	157	2
243	156	2
243	155	2
243	154	1
243	153	1
243	152	1
243	151	1
243	150	1
243	149	1
243	148	1
243	147	1
243	146	1
243	145	1
243	144	1
243	143	1
243	142	1
243	141	1
243	140	1
243	139	1
243	138	1
243	137	1
243	136	1
243	135	1
243	134	1
243	133	1
243	132	1
243	131	1
243	130	1
243	129	2
243	128	2
243	127	2
243	126	2
243	125	2
243	124	2
243	123	1
243	122	1
243	121	1
243	120	2
243	119	2
243	118	2
243	117	2
243	116	2
243	115	2
243	114	2
243	113	2
243	112	2
243	111	2
243	110	2
243	109	2
243	108	2
243	107	2
243	106	2
243	105	2
243	104	2
243	103	2
243	102	1
243	101	1
243	100	2
243	99	2
243	98	2
243	97	2
243	96	2
243	95	2
243	94	2
243	93	2
243	92	2
243	91	2
243	90	2
243	89	2
243	88	2
243	87	2
243	86	2
243	85	2
243	84	2
243	83	2
243	82	2
243	81	2
243	80	2
243	79	2
243	78	2
243	77	2
243	76	2
243	75	1
243	74	1
243	73	1
243	72	1
243	71	1
243	70	2
243	69	2
243	68	2
243	67	2
243	66	2
243	65	2
243	64	2
243	63	2
243	62	2
243	61	2
243	60	2
243	59	2
243	58	2
243	57	2
243	56	1
243	55	1
243	54	1
243	53	1
243	52	1
243	51	1
243	50	1
243	49	1
243	48	1
243	47	1
243	46	2
243	45	2
243	44	2
243	43	2
243	42	1
243	41	1
243	40	1
243	39	1
243	38	1
243	37	1
243	36	1
243	35	1
243	34	1
243	33	1
243	32	1
243	31	1
243	30	2
243	29	1
243	28	1
243	27	1
243	26	1
243	25	1
243	24	1
243	23	1
243	22	1
243	21	1
243	20	1
243	19	1
243	18	1
243	17	1
243	16	1
243	15	1
243	14	1
243	13	1
243	12	1
243	11	1
243	10	1
243	9	1
243	8	1
243	7	1
243	6	1
243	5	1
243	4	1
243	3	1
243	2	1
243	1	1
244	216	1
244	215	1
244	214	1
244	213	1
244	212	1
244	211	1
244	210	1
244	209	1
244	208	1
244	207	1
244	206	1
244	205	1
244	204	1
244	203	1
244	202	1
244	201	1
244	200	1
244	199	1
244	198	1
244	197	1
244	196	1
244	195	1
244	194	1
244	193	1
244	192	1
244	191	1
244	190	1
244	189	1
244	188	1
244	187	1
244	186	1
244	185	1
244	184	1
244	183	1
244	182	1
244	181	1
244	180	1
244	179	1
244	178	1
244	177	1
244	176	1
244	175	1
244	174	1
244	173	1
244	172	1
244	171	1
244	170	1
244	169	1
244	168	1
244	167	1
244	166	1
244	165	1
244	164	1
244	163	1
244	162	1
244	161	1
244	160	1
244	159	1
244	158	1
244	157	2
244	156	2
244	155	1
244	154	1
244	153	1
244	152	1
244	151	1
244	150	1
244	149	1
244	148	1
244	147	1
244	146	1
244	145	1
244	144	1
244	143	1
244	142	1
244	141	1
244	140	1
244	139	1
244	138	1
244	137	1
244	136	1
244	135	1
244	134	1
244	133	1
244	132	1
244	131	1
244	130	1
244	129	2
244	128	2
244	127	2
244	126	2
244	125	2
244	124	2
244	123	2
244	122	2
244	121	2
244	120	2
244	119	1
244	118	1
244	117	2
244	116	2
244	115	2
244	114	2
244	113	2
244	112	2
244	111	2
244	110	2
244	109	2
244	108	2
244	107	2
244	106	2
244	105	2
244	104	2
244	103	1
244	102	1
244	101	1
244	100	2
244	99	2
244	98	2
244	97	2
244	96	2
244	95	2
244	94	2
244	93	2
244	92	2
244	91	2
244	90	2
244	89	2
244	88	2
244	87	2
244	86	2
244	85	2
244	84	2
244	83	2
244	82	2
244	81	2
244	80	1
244	79	1
244	78	2
244	77	2
244	76	1
244	75	1
244	74	1
244	73	1
244	72	1
244	71	2
244	70	2
244	69	2
244	68	2
244	67	2
244	66	1
244	65	2
244	64	2
244	63	2
244	62	2
244	61	2
244	60	2
244	59	2
244	58	2
244	57	1
244	56	1
244	55	1
244	54	1
244	53	1
244	52	1
244	51	1
244	50	1
244	49	1
244	48	1
244	47	2
244	46	2
244	45	2
244	44	2
244	43	1
244	42	1
244	41	1
244	40	1
244	39	1
244	38	1
244	37	1
244	36	1
244	35	1
244	34	1
244	33	1
244	32	1
244	31	2
244	30	1
244	29	1
244	28	1
244	27	1
244	26	1
244	25	1
244	24	1
244	23	1
244	22	1
244	21	1
244	20	1
244	19	1
244	18	1
244	17	1
244	16	1
244	15	1
244	14	1
244	13	1
244	12	1
244	11	1
244	10	1
244	9	1
244	8	1
244	7	1
244	6	1
244	5	1
244	4	1
244	3	1
244	2	1
244	1	1
245	216	1
245	215	1
245	214	1
245	213	1
245	212	1
245	211	1
245	210	1
245	209	1
245	208	1
245	207	1
245	206	1
245	205	1
245	204	1
245	203	1
245	202	1
245	201	1
245	200	1
245	199	1
245	198	1
245	197	1
245	196	1
245	195	1
245	194	1
245	193	1
245	192	1
245	191	1
245	190	1
245	189	1
245	188	1
245	187	1
245	186	1
245	185	1
245	184	1
245	183	1
245	182	1
245	181	1
245	180	1
245	179	1
245	178	1
245	177	1
245	176	1
245	175	1
245	174	1
245	173	1
245	172	1
245	171	1
245	170	1
245	169	1
245	168	1
245	167	1
245	166	1
245	165	1
245	164	1
245	163	1
245	162	1
245	161	1
245	160	1
245	159	1
245	158	1
245	157	2
245	156	2
245	155	2
245	154	2
245	153	1
245	152	1
245	151	1
245	150	1
245	149	1
245	148	1
245	147	1
245	146	1
245	145	1
245	144	1
245	143	1
245	142	1
245	141	1
245	140	1
245	139	1
245	138	1
245	137	1
245	136	1
245	135	1
245	134	1
245	133	1
245	132	2
245	131	2
245	130	2
245	129	2
245	128	2
245	127	2
245	126	2
245	125	2
245	124	2
245	123	1
245	122	1
245	121	2
245	120	2
245	119	1
245	118	1
245	117	1
245	116	2
245	115	2
245	114	2
245	113	2
245	112	2
245	111	2
245	110	2
245	109	2
245	108	1
245	107	2
245	106	1
245	105	1
245	104	1
245	103	1
245	102	1
245	101	1
245	100	2
245	99	2
245	98	2
245	97	2
245	96	2
245	95	2
245	94	2
245	93	2
245	92	2
245	91	2
245	90	2
245	89	2
245	88	1
245	87	1
245	86	1
245	85	1
245	84	1
245	83	1
245	82	1
245	81	1
245	80	2
245	79	2
245	78	2
245	77	2
245	76	1
245	75	2
245	74	2
245	73	2
245	72	2
245	71	2
245	70	2
245	69	1
245	68	1
245	67	1
245	66	1
245	65	2
245	64	2
245	63	2
245	62	2
245	61	2
245	60	2
245	59	2
245	58	2
245	57	1
245	56	1
245	55	1
245	54	1
245	53	1
245	52	1
245	51	1
245	50	1
245	49	1
245	48	2
245	47	2
245	46	2
245	45	2
245	44	1
245	43	1
245	42	1
245	41	1
245	40	1
245	39	1
245	38	1
245	37	1
245	36	1
245	35	1
245	34	2
245	33	1
245	32	2
245	31	2
245	30	1
245	29	1
245	28	1
245	27	1
245	26	1
245	25	1
245	24	1
245	23	1
245	22	1
245	21	1
245	20	1
245	19	1
245	18	1
245	17	1
245	16	1
245	15	1
245	14	1
245	13	1
245	12	1
245	11	1
245	10	1
245	9	1
245	8	1
245	7	1
245	6	1
245	5	1
245	4	1
245	3	1
245	2	1
245	1	1
246	216	1
246	215	1
246	214	1
246	213	1
246	212	1
246	211	1
246	210	1
246	209	1
246	208	1
246	207	1
246	206	1
246	205	1
246	204	1
246	203	1
246	202	1
246	201	1
246	200	1
246	199	1
246	198	1
246	197	1
246	196	1
246	195	1
246	194	1
246	193	1
246	192	1
246	191	1
246	190	1
246	189	1
246	188	1
246	187	1
246	186	1
246	185	1
246	184	1
246	183	1
246	182	1
246	181	1
246	180	1
246	179	1
246	178	1
246	177	1
246	176	1
246	175	1
246	174	1
246	173	1
246	172	1
246	171	1
246	170	1
246	169	1
246	168	1
246	167	1
246	166	1
246	165	1
246	164	1
246	163	1
246	162	1
246	161	1
246	160	1
246	159	1
246	158	1
246	157	2
246	156	2
246	155	2
246	154	1
246	153	1
246	152	1
246	151	1
246	150	1
246	149	1
246	148	1
246	147	1
246	146	1
246	145	1
246	144	1
246	143	1
246	142	1
246	141	1
246	140	1
246	139	1
246	138	1
246	137	1
246	136	1
246	135	1
246	134	1
246	133	1
246	132	1
246	131	1
246	130	1
246	129	1
246	128	2
246	127	2
246	126	2
246	125	2
246	124	2
246	123	1
246	122	1
246	121	2
246	120	2
246	119	2
246	118	2
246	117	1
246	116	1
246	115	1
246	114	2
246	113	2
246	112	2
246	111	2
246	110	1
246	109	1
246	108	1
246	107	1
246	106	1
246	105	1
246	104	1
246	103	1
246	102	1
246	101	1
246	100	1
246	99	1
246	98	2
246	97	2
246	96	2
246	95	2
246	94	2
246	93	2
246	92	2
246	91	2
246	90	2
246	89	1
246	88	1
246	87	1
246	86	1
246	85	1
246	84	2
246	83	2
246	82	2
246	81	2
246	80	2
246	79	2
246	78	2
246	77	2
246	76	2
246	75	2
246	74	2
246	73	2
246	72	2
246	71	1
246	70	1
246	69	1
246	68	1
246	67	1
246	66	2
246	65	2
246	64	2
246	63	2
246	62	2
246	61	2
246	60	2
246	59	2
246	58	1
246	57	1
246	56	1
246	55	1
246	54	1
246	53	1
246	52	1
246	51	1
246	50	1
246	49	2
246	48	2
246	47	2
246	46	2
246	45	1
246	44	1
246	43	1
246	42	1
246	41	1
246	40	1
246	39	1
246	38	1
246	37	1
246	36	1
246	35	2
246	34	2
246	33	2
246	32	2
246	31	1
246	30	1
246	29	1
246	28	1
246	27	1
246	26	1
246	25	1
246	24	1
246	23	1
246	22	1
246	21	1
246	20	1
246	19	1
246	18	1
246	17	1
246	16	1
246	15	1
246	14	1
246	13	1
246	12	1
246	11	1
246	10	1
246	9	1
246	8	1
246	7	1
246	6	1
246	5	1
246	4	1
246	3	1
246	2	1
246	1	1
247	216	1
247	215	1
247	214	1
247	213	1
247	212	1
247	211	1
247	210	1
247	209	1
247	208	1
247	207	1
247	206	1
247	205	1
247	204	1
247	203	1
247	202	1
247	201	1
247	200	1
247	199	1
247	198	1
247	197	1
247	196	1
247	195	1
247	194	1
247	193	1
247	192	1
247	191	1
247	190	2
247	189	1
247	188	1
247	187	1
247	186	1
247	185	1
247	184	1
247	183	1
247	182	1
247	181	1
247	180	1
247	179	1
247	178	1
247	177	1
247	176	1
247	175	1
247	174	1
247	173	1
247	172	1
247	171	1
247	170	1
247	169	1
247	168	1
247	167	1
247	166	1
247	165	1
247	164	1
247	163	1
247	162	1
247	161	1
247	160	1
247	159	1
247	158	1
247	157	2
247	156	1
247	155	1
247	154	1
247	153	1
247	152	1
247	151	1
247	150	1
247	149	1
247	148	1
247	147	1
247	146	1
247	145	2
247	144	1
247	143	1
247	142	1
247	141	1
247	140	1
247	139	1
247	138	1
247	137	1
247	136	1
247	135	1
247	134	1
247	133	1
247	132	1
247	131	1
247	130	1
247	129	1
247	128	2
247	127	2
247	126	2
247	125	2
247	124	2
247	123	1
247	122	2
247	121	2
247	120	2
247	119	2
247	118	2
247	117	2
247	116	1
247	115	1
247	114	1
247	113	2
247	112	2
247	111	2
247	110	2
247	109	1
247	108	1
247	107	1
247	106	1
247	105	1
247	104	1
247	103	1
247	102	1
247	101	1
247	100	1
247	99	1
247	98	2
247	97	2
247	96	2
247	95	2
247	94	2
247	93	2
247	92	2
247	91	2
247	90	2
247	89	2
247	88	2
247	87	2
247	86	2
247	85	2
247	84	2
247	83	2
247	82	2
247	81	2
247	80	2
247	79	2
247	78	2
247	77	2
247	76	2
247	75	2
247	74	1
247	73	1
247	72	1
247	71	1
247	70	1
247	69	1
247	68	1
247	67	2
247	66	2
247	65	2
247	64	2
247	63	2
247	62	2
247	61	2
247	60	2
247	59	1
247	58	1
247	57	1
247	56	1
247	55	1
247	54	1
247	53	1
247	52	1
247	51	2
247	50	2
247	49	2
247	48	2
247	47	2
247	46	1
247	45	1
247	44	1
247	43	1
247	42	1
247	41	1
247	40	1
247	39	1
247	38	1
247	37	2
247	36	2
247	35	2
247	34	2
247	33	2
247	32	2
247	31	1
247	30	1
247	29	1
247	28	1
247	27	1
247	26	1
247	25	1
247	24	1
247	23	1
247	22	1
247	21	1
247	20	1
247	19	1
247	18	1
247	17	1
247	16	1
247	15	1
247	14	1
247	13	1
247	12	1
247	11	1
247	10	1
247	9	1
247	8	1
247	7	1
247	6	1
247	5	1
247	4	1
247	3	1
247	2	1
247	1	1
248	216	1
248	215	1
248	214	1
248	213	1
248	212	1
248	211	1
248	210	1
248	209	1
248	208	1
248	207	1
248	206	1
248	205	1
248	204	1
248	203	1
248	202	1
248	201	1
248	200	1
248	199	1
248	198	1
248	197	1
248	196	1
248	195	1
248	194	1
248	193	1
248	192	1
248	191	1
248	190	1
248	189	1
248	188	1
248	187	1
248	186	1
248	185	1
248	184	1
248	183	1
248	182	1
248	181	1
248	180	1
248	179	1
248	178	1
248	177	1
248	176	1
248	175	1
248	174	1
248	173	1
248	172	1
248	171	1
248	170	1
248	169	1
248	168	1
248	167	1
248	166	1
248	165	1
248	164	1
248	163	1
248	162	1
248	161	1
248	160	1
248	159	1
248	158	1
248	157	2
248	156	1
248	155	1
248	154	1
248	153	1
248	152	1
248	151	1
248	150	1
248	149	1
248	148	1
248	147	1
248	146	1
248	145	1
248	144	1
248	143	1
248	142	1
248	141	1
248	140	1
248	139	1
248	138	1
248	137	1
248	136	1
248	135	1
248	134	1
248	133	1
248	132	1
248	131	1
248	130	1
248	129	1
248	128	2
248	127	2
248	126	2
248	125	2
248	124	2
248	123	1
248	122	2
248	121	2
248	120	2
248	119	2
248	118	2
248	117	2
248	116	2
248	115	2
248	114	2
248	113	2
248	112	2
248	111	2
248	110	2
248	109	2
248	108	2
248	107	1
248	106	1
248	105	1
248	104	1
248	103	1
248	102	1
248	101	1
248	100	1
248	99	1
248	98	2
248	97	2
248	96	2
248	95	2
248	94	2
248	93	2
248	92	2
248	91	2
248	90	2
248	89	2
248	88	2
248	87	2
248	86	2
248	85	2
248	84	2
248	83	2
248	82	2
248	81	2
248	80	2
248	79	2
248	78	2
248	77	2
248	76	1
248	75	1
248	74	1
248	73	1
248	72	1
248	71	1
248	70	1
248	69	1
248	68	2
248	67	2
248	66	2
248	65	2
248	64	2
248	63	2
248	62	2
248	61	2
248	60	2
248	59	1
248	58	1
248	57	1
248	56	1
248	55	1
248	54	1
248	53	1
248	52	2
248	51	2
248	50	2
248	49	2
248	48	2
248	47	1
248	46	2
248	45	2
248	44	1
248	43	1
248	42	1
248	41	1
248	40	1
248	39	1
248	38	2
248	37	2
248	36	2
248	35	2
248	34	2
248	33	2
248	32	1
248	31	1
248	30	1
248	29	1
248	28	1
248	27	1
248	26	1
248	25	1
248	24	1
248	23	1
248	22	1
248	21	1
248	20	1
248	19	1
248	18	1
248	17	1
248	16	1
248	15	1
248	14	1
248	13	1
248	12	1
248	11	1
248	10	1
248	9	1
248	8	1
248	7	1
248	6	1
248	5	1
248	4	1
248	3	1
248	2	1
248	1	1
249	216	1
249	215	1
249	214	1
249	213	1
249	212	1
249	211	1
249	210	1
249	209	1
249	208	1
249	207	1
249	206	1
249	205	1
249	204	1
249	203	1
249	202	1
249	201	1
249	200	1
249	199	1
249	198	1
249	197	1
249	196	1
249	195	1
249	194	1
249	193	1
249	192	1
249	191	1
249	190	1
249	189	1
249	188	1
249	187	1
249	186	1
249	185	1
249	184	1
249	183	1
249	182	1
249	181	1
249	180	1
249	179	1
249	178	1
249	177	1
249	176	1
249	175	1
249	174	1
249	173	1
249	172	1
249	171	1
249	170	1
249	169	1
249	168	1
249	167	1
249	166	1
249	165	1
249	164	1
249	163	1
249	162	1
249	161	1
249	160	1
249	159	1
249	158	1
249	157	1
249	156	1
249	155	1
249	154	1
249	153	1
249	152	1
249	151	1
249	150	1
249	149	1
249	148	1
249	147	1
249	146	1
249	145	1
249	144	1
249	143	1
249	142	1
249	141	1
249	140	1
249	139	1
249	138	1
249	137	1
249	136	1
249	135	1
249	134	1
249	133	1
249	132	1
249	131	1
249	130	1
249	129	2
249	128	2
249	127	2
249	126	2
249	125	2
249	124	2
249	123	2
249	122	2
249	121	2
249	120	2
249	119	2
249	118	2
249	117	2
249	116	2
249	115	2
249	114	2
249	113	2
249	112	2
249	111	1
249	110	2
249	109	2
249	108	2
249	107	2
249	106	2
249	105	1
249	104	1
249	103	1
249	102	2
249	101	2
249	100	1
249	99	1
249	98	1
249	97	2
249	96	2
249	95	2
249	94	2
249	93	2
249	92	2
249	91	2
249	90	2
249	89	2
249	88	2
249	87	2
249	86	2
249	85	2
249	84	2
249	83	2
249	82	2
249	81	2
249	80	1
249	79	1
249	78	1
249	77	1
249	76	1
249	75	1
249	74	1
249	73	1
249	72	1
249	71	1
249	70	1
249	69	2
249	68	2
249	67	2
249	66	2
249	65	2
249	64	2
249	63	2
249	62	2
249	61	2
249	60	1
249	59	1
249	58	1
249	57	1
249	56	1
249	55	1
249	54	1
249	53	2
249	52	2
249	51	2
249	50	2
249	49	2
249	48	2
249	47	2
249	46	2
249	45	1
249	44	1
249	43	1
249	42	1
249	41	1
249	40	2
249	39	2
249	38	2
249	37	1
249	36	1
249	35	2
249	34	2
249	33	2
249	32	1
249	31	1
249	30	1
249	29	1
249	28	1
249	27	1
249	26	1
249	25	1
249	24	1
249	23	1
249	22	1
249	21	1
249	20	1
249	19	1
249	18	1
249	17	1
249	16	1
249	15	1
249	14	1
249	13	1
249	12	1
249	11	1
249	10	1
249	9	1
249	8	1
249	7	1
249	6	1
249	5	1
249	4	1
249	3	1
249	2	1
249	1	1
250	216	1
250	215	1
250	214	1
250	213	1
250	212	1
250	211	1
250	210	1
250	209	1
250	208	1
250	207	1
250	206	1
250	205	1
250	204	1
250	203	1
250	202	1
250	201	1
250	200	1
250	199	1
250	198	1
250	197	1
250	196	1
250	195	1
250	194	1
250	193	1
250	192	1
250	191	1
250	190	1
250	189	1
250	188	1
250	187	1
250	186	1
250	185	1
250	184	1
250	183	1
250	182	1
250	181	1
250	180	1
250	179	1
250	178	1
250	177	1
250	176	1
250	175	1
250	174	1
250	173	1
250	172	1
250	171	1
250	170	1
250	169	1
250	168	1
250	167	1
250	166	1
250	165	1
250	164	1
250	163	1
250	162	1
250	161	1
250	160	1
250	159	1
250	158	1
250	157	1
250	156	1
250	155	1
250	154	1
250	153	1
250	152	1
250	151	1
250	150	1
250	149	1
250	148	1
250	147	1
250	146	1
250	145	1
250	144	1
250	143	1
250	142	1
250	141	1
250	140	1
250	139	1
250	138	1
250	137	1
250	136	1
250	135	1
250	134	1
250	133	1
250	132	1
250	131	1
250	130	1
250	129	2
250	128	2
250	127	2
250	126	2
250	125	2
250	124	2
250	123	2
250	122	2
250	121	2
250	120	2
250	119	2
250	118	2
250	117	2
250	116	2
250	115	2
250	114	2
250	113	1
250	112	1
250	111	1
250	110	1
250	109	1
250	108	2
250	107	2
250	106	2
250	105	1
250	104	1
250	103	1
250	102	2
250	101	2
250	100	2
250	99	1
250	98	2
250	97	2
250	96	2
250	95	2
250	94	2
250	93	2
250	92	2
250	91	2
250	90	2
250	89	2
250	88	2
250	87	2
250	86	2
250	85	2
250	84	1
250	83	1
250	82	1
250	81	1
250	80	1
250	79	1
250	78	1
250	77	1
250	76	1
250	75	1
250	74	1
250	73	1
250	72	1
250	71	1
250	70	2
250	69	2
250	68	2
250	67	2
250	66	2
250	65	2
250	64	2
250	63	2
250	62	2
250	61	2
250	60	1
250	59	1
250	58	1
250	57	1
250	56	1
250	55	1
250	54	2
250	53	2
250	52	2
250	51	2
250	50	2
250	49	1
250	48	1
250	47	2
250	46	2
250	45	1
250	44	1
250	43	1
250	42	1
250	41	2
250	40	2
250	39	2
250	38	1
250	37	1
250	36	2
250	35	2
250	34	2
250	33	1
250	32	1
250	31	1
250	30	1
250	29	1
250	28	1
250	27	1
250	26	1
250	25	1
250	24	1
250	23	1
250	22	1
250	21	1
250	20	1
250	19	1
250	18	1
250	17	1
250	16	1
250	15	1
250	14	1
250	13	1
250	12	1
250	11	1
250	10	1
250	9	1
250	8	1
250	7	1
250	6	1
250	5	1
250	4	1
250	3	1
250	2	1
250	1	1
251	216	1
251	215	1
251	214	1
251	213	1
251	212	1
251	211	1
251	210	1
251	209	1
251	208	1
251	207	1
251	206	1
251	205	1
251	204	1
251	203	1
251	202	1
251	201	1
251	200	1
251	199	1
251	198	1
251	197	1
251	196	1
251	195	1
251	194	1
251	193	1
251	192	1
251	191	1
251	190	1
251	189	1
251	188	1
251	187	1
251	186	1
251	185	1
251	184	1
251	183	1
251	182	1
251	181	1
251	180	1
251	179	1
251	178	1
251	177	1
251	176	1
251	175	1
251	174	1
251	173	1
251	172	1
251	171	1
251	170	1
251	169	1
251	168	1
251	167	1
251	166	1
251	165	1
251	164	1
251	163	1
251	162	1
251	161	1
251	160	1
251	159	1
251	158	1
251	157	1
251	156	2
251	155	1
251	154	1
251	153	1
251	152	1
251	151	1
251	150	1
251	149	1
251	148	1
251	147	1
251	146	1
251	145	1
251	144	1
251	143	1
251	142	1
251	141	1
251	140	1
251	139	1
251	138	1
251	137	1
251	136	1
251	135	1
251	134	1
251	133	1
251	132	1
251	131	1
251	130	2
251	129	2
251	128	2
251	127	2
251	126	2
251	125	2
251	124	2
251	123	2
251	122	2
251	121	2
251	120	2
251	119	2
251	118	2
251	117	2
251	116	2
251	115	1
251	114	2
251	113	2
251	112	2
251	111	1
251	110	1
251	109	1
251	108	1
251	107	1
251	106	1
251	105	1
251	104	1
251	103	1
251	102	1
251	101	1
251	100	2
251	99	2
251	98	2
251	97	2
251	96	2
251	95	2
251	94	2
251	93	2
251	92	2
251	91	2
251	90	1
251	89	1
251	88	1
251	87	1
251	86	1
251	85	1
251	84	1
251	83	1
251	82	1
251	81	1
251	80	1
251	79	1
251	78	1
251	77	1
251	76	1
251	75	1
251	74	1
251	73	1
251	72	1
251	71	2
251	70	2
251	69	2
251	68	2
251	67	2
251	66	2
251	65	2
251	64	2
251	63	2
251	62	2
251	61	1
251	60	1
251	59	1
251	58	1
251	57	1
251	56	1
251	55	2
251	54	2
251	53	2
251	52	2
251	51	1
251	50	1
251	49	1
251	48	2
251	47	2
251	46	1
251	45	1
251	44	1
251	43	2
251	42	2
251	41	2
251	40	2
251	39	1
251	38	1
251	37	1
251	36	2
251	35	2
251	34	2
251	33	1
251	32	1
251	31	1
251	30	1
251	29	1
251	28	1
251	27	1
251	26	1
251	25	1
251	24	1
251	23	1
251	22	1
251	21	1
251	20	1
251	19	1
251	18	1
251	17	1
251	16	1
251	15	1
251	14	1
251	13	1
251	12	1
251	11	1
251	10	1
251	9	1
251	8	1
251	7	1
251	6	1
251	5	1
251	4	1
251	3	1
251	2	1
251	1	1
252	216	1
252	215	1
252	214	1
252	213	1
252	212	1
252	211	1
252	210	1
252	209	1
252	208	1
252	207	1
252	206	1
252	205	1
252	204	1
252	203	1
252	202	1
252	201	1
252	200	1
252	199	1
252	198	1
252	197	1
252	196	1
252	195	1
252	194	1
252	193	1
252	192	1
252	191	1
252	190	1
252	189	1
252	188	1
252	187	1
252	186	1
252	185	1
252	184	1
252	183	1
252	182	1
252	181	1
252	180	1
252	179	1
252	178	1
252	177	1
252	176	1
252	175	1
252	174	1
252	173	1
252	172	1
252	171	1
252	170	1
252	169	1
252	168	1
252	167	1
252	166	1
252	165	1
252	164	1
252	163	1
252	162	1
252	161	1
252	160	1
252	159	1
252	158	1
252	157	1
252	156	1
252	155	1
252	154	1
252	153	1
252	152	1
252	151	1
252	150	1
252	149	1
252	148	1
252	147	1
252	146	1
252	145	1
252	144	1
252	143	1
252	142	1
252	141	1
252	140	1
252	139	1
252	138	1
252	137	1
252	136	1
252	135	1
252	134	1
252	133	1
252	132	1
252	131	1
252	130	2
252	129	2
252	128	1
252	127	2
252	126	2
252	125	2
252	124	2
252	123	2
252	122	2
252	121	2
252	120	2
252	119	2
252	118	2
252	117	2
252	116	2
252	115	2
252	114	2
252	113	2
252	112	2
252	111	2
252	110	2
252	109	1
252	108	1
252	107	1
252	106	1
252	105	1
252	104	1
252	103	1
252	102	1
252	101	1
252	100	1
252	99	2
252	98	2
252	97	2
252	96	2
252	95	2
252	94	2
252	93	2
252	92	2
252	91	2
252	90	1
252	89	1
252	88	1
252	87	1
252	86	1
252	85	1
252	84	1
252	83	1
252	82	1
252	81	1
252	80	1
252	79	1
252	78	1
252	77	1
252	76	1
252	75	1
252	74	1
252	73	1
252	72	2
252	71	2
252	70	2
252	69	2
252	68	2
252	67	2
252	66	2
252	65	2
252	64	2
252	63	2
252	62	1
252	61	1
252	60	1
252	59	1
252	58	1
252	57	1
252	56	2
252	55	2
252	54	2
252	53	2
252	52	1
252	51	1
252	50	1
252	49	2
252	48	2
252	47	1
252	46	1
252	45	2
252	44	2
252	43	2
252	42	2
252	41	2
252	40	1
252	39	1
252	38	1
252	37	2
252	36	2
252	35	2
252	34	1
252	33	1
252	32	1
252	31	1
252	30	1
252	29	1
252	28	1
252	27	1
252	26	1
252	25	1
252	24	1
252	23	1
252	22	1
252	21	1
252	20	1
252	19	1
252	18	1
252	17	1
252	16	1
252	15	1
252	14	1
252	13	1
252	12	1
252	11	1
252	10	1
252	9	1
252	8	1
252	7	1
252	6	1
252	5	1
252	4	1
252	3	1
252	2	1
252	1	1
253	216	1
253	215	1
253	214	1
253	213	1
253	212	1
253	211	1
253	210	1
253	209	1
253	208	1
253	207	1
253	206	1
253	205	1
253	204	1
253	203	1
253	202	1
253	201	1
253	200	1
253	199	1
253	198	1
253	197	1
253	196	1
253	195	1
253	194	1
253	193	1
253	192	1
253	191	1
253	190	1
253	189	1
253	188	1
253	187	1
253	186	1
253	185	1
253	184	1
253	183	1
253	182	1
253	181	1
253	180	1
253	179	1
253	178	1
253	177	1
253	176	1
253	175	1
253	174	1
253	173	1
253	172	1
253	171	1
253	170	1
253	169	1
253	168	1
253	167	1
253	166	1
253	165	1
253	164	1
253	163	1
253	162	1
253	161	1
253	160	1
253	159	1
253	158	1
253	157	1
253	156	1
253	155	1
253	154	1
253	153	1
253	152	1
253	151	1
253	150	1
253	149	1
253	148	1
253	147	1
253	146	1
253	145	1
253	144	1
253	143	1
253	142	1
253	141	1
253	140	1
253	139	1
253	138	1
253	137	1
253	136	1
253	135	1
253	134	1
253	133	2
253	132	2
253	131	2
253	130	2
253	129	2
253	128	2
253	127	2
253	126	2
253	125	2
253	124	2
253	123	2
253	122	2
253	121	2
253	120	2
253	119	2
253	118	2
253	117	2
253	116	2
253	115	2
253	114	2
253	113	2
253	112	2
253	111	2
253	110	2
253	109	2
253	108	1
253	107	1
253	106	1
253	105	1
253	104	1
253	103	1
253	102	1
253	101	1
253	100	1
253	99	2
253	98	2
253	97	2
253	96	2
253	95	2
253	94	2
253	93	2
253	92	1
253	91	2
253	90	1
253	89	1
253	88	1
253	87	1
253	86	1
253	85	1
253	84	1
253	83	1
253	82	1
253	81	1
253	80	1
253	79	1
253	78	1
253	77	1
253	76	1
253	75	1
253	74	1
253	73	2
253	72	2
253	71	2
253	70	2
253	69	2
253	68	2
253	67	2
253	66	2
253	65	2
253	64	2
253	63	2
253	62	1
253	61	1
253	60	1
253	59	1
253	58	1
253	57	2
253	56	2
253	55	2
253	54	2
253	53	1
253	52	1
253	51	1
253	50	2
253	49	2
253	48	2
253	47	1
253	46	2
253	45	2
253	44	2
253	43	2
253	42	2
253	41	1
253	40	2
253	39	2
253	38	2
253	37	2
253	36	2
253	35	2
253	34	1
253	33	1
253	32	1
253	31	1
253	30	1
253	29	1
253	28	1
253	27	1
253	26	1
253	25	1
253	24	1
253	23	1
253	22	1
253	21	1
253	20	1
253	19	1
253	18	1
253	17	1
253	16	1
253	15	1
253	14	1
253	13	1
253	12	1
253	11	1
253	10	1
253	9	1
253	8	1
253	7	1
253	6	1
253	5	1
253	4	1
253	3	1
253	2	1
253	1	1
254	216	1
254	215	1
254	214	1
254	213	1
254	212	1
254	211	1
254	210	1
254	209	1
254	208	1
254	207	1
254	206	1
254	205	1
254	204	1
254	203	1
254	202	1
254	201	1
254	200	1
254	199	1
254	198	1
254	197	1
254	196	1
254	195	1
254	194	1
254	193	1
254	192	1
254	191	1
254	190	1
254	189	1
254	188	1
254	187	1
254	186	1
254	185	1
254	184	1
254	183	1
254	182	1
254	181	1
254	180	1
254	179	1
254	178	1
254	177	1
254	176	1
254	175	1
254	174	1
254	173	1
254	172	1
254	171	1
254	170	1
254	169	1
254	168	1
254	167	1
254	166	1
254	165	1
254	164	1
254	163	1
254	162	1
254	161	1
254	160	1
254	159	1
254	158	1
254	157	1
254	156	1
254	155	1
254	154	1
254	153	1
254	152	1
254	151	1
254	150	1
254	149	1
254	148	1
254	147	1
254	146	1
254	145	1
254	144	1
254	143	1
254	142	1
254	141	2
254	140	1
254	139	1
254	138	1
254	137	1
254	136	1
254	135	1
254	134	1
254	133	1
254	132	1
254	131	2
254	130	2
254	129	2
254	128	2
254	127	1
254	126	1
254	125	2
254	124	2
254	123	1
254	122	1
254	121	2
254	120	2
254	119	2
254	118	2
254	117	2
254	116	2
254	115	2
254	114	2
254	113	1
254	112	1
254	111	1
254	110	2
254	109	2
254	108	2
254	107	1
254	106	1
254	105	1
254	104	2
254	103	2
254	102	2
254	101	1
254	100	1
254	99	2
254	98	2
254	97	2
254	96	2
254	95	2
254	94	2
254	93	1
254	92	1
254	91	2
254	90	2
254	89	1
254	88	1
254	87	1
254	86	1
254	85	1
254	84	1
254	83	1
254	82	1
254	81	1
254	80	1
254	79	1
254	78	1
254	77	1
254	76	1
254	75	1
254	74	2
254	73	2
254	72	2
254	71	2
254	70	2
254	69	2
254	68	2
254	67	2
254	66	2
254	65	2
254	64	2
254	63	1
254	62	1
254	61	1
254	60	1
254	59	1
254	58	1
254	57	2
254	56	2
254	55	2
254	54	1
254	53	1
254	52	1
254	51	2
254	50	2
254	49	2
254	48	2
254	47	2
254	46	2
254	45	2
254	44	2
254	43	1
254	42	1
254	41	2
254	40	2
254	39	2
254	38	2
254	37	2
254	36	2
254	35	1
254	34	1
254	33	1
254	32	1
254	31	1
254	30	1
254	29	1
254	28	1
254	27	1
254	26	1
254	25	1
254	24	1
254	23	1
254	22	1
254	21	1
254	20	1
254	19	1
254	18	1
254	17	1
254	16	1
254	15	1
254	14	1
254	13	1
254	12	1
254	11	1
254	10	1
254	9	1
254	8	1
254	7	1
254	6	1
254	5	1
254	4	1
254	3	1
254	2	1
254	1	1
255	216	1
255	215	1
255	214	1
255	213	1
255	212	1
255	211	1
255	210	1
255	209	1
255	208	1
255	207	1
255	206	1
255	205	1
255	204	1
255	203	1
255	202	1
255	201	1
255	200	1
255	199	1
255	198	1
255	197	1
255	196	1
255	195	1
255	194	1
255	193	1
255	192	1
255	191	1
255	190	1
255	189	1
255	188	1
255	187	1
255	186	1
255	185	1
255	184	1
255	183	1
255	182	1
255	181	1
255	180	1
255	179	1
255	178	1
255	177	1
255	176	1
255	175	1
255	174	1
255	173	1
255	172	1
255	171	1
255	170	1
255	169	1
255	168	1
255	167	1
255	166	1
255	165	1
255	164	1
255	163	1
255	162	1
255	161	1
255	160	1
255	159	1
255	158	1
255	157	1
255	156	1
255	155	1
255	154	1
255	153	1
255	152	1
255	151	1
255	150	1
255	149	1
255	148	1
255	147	1
255	146	1
255	145	1
255	144	1
255	143	1
255	142	1
255	141	2
255	140	1
255	139	1
255	138	1
255	137	1
255	136	1
255	135	1
255	134	1
255	133	1
255	132	1
255	131	1
255	130	2
255	129	2
255	128	1
255	127	1
255	126	1
255	125	2
255	124	2
255	123	1
255	122	1
255	121	1
255	120	2
255	119	2
255	118	2
255	117	2
255	116	2
255	115	2
255	114	2
255	113	2
255	112	1
255	111	1
255	110	1
255	109	1
255	108	2
255	107	2
255	106	1
255	105	1
255	104	1
255	103	2
255	102	2
255	101	2
255	100	2
255	99	2
255	98	2
255	97	2
255	96	2
255	95	2
255	94	2
255	93	2
255	92	1
255	91	1
255	90	1
255	89	1
255	88	1
255	87	1
255	86	2
255	85	1
255	84	1
255	83	1
255	82	1
255	81	1
255	80	1
255	79	2
255	78	2
255	77	2
255	76	1
255	75	2
255	74	2
255	73	2
255	72	2
255	71	2
255	70	2
255	69	2
255	68	2
255	67	2
255	66	2
255	65	2
255	64	1
255	63	1
255	62	1
255	61	1
255	60	1
255	59	1
255	58	2
255	57	2
255	56	2
255	55	2
255	54	1
255	53	1
255	52	2
255	51	2
255	50	2
255	49	2
255	48	2
255	47	2
255	46	2
255	45	2
255	44	1
255	43	1
255	42	2
255	41	2
255	40	2
255	39	2
255	38	2
255	37	2
255	36	2
255	35	1
255	34	1
255	33	1
255	32	1
255	31	1
255	30	1
255	29	1
255	28	1
255	27	1
255	26	1
255	25	1
255	24	1
255	23	1
255	22	1
255	21	1
255	20	1
255	19	1
255	18	1
255	17	1
255	16	1
255	15	1
255	14	1
255	13	1
255	12	1
255	11	1
255	10	1
255	9	1
255	8	1
255	7	1
255	6	1
255	5	1
255	4	1
255	3	1
255	2	1
255	1	1
256	216	1
256	215	1
256	214	1
256	213	1
256	212	1
256	211	1
256	210	1
256	209	1
256	208	1
256	207	1
256	206	1
256	205	1
256	204	1
256	203	1
256	202	1
256	201	1
256	200	1
256	199	1
256	198	1
256	197	1
256	196	1
256	195	1
256	194	1
256	193	1
256	192	1
256	191	1
256	190	1
256	189	1
256	188	1
256	187	1
256	186	1
256	185	1
256	184	1
256	183	1
256	182	1
256	181	1
256	180	1
256	179	1
256	178	1
256	177	1
256	176	1
256	175	1
256	174	1
256	173	1
256	172	1
256	171	1
256	170	1
256	169	1
256	168	1
256	167	1
256	166	1
256	165	1
256	164	1
256	163	1
256	162	1
256	161	1
256	160	1
256	159	1
256	158	1
256	157	1
256	156	1
256	155	1
256	154	1
256	153	1
256	152	1
256	151	1
256	150	1
256	149	1
256	148	1
256	147	1
256	146	1
256	145	1
256	144	1
256	143	1
256	142	1
256	141	1
256	140	2
256	139	2
256	138	1
256	137	1
256	136	1
256	135	1
256	134	1
256	133	1
256	132	1
256	131	2
256	130	2
256	129	2
256	128	2
256	127	2
256	126	2
256	125	2
256	124	2
256	123	2
256	122	2
256	121	2
256	120	2
256	119	2
256	118	2
256	117	2
256	116	2
256	115	2
256	114	2
256	113	2
256	112	2
256	111	1
256	110	1
256	109	1
256	108	1
256	107	1
256	106	1
256	105	1
256	104	1
256	103	1
256	102	1
256	101	2
256	100	2
256	99	2
256	98	2
256	97	2
256	96	2
256	95	2
256	94	2
256	93	2
256	92	1
256	91	1
256	90	1
256	89	1
256	88	1
256	87	2
256	86	2
256	85	1
256	84	1
256	83	1
256	82	1
256	81	1
256	80	2
256	79	2
256	78	2
256	77	2
256	76	2
256	75	2
256	74	2
256	73	2
256	72	2
256	71	2
256	70	2
256	69	2
256	68	2
256	67	2
256	66	2
256	65	1
256	64	1
256	63	1
256	62	1
256	61	1
256	60	1
256	59	2
256	58	2
256	57	2
256	56	2
256	55	1
256	54	1
256	53	2
256	52	2
256	51	2
256	50	2
256	49	2
256	48	2
256	47	2
256	46	2
256	45	1
256	44	2
256	43	2
256	42	2
256	41	2
256	40	2
256	39	2
256	38	2
256	37	2
256	36	1
256	35	1
256	34	1
256	33	1
256	32	1
256	31	1
256	30	1
256	29	1
256	28	1
256	27	1
256	26	1
256	25	1
256	24	1
256	23	1
256	22	1
256	21	1
256	20	1
256	19	1
256	18	1
256	17	1
256	16	1
256	15	1
256	14	1
256	13	1
256	12	1
256	11	1
256	10	1
256	9	1
256	8	1
256	7	1
256	6	1
256	5	1
256	4	1
256	3	1
256	2	1
256	1	1
257	216	1
257	215	1
257	214	1
257	213	1
257	212	1
257	211	1
257	210	1
257	209	1
257	208	1
257	207	1
257	206	1
257	205	1
257	204	1
257	203	1
257	202	1
257	201	1
257	200	1
257	199	1
257	198	1
257	197	1
257	196	1
257	195	1
257	194	1
257	193	1
257	192	1
257	191	1
257	190	1
257	189	1
257	188	1
257	187	1
257	186	1
257	185	1
257	184	1
257	183	1
257	182	1
257	181	1
257	180	1
257	179	1
257	178	1
257	177	1
257	176	1
257	175	1
257	174	1
257	173	1
257	172	1
257	171	1
257	170	1
257	169	1
257	168	1
257	167	1
257	166	1
257	165	1
257	164	1
257	163	1
257	162	1
257	161	1
257	160	1
257	159	1
257	158	1
257	157	1
257	156	1
257	155	1
257	154	1
257	153	1
257	152	1
257	151	1
257	150	1
257	149	1
257	148	1
257	147	1
257	146	1
257	145	1
257	144	1
257	143	1
257	142	1
257	141	1
257	140	2
257	139	2
257	138	2
257	137	1
257	136	1
257	135	1
257	134	1
257	133	1
257	132	1
257	131	1
257	130	2
257	129	2
257	128	2
257	127	2
257	126	2
257	125	1
257	124	2
257	123	2
257	122	2
257	121	2
257	120	2
257	119	2
257	118	2
257	117	2
257	116	2
257	115	2
257	114	2
257	113	2
257	112	2
257	111	2
257	110	1
257	109	1
257	108	1
257	107	1
257	106	1
257	105	1
257	104	1
257	103	1
257	102	1
257	101	1
257	100	2
257	99	2
257	98	2
257	97	2
257	96	2
257	95	2
257	94	2
257	93	2
257	92	1
257	91	1
257	90	1
257	89	1
257	88	1
257	87	2
257	86	2
257	85	2
257	84	2
257	83	2
257	82	2
257	81	2
257	80	2
257	79	2
257	78	2
257	77	2
257	76	2
257	75	2
257	74	2
257	73	2
257	72	2
257	71	2
257	70	2
257	69	2
257	68	2
257	67	2
257	66	1
257	65	1
257	64	1
257	63	1
257	62	1
257	61	1
257	60	2
257	59	2
257	58	2
257	57	2
257	56	1
257	55	2
257	54	2
257	53	2
257	52	2
257	51	2
257	50	2
257	49	2
257	48	2
257	47	2
257	46	1
257	45	2
257	44	2
257	43	2
257	42	2
257	41	2
257	40	2
257	39	2
257	38	2
257	37	2
257	36	1
257	35	1
257	34	1
257	33	1
257	32	1
257	31	1
257	30	1
257	29	1
257	28	1
257	27	1
257	26	1
257	25	1
257	24	1
257	23	1
257	22	1
257	21	1
257	20	1
257	19	1
257	18	1
257	17	1
257	16	1
257	15	1
257	14	1
257	13	1
257	12	1
257	11	1
257	10	1
257	9	1
257	8	1
257	7	1
257	6	1
257	5	1
257	4	1
257	3	1
257	2	1
257	1	1
258	216	1
258	215	1
258	214	1
258	213	1
258	212	1
258	211	1
258	210	1
258	209	1
258	208	1
258	207	1
258	206	1
258	205	1
258	204	1
258	203	1
258	202	1
258	201	1
258	200	1
258	199	1
258	198	1
258	197	1
258	196	1
258	195	1
258	194	1
258	193	1
258	192	1
258	191	1
258	190	1
258	189	1
258	188	1
258	187	1
258	186	1
258	185	1
258	184	1
258	183	1
258	182	1
258	181	1
258	180	1
258	179	1
258	178	1
258	177	1
258	176	1
258	175	1
258	174	1
258	173	1
258	172	1
258	171	1
258	170	1
258	169	1
258	168	1
258	167	1
258	166	1
258	165	1
258	164	1
258	163	1
258	162	1
258	161	1
258	160	1
258	159	1
258	158	1
258	157	1
258	156	1
258	155	1
258	154	1
258	153	1
258	152	1
258	151	1
258	150	1
258	149	1
258	148	1
258	147	1
258	146	1
258	145	1
258	144	1
258	143	1
258	142	1
258	141	1
258	140	1
258	139	2
258	138	2
258	137	2
258	136	1
258	135	1
258	134	1
258	133	1
258	132	1
258	131	1
258	130	2
258	129	2
258	128	2
258	127	2
258	126	2
258	125	1
258	124	1
258	123	2
258	122	2
258	121	2
258	120	2
258	119	2
258	118	2
258	117	2
258	116	2
258	115	2
258	114	2
258	113	2
258	112	2
258	111	2
258	110	1
258	109	1
258	108	1
258	107	1
258	106	1
258	105	1
258	104	1
258	103	1
258	102	1
258	101	1
258	100	1
258	99	2
258	98	2
258	97	2
258	96	2
258	95	2
258	94	2
258	93	2
258	92	2
258	91	2
258	90	2
258	89	2
258	88	2
258	87	2
258	86	2
258	85	2
258	84	2
258	83	2
258	82	2
258	81	2
258	80	2
258	79	2
258	78	2
258	77	2
258	76	2
258	75	2
258	74	2
258	73	2
258	72	2
258	71	2
258	70	2
258	69	2
258	68	2
258	67	1
258	66	1
258	65	1
258	64	1
258	63	1
258	62	1
258	61	2
258	60	2
258	59	2
258	58	2
258	57	2
258	56	2
258	55	2
258	54	2
258	53	2
258	52	2
258	51	2
258	50	2
258	49	2
258	48	2
258	47	2
258	46	2
258	45	2
258	44	2
258	43	2
258	42	2
258	41	2
258	40	2
258	39	2
258	38	2
258	37	1
258	36	1
258	35	1
258	34	1
258	33	1
258	32	1
258	31	1
258	30	1
258	29	1
258	28	1
258	27	1
258	26	1
258	25	1
258	24	1
258	23	1
258	22	1
258	21	1
258	20	1
258	19	1
258	18	1
258	17	1
258	16	1
258	15	1
258	14	1
258	13	1
258	12	1
258	11	1
258	10	1
258	9	1
258	8	1
258	7	1
258	6	1
258	5	1
258	4	1
258	3	1
258	2	1
258	1	1
259	216	1
259	215	1
259	214	1
259	213	1
259	212	1
259	211	1
259	210	1
259	209	1
259	208	1
259	207	1
259	206	1
259	205	1
259	204	1
259	203	1
259	202	1
259	201	1
259	200	1
259	199	1
259	198	1
259	197	1
259	196	1
259	195	1
259	194	1
259	193	1
259	192	1
259	191	1
259	190	1
259	189	1
259	188	1
259	187	1
259	186	1
259	185	1
259	184	1
259	183	1
259	182	1
259	181	1
259	180	1
259	179	1
259	178	1
259	177	1
259	176	1
259	175	1
259	174	1
259	173	1
259	172	1
259	171	1
259	170	1
259	169	1
259	168	1
259	167	1
259	166	1
259	165	1
259	164	1
259	163	1
259	162	1
259	161	1
259	160	1
259	159	1
259	158	1
259	157	1
259	156	1
259	155	1
259	154	1
259	153	1
259	152	1
259	151	1
259	150	1
259	149	1
259	148	1
259	147	1
259	146	1
259	145	1
259	144	1
259	143	1
259	142	1
259	141	1
259	140	1
259	139	1
259	138	1
259	137	2
259	136	2
259	135	1
259	134	1
259	133	1
259	132	2
259	131	2
259	130	2
259	129	2
259	128	2
259	127	2
259	126	2
259	125	2
259	124	2
259	123	2
259	122	2
259	121	1
259	120	2
259	119	2
259	118	2
259	117	2
259	116	2
259	115	2
259	114	2
259	113	2
259	112	2
259	111	2
259	110	2
259	109	1
259	108	1
259	107	1
259	106	1
259	105	1
259	104	1
259	103	1
259	102	1
259	101	1
259	100	1
259	99	1
259	98	2
259	97	2
259	96	2
259	95	2
259	94	2
259	93	2
259	92	2
259	91	2
259	90	2
259	89	2
259	88	2
259	87	2
259	86	2
259	85	1
259	84	2
259	83	2
259	82	2
259	81	2
259	80	2
259	79	2
259	78	2
259	77	2
259	76	2
259	75	2
259	74	2
259	73	2
259	72	2
259	71	2
259	70	2
259	69	2
259	68	2
259	67	1
259	66	1
259	65	1
259	64	1
259	63	1
259	62	2
259	61	2
259	60	2
259	59	2
259	58	2
259	57	2
259	56	2
259	55	2
259	54	2
259	53	2
259	52	2
259	51	2
259	50	2
259	49	2
259	48	2
259	47	2
259	46	2
259	45	2
259	44	2
259	43	2
259	42	2
259	41	2
259	40	2
259	39	2
259	38	2
259	37	1
259	36	1
259	35	1
259	34	1
259	33	1
259	32	1
259	31	1
259	30	1
259	29	1
259	28	1
259	27	1
259	26	1
259	25	1
259	24	1
259	23	1
259	22	1
259	21	1
259	20	1
259	19	1
259	18	1
259	17	1
259	16	1
259	15	1
259	14	1
259	13	1
259	12	1
259	11	1
259	10	1
259	9	1
259	8	1
259	7	1
259	6	1
259	5	1
259	4	1
259	3	1
259	2	1
259	1	1
260	216	1
260	215	1
260	214	1
260	213	1
260	212	1
260	211	1
260	210	1
260	209	1
260	208	1
260	207	1
260	206	1
260	205	1
260	204	1
260	203	1
260	202	1
260	201	1
260	200	1
260	199	1
260	198	1
260	197	1
260	196	1
260	195	1
260	194	1
260	193	1
260	192	1
260	191	1
260	190	1
260	189	1
260	188	1
260	187	1
260	186	1
260	185	1
260	184	1
260	183	1
260	182	1
260	181	1
260	180	1
260	179	1
260	178	1
260	177	1
260	176	1
260	175	1
260	174	1
260	173	1
260	172	1
260	171	1
260	170	1
260	169	1
260	168	1
260	167	1
260	166	1
260	165	1
260	164	1
260	163	1
260	162	1
260	161	1
260	160	1
260	159	1
260	158	1
260	157	1
260	156	1
260	155	1
260	154	1
260	153	1
260	152	1
260	151	1
260	150	1
260	149	1
260	148	1
260	147	1
260	146	1
260	145	1
260	144	1
260	143	1
260	142	1
260	141	1
260	140	1
260	139	1
260	138	1
260	137	2
260	136	2
260	135	2
260	134	1
260	133	1
260	132	1
260	131	2
260	130	2
260	129	2
260	128	2
260	127	2
260	126	2
260	125	2
260	124	2
260	123	2
260	122	2
260	121	1
260	120	2
260	119	2
260	118	2
260	117	2
260	116	2
260	115	2
260	114	2
260	113	2
260	112	2
260	111	2
260	110	2
260	109	2
260	108	1
260	107	1
260	106	1
260	105	1
260	104	1
260	103	1
260	102	2
260	101	2
260	100	1
260	99	2
260	98	2
260	97	2
260	96	2
260	95	2
260	94	2
260	93	2
260	92	1
260	91	1
260	90	1
260	89	1
260	88	1
260	87	1
260	86	1
260	85	2
260	84	2
260	83	2
260	82	2
260	81	2
260	80	2
260	79	2
260	78	2
260	77	2
260	76	2
260	75	2
260	74	2
260	73	2
260	72	2
260	71	2
260	70	2
260	69	2
260	68	1
260	67	1
260	66	1
260	65	1
260	64	1
260	63	2
260	62	2
260	61	2
260	60	2
260	59	2
260	58	2
260	57	2
260	56	2
260	55	2
260	54	2
260	53	2
260	52	2
260	51	2
260	50	2
260	49	2
260	48	2
260	47	2
260	46	2
260	45	2
260	44	2
260	43	2
260	42	2
260	41	2
260	40	2
260	39	2
260	38	1
260	37	1
260	36	1
260	35	1
260	34	1
260	33	1
260	32	1
260	31	1
260	30	1
260	29	1
260	28	1
260	27	1
260	26	1
260	25	1
260	24	1
260	23	1
260	22	1
260	21	1
260	20	1
260	19	1
260	18	1
260	17	1
260	16	1
260	15	1
260	14	1
260	13	1
260	12	1
260	11	1
260	10	1
260	9	1
260	8	1
260	7	1
260	6	1
260	5	1
260	4	1
260	3	1
260	2	1
260	1	1
261	216	1
261	215	1
261	214	1
261	213	1
261	212	1
261	211	1
261	210	1
261	209	1
261	208	1
261	207	1
261	206	1
261	205	1
261	204	1
261	203	1
261	202	1
261	201	1
261	200	1
261	199	1
261	198	1
261	197	1
261	196	1
261	195	1
261	194	1
261	193	1
261	192	1
261	191	1
261	190	1
261	189	1
261	188	1
261	187	1
261	186	1
261	185	1
261	184	1
261	183	1
261	182	1
261	181	1
261	180	1
261	179	1
261	178	1
261	177	1
261	176	1
261	175	1
261	174	1
261	173	1
261	172	1
261	171	1
261	170	1
261	169	1
261	168	1
261	167	1
261	166	1
261	165	1
261	164	1
261	163	1
261	162	1
261	161	1
261	160	1
261	159	1
261	158	1
261	157	1
261	156	1
261	155	1
261	154	1
261	153	1
261	152	1
261	151	1
261	150	1
261	149	1
261	148	1
261	147	1
261	146	1
261	145	1
261	144	1
261	143	1
261	142	1
261	141	1
261	140	1
261	139	1
261	138	1
261	137	1
261	136	2
261	135	2
261	134	2
261	133	2
261	132	1
261	131	2
261	130	2
261	129	2
261	128	2
261	127	2
261	126	2
261	125	2
261	124	2
261	123	2
261	122	1
261	121	2
261	120	2
261	119	2
261	118	2
261	117	2
261	116	2
261	115	2
261	114	2
261	113	2
261	112	2
261	111	2
261	110	2
261	109	2
261	108	2
261	107	1
261	106	1
261	105	1
261	104	1
261	103	1
261	102	1
261	101	1
261	100	1
261	99	1
261	98	2
261	97	2
261	96	2
261	95	2
261	94	2
261	93	2
261	92	1
261	91	1
261	90	1
261	89	1
261	88	1
261	87	1
261	86	2
261	85	2
261	84	2
261	83	2
261	82	2
261	81	1
261	80	1
261	79	1
261	78	2
261	77	2
261	76	2
261	75	2
261	74	2
261	73	2
261	72	2
261	71	2
261	70	2
261	69	1
261	68	1
261	67	1
261	66	1
261	65	1
261	64	1
261	63	2
261	62	2
261	61	2
261	60	2
261	59	2
261	58	2
261	57	2
261	56	2
261	55	2
261	54	2
261	53	2
261	52	2
261	51	2
261	50	2
261	49	2
261	48	2
261	47	2
261	46	2
261	45	2
261	44	2
261	43	2
261	42	2
261	41	2
261	40	2
261	39	1
261	38	1
261	37	1
261	36	1
261	35	1
261	34	1
261	33	1
261	32	1
261	31	1
261	30	1
261	29	1
261	28	1
261	27	1
261	26	1
261	25	1
261	24	1
261	23	1
261	22	1
261	21	1
261	20	1
261	19	1
261	18	1
261	17	1
261	16	1
261	15	1
261	14	1
261	13	1
261	12	1
261	11	1
261	10	1
261	9	1
261	8	1
261	7	1
261	6	1
261	5	1
261	4	1
261	3	1
261	2	1
261	1	1
262	216	1
262	215	1
262	214	1
262	213	1
262	212	1
262	211	1
262	210	1
262	209	1
262	208	1
262	207	1
262	206	1
262	205	1
262	204	1
262	203	1
262	202	1
262	201	1
262	200	1
262	199	1
262	198	1
262	197	1
262	196	1
262	195	1
262	194	1
262	193	1
262	192	1
262	191	1
262	190	1
262	189	1
262	188	1
262	187	1
262	186	1
262	185	1
262	184	1
262	183	1
262	182	1
262	181	1
262	180	1
262	179	1
262	178	1
262	177	1
262	176	1
262	175	1
262	174	1
262	173	1
262	172	1
262	171	1
262	170	1
262	169	1
262	168	1
262	167	1
262	166	1
262	165	1
262	164	1
262	163	1
262	162	1
262	161	1
262	160	1
262	159	1
262	158	1
262	157	1
262	156	1
262	155	1
262	154	1
262	153	1
262	152	1
262	151	1
262	150	1
262	149	1
262	148	1
262	147	1
262	146	1
262	145	1
262	144	1
262	143	1
262	142	1
262	141	1
262	140	1
262	139	2
262	138	2
262	137	1
262	136	2
262	135	2
262	134	2
262	133	2
262	132	2
262	131	1
262	130	2
262	129	2
262	128	2
262	127	2
262	126	2
262	125	2
262	124	2
262	123	2
262	122	2
262	121	2
262	120	2
262	119	2
262	118	2
262	117	2
262	116	2
262	115	2
262	114	2
262	113	2
262	112	2
262	111	2
262	110	2
262	109	2
262	108	2
262	107	2
262	106	1
262	105	1
262	104	1
262	103	1
262	102	1
262	101	1
262	100	1
262	99	1
262	98	2
262	97	2
262	96	2
262	95	2
262	94	2
262	93	2
262	92	1
262	91	1
262	90	1
262	89	1
262	88	2
262	87	2
262	86	2
262	85	1
262	84	1
262	83	1
262	82	1
262	81	1
262	80	1
262	79	2
262	78	2
262	77	2
262	76	1
262	75	2
262	74	2
262	73	1
262	72	1
262	71	1
262	70	1
262	69	1
262	68	1
262	67	1
262	66	1
262	65	2
262	64	2
262	63	2
262	62	2
262	61	2
262	60	2
262	59	2
262	58	2
262	57	2
262	56	2
262	55	2
262	54	2
262	53	2
262	52	2
262	51	2
262	50	2
262	49	2
262	48	2
262	47	2
262	46	2
262	45	2
262	44	2
262	43	2
262	42	2
262	41	2
262	40	2
262	39	1
262	38	1
262	37	1
262	36	1
262	35	1
262	34	1
262	33	1
262	32	1
262	31	1
262	30	1
262	29	1
262	28	1
262	27	1
262	26	1
262	25	1
262	24	1
262	23	1
262	22	1
262	21	1
262	20	1
262	19	1
262	18	1
262	17	1
262	16	1
262	15	1
262	14	1
262	13	1
262	12	1
262	11	1
262	10	1
262	9	1
262	8	1
262	7	1
262	6	1
262	5	1
262	4	1
262	3	1
262	2	1
262	1	1
263	216	1
263	215	1
263	214	1
263	213	1
263	212	1
263	211	1
263	210	1
263	209	1
263	208	1
263	207	1
263	206	1
263	205	1
263	204	1
263	203	1
263	202	1
263	201	1
263	200	1
263	199	1
263	198	1
263	197	1
263	196	1
263	195	1
263	194	1
263	193	1
263	192	1
263	191	1
263	190	1
263	189	1
263	188	1
263	187	1
263	186	1
263	185	1
263	184	1
263	183	1
263	182	1
263	181	1
263	180	1
263	179	1
263	178	1
263	177	1
263	176	1
263	175	1
263	174	1
263	173	1
263	172	1
263	171	1
263	170	1
263	169	1
263	168	1
263	167	1
263	166	1
263	165	1
263	164	1
263	163	1
263	162	1
263	161	1
263	160	1
263	159	1
263	158	1
263	157	1
263	156	1
263	155	1
263	154	1
263	153	1
263	152	1
263	151	1
263	150	1
263	149	1
263	148	1
263	147	1
263	146	1
263	145	1
263	144	1
263	143	1
263	142	2
263	141	2
263	140	1
263	139	1
263	138	2
263	137	2
263	136	1
263	135	2
263	134	2
263	133	2
263	132	2
263	131	2
263	130	1
263	129	2
263	128	2
263	127	2
263	126	2
263	125	2
263	124	2
263	123	2
263	122	2
263	121	2
263	120	2
263	119	2
263	118	2
263	117	2
263	116	2
263	115	2
263	114	2
263	113	2
263	112	2
263	111	2
263	110	2
263	109	2
263	108	2
263	107	2
263	106	2
263	105	1
263	104	1
263	103	2
263	102	2
263	101	1
263	100	2
263	99	2
263	98	2
263	97	2
263	96	2
263	95	2
263	94	1
263	93	2
263	92	2
263	91	2
263	90	2
263	89	2
263	88	2
263	87	1
263	86	1
263	85	1
263	84	1
263	83	1
263	82	1
263	81	1
263	80	1
263	79	2
263	78	2
263	77	2
263	76	2
263	75	2
263	74	2
263	73	2
263	72	2
263	71	2
263	70	1
263	69	1
263	68	1
263	67	1
263	66	2
263	65	2
263	64	2
263	63	2
263	62	2
263	61	2
263	60	2
263	59	2
263	58	2
263	57	2
263	56	2
263	55	2
263	54	2
263	53	2
263	52	2
263	51	2
263	50	2
263	49	2
263	48	2
263	47	2
263	46	2
263	45	2
263	44	2
263	43	2
263	42	2
263	41	2
263	40	2
263	39	1
263	38	1
263	37	1
263	36	1
263	35	1
263	34	1
263	33	1
263	32	1
263	31	1
263	30	1
263	29	1
263	28	1
263	27	1
263	26	1
263	25	1
263	24	1
263	23	1
263	22	1
263	21	1
263	20	1
263	19	1
263	18	1
263	17	1
263	16	1
263	15	1
263	14	1
263	13	1
263	12	1
263	11	1
263	10	1
263	9	1
263	8	1
263	7	1
263	6	1
263	5	1
263	4	1
263	3	1
263	2	1
263	1	1
264	216	1
264	215	1
264	214	1
264	213	1
264	212	1
264	211	1
264	210	1
264	209	1
264	208	1
264	207	1
264	206	1
264	205	1
264	204	1
264	203	1
264	202	1
264	201	1
264	200	1
264	199	1
264	198	1
264	197	1
264	196	1
264	195	1
264	194	1
264	193	1
264	192	1
264	191	1
264	190	1
264	189	1
264	188	1
264	187	1
264	186	1
264	185	1
264	184	1
264	183	1
264	182	1
264	181	1
264	180	1
264	179	1
264	178	1
264	177	1
264	176	1
264	175	1
264	174	1
264	173	1
264	172	1
264	171	1
264	170	1
264	169	1
264	168	1
264	167	1
264	166	1
264	165	1
264	164	1
264	163	1
264	162	1
264	161	1
264	160	1
264	159	1
264	158	1
264	157	1
264	156	1
264	155	1
264	154	1
264	153	1
264	152	1
264	151	1
264	150	1
264	149	1
264	148	1
264	147	1
264	146	1
264	145	1
264	144	1
264	143	1
264	142	1
264	141	2
264	140	2
264	139	2
264	138	1
264	137	1
264	136	1
264	135	2
264	134	2
264	133	2
264	132	2
264	131	2
264	130	2
264	129	2
264	128	2
264	127	2
264	126	2
264	125	2
264	124	2
264	123	2
264	122	2
264	121	2
264	120	2
264	119	2
264	118	2
264	117	2
264	116	2
264	115	2
264	114	2
264	113	2
264	112	1
264	111	1
264	110	1
264	109	1
264	108	2
264	107	2
264	106	2
264	105	2
264	104	2
264	103	2
264	102	2
264	101	2
264	100	2
264	99	2
264	98	2
264	97	2
264	96	2
264	95	2
264	94	2
264	93	2
264	92	2
264	91	2
264	90	2
264	89	1
264	88	1
264	87	1
264	86	1
264	85	1
264	84	1
264	83	1
264	82	1
264	81	1
264	80	2
264	79	2
264	78	2
264	77	2
264	76	2
264	75	2
264	74	2
264	73	2
264	72	2
264	71	2
264	70	1
264	69	1
264	68	1
264	67	1
264	66	2
264	65	2
264	64	2
264	63	2
264	62	2
264	61	2
264	60	2
264	59	2
264	58	2
264	57	2
264	56	2
264	55	2
264	54	2
264	53	2
264	52	2
264	51	2
264	50	2
264	49	2
264	48	2
264	47	2
264	46	2
264	45	2
264	44	2
264	43	2
264	42	2
264	41	2
264	40	2
264	39	1
264	38	1
264	37	1
264	36	1
264	35	1
264	34	1
264	33	1
264	32	1
264	31	1
264	30	1
264	29	1
264	28	1
264	27	1
264	26	1
264	25	1
264	24	1
264	23	1
264	22	1
264	21	1
264	20	1
264	19	1
264	18	1
264	17	1
264	16	1
264	15	1
264	14	1
264	13	1
264	12	1
264	11	1
264	10	1
264	9	1
264	8	1
264	7	1
264	6	1
264	5	1
264	4	1
264	3	1
264	2	1
264	1	1
265	216	1
265	215	1
265	214	1
265	213	1
265	212	1
265	211	1
265	210	1
265	209	1
265	208	1
265	207	1
265	206	1
265	205	1
265	204	1
265	203	1
265	202	1
265	201	1
265	200	1
265	199	1
265	198	1
265	197	1
265	196	1
265	195	1
265	194	1
265	193	1
265	192	1
265	191	1
265	190	1
265	189	1
265	188	1
265	187	1
265	186	1
265	185	1
265	184	1
265	183	1
265	182	1
265	181	1
265	180	1
265	179	1
265	178	1
265	177	1
265	176	1
265	175	1
265	174	1
265	173	1
265	172	1
265	171	1
265	170	1
265	169	1
265	168	1
265	167	1
265	166	1
265	165	1
265	164	1
265	163	1
265	162	1
265	161	1
265	160	1
265	159	1
265	158	1
265	157	1
265	156	1
265	155	1
265	154	1
265	153	1
265	152	1
265	151	1
265	150	1
265	149	1
265	148	1
265	147	1
265	146	1
265	145	1
265	144	1
265	143	1
265	142	1
265	141	1
265	140	2
265	139	2
265	138	2
265	137	2
265	136	2
265	135	1
265	134	2
265	133	2
265	132	2
265	131	2
265	130	2
265	129	2
265	128	2
265	127	2
265	126	2
265	125	2
265	124	2
265	123	2
265	122	2
265	121	2
265	120	2
265	119	1
265	118	2
265	117	2
265	116	2
265	115	2
265	114	1
265	113	1
265	112	1
265	111	2
265	110	2
265	109	1
265	108	1
265	107	1
265	106	1
265	105	1
265	104	1
265	103	2
265	102	2
265	101	2
265	100	2
265	99	2
265	98	2
265	97	2
265	96	2
265	95	2
265	94	2
265	93	2
265	92	2
265	91	1
265	90	1
265	89	1
265	88	1
265	87	1
265	86	1
265	85	1
265	84	1
265	83	1
265	82	1
265	81	2
265	80	2
265	79	2
265	78	2
265	77	2
265	76	2
265	75	2
265	74	2
265	73	2
265	72	2
265	71	1
265	70	1
265	69	1
265	68	1
265	67	2
265	66	2
265	65	2
265	64	2
265	63	2
265	62	2
265	61	2
265	60	2
265	59	2
265	58	2
265	57	2
265	56	2
265	55	2
265	54	2
265	53	2
265	52	2
265	51	2
265	50	2
265	49	2
265	48	2
265	47	2
265	46	2
265	45	2
265	44	2
265	43	2
265	42	2
265	41	2
265	40	1
265	39	1
265	38	1
265	37	1
265	36	1
265	35	1
265	34	1
265	33	1
265	32	1
265	31	1
265	30	1
265	29	1
265	28	1
265	27	1
265	26	1
265	25	1
265	24	1
265	23	1
265	22	1
265	21	1
265	20	1
265	19	1
265	18	1
265	17	1
265	16	1
265	15	1
265	14	1
265	13	1
265	12	1
265	11	1
265	10	1
265	9	1
265	8	1
265	7	1
265	6	1
265	5	1
265	4	1
265	3	1
265	2	1
265	1	1
266	216	1
266	215	1
266	214	1
266	213	1
266	212	1
266	211	1
266	210	1
266	209	1
266	208	1
266	207	1
266	206	1
266	205	1
266	204	1
266	203	1
266	202	1
266	201	1
266	200	1
266	199	1
266	198	1
266	197	1
266	196	1
266	195	1
266	194	1
266	193	1
266	192	1
266	191	1
266	190	1
266	189	1
266	188	1
266	187	1
266	186	1
266	185	1
266	184	1
266	183	1
266	182	1
266	181	1
266	180	1
266	179	1
266	178	1
266	177	1
266	176	1
266	175	1
266	174	1
266	173	1
266	172	1
266	171	1
266	170	1
266	169	1
266	168	1
266	167	1
266	166	1
266	165	1
266	164	1
266	163	1
266	162	1
266	161	1
266	160	1
266	159	1
266	158	1
266	157	1
266	156	1
266	155	1
266	154	1
266	153	1
266	152	1
266	151	1
266	150	1
266	149	1
266	148	1
266	147	1
266	146	1
266	145	1
266	144	1
266	143	1
266	142	1
266	141	1
266	140	1
266	139	1
266	138	2
266	137	2
266	136	2
266	135	2
266	134	2
266	133	2
266	132	2
266	131	2
266	130	2
266	129	2
266	128	2
266	127	2
266	126	2
266	125	2
266	124	2
266	123	2
266	122	2
266	121	2
266	120	2
266	119	1
266	118	1
266	117	1
266	116	2
266	115	2
266	114	2
266	113	2
266	112	2
266	111	2
266	110	2
266	109	2
266	108	1
266	107	1
266	106	1
266	105	1
266	104	1
266	103	1
266	102	1
266	101	2
266	100	2
266	99	2
266	98	2
266	97	2
266	96	2
266	95	2
266	94	2
266	93	2
266	92	2
266	91	1
266	90	1
266	89	1
266	88	1
266	87	1
266	86	1
266	85	1
266	84	1
266	83	1
266	82	1
266	81	2
266	80	2
266	79	2
266	78	2
266	77	2
266	76	2
266	75	2
266	74	2
266	73	2
266	72	1
266	71	1
266	70	1
266	69	1
266	68	2
266	67	2
266	66	2
266	65	2
266	64	2
266	63	2
266	62	2
266	61	2
266	60	2
266	59	2
266	58	2
266	57	2
266	56	2
266	55	2
266	54	2
266	53	2
266	52	2
266	51	2
266	50	2
266	49	2
266	48	2
266	47	2
266	46	2
266	45	2
266	44	2
266	43	2
266	42	2
266	41	2
266	40	1
266	39	1
266	38	1
266	37	1
266	36	1
266	35	1
266	34	1
266	33	1
266	32	1
266	31	1
266	30	1
266	29	1
266	28	1
266	27	1
266	26	1
266	25	1
266	24	1
266	23	1
266	22	1
266	21	1
266	20	1
266	19	1
266	18	1
266	17	1
266	16	1
266	15	1
266	14	1
266	13	1
266	12	1
266	11	1
266	10	1
266	9	1
266	8	1
266	7	1
266	6	1
266	5	1
266	4	1
266	3	1
266	2	1
266	1	1
267	216	1
267	215	1
267	214	1
267	213	1
267	212	1
267	211	1
267	210	1
267	209	1
267	208	1
267	207	1
267	206	1
267	205	1
267	204	1
267	203	1
267	202	1
267	201	1
267	200	1
267	199	1
267	198	1
267	197	1
267	196	1
267	195	1
267	194	1
267	193	1
267	192	1
267	191	1
267	190	1
267	189	1
267	188	1
267	187	1
267	186	1
267	185	1
267	184	1
267	183	1
267	182	1
267	181	1
267	180	1
267	179	1
267	178	1
267	177	1
267	176	1
267	175	1
267	174	1
267	173	1
267	172	1
267	171	1
267	170	1
267	169	1
267	168	1
267	167	1
267	166	1
267	165	1
267	164	1
267	163	1
267	162	1
267	161	1
267	160	1
267	159	1
267	158	1
267	157	1
267	156	1
267	155	1
267	154	1
267	153	1
267	152	1
267	151	1
267	150	1
267	149	1
267	148	1
267	147	1
267	146	1
267	145	1
267	144	1
267	143	1
267	142	1
267	141	1
267	140	1
267	139	1
267	138	1
267	137	2
267	136	2
267	135	2
267	134	2
267	133	2
267	132	2
267	131	2
267	130	2
267	129	2
267	128	2
267	127	2
267	126	2
267	125	2
267	124	2
267	123	2
267	122	2
267	121	2
267	120	1
267	119	1
267	118	1
267	117	1
267	116	2
267	115	2
267	114	2
267	113	2
267	112	2
267	111	2
267	110	2
267	109	2
267	108	1
267	107	1
267	106	1
267	105	1
267	104	2
267	103	1
267	102	1
267	101	1
267	100	1
267	99	2
267	98	2
267	97	2
267	96	2
267	95	2
267	94	2
267	93	2
267	92	1
267	91	1
267	90	1
267	89	1
267	88	1
267	87	1
267	86	1
267	85	1
267	84	1
267	83	2
267	82	2
267	81	2
267	80	2
267	79	2
267	78	2
267	77	2
267	76	2
267	75	2
267	74	2
267	73	1
267	72	1
267	71	1
267	70	1
267	69	2
267	68	2
267	67	2
267	66	2
267	65	2
267	64	2
267	63	2
267	62	2
267	61	2
267	60	2
267	59	2
267	58	2
267	57	2
267	56	2
267	55	2
267	54	2
267	53	2
267	52	2
267	51	2
267	50	2
267	49	2
267	48	2
267	47	2
267	46	2
267	45	2
267	44	2
267	43	2
267	42	2
267	41	2
267	40	1
267	39	1
267	38	1
267	37	1
267	36	1
267	35	1
267	34	1
267	33	1
267	32	1
267	31	1
267	30	1
267	29	1
267	28	1
267	27	1
267	26	1
267	25	1
267	24	1
267	23	1
267	22	1
267	21	1
267	20	1
267	19	1
267	18	1
267	17	1
267	16	1
267	15	1
267	14	1
267	13	1
267	12	1
267	11	1
267	10	1
267	9	1
267	8	1
267	7	1
267	6	1
267	5	1
267	4	1
267	3	1
267	2	1
267	1	1
268	216	1
268	215	1
268	214	1
268	213	1
268	212	1
268	211	1
268	210	1
268	209	1
268	208	1
268	207	1
268	206	1
268	205	1
268	204	1
268	203	1
268	202	1
268	201	1
268	200	1
268	199	1
268	198	1
268	197	1
268	196	1
268	195	1
268	194	1
268	193	1
268	192	1
268	191	1
268	190	1
268	189	1
268	188	1
268	187	1
268	186	1
268	185	1
268	184	1
268	183	1
268	182	1
268	181	1
268	180	1
268	179	1
268	178	1
268	177	1
268	176	1
268	175	1
268	174	1
268	173	1
268	172	1
268	171	1
268	170	1
268	169	1
268	168	1
268	167	1
268	166	1
268	165	1
268	164	1
268	163	1
268	162	1
268	161	1
268	160	1
268	159	1
268	158	1
268	157	1
268	156	1
268	155	1
268	154	1
268	153	1
268	152	1
268	151	1
268	150	1
268	149	2
268	148	2
268	147	2
268	146	1
268	145	1
268	144	1
268	143	1
268	142	1
268	141	1
268	140	1
268	139	1
268	138	1
268	137	1
268	136	2
268	135	2
268	134	2
268	133	2
268	132	2
268	131	2
268	130	2
268	129	2
268	128	2
268	127	2
268	126	2
268	125	2
268	124	2
268	123	2
268	122	2
268	121	2
268	120	2
268	119	1
268	118	1
268	117	1
268	116	2
268	115	2
268	114	2
268	113	2
268	112	2
268	111	2
268	110	2
268	109	2
268	108	2
268	107	1
268	106	2
268	105	2
268	104	2
268	103	2
268	102	1
268	101	1
268	100	1
268	99	1
268	98	1
268	97	1
268	96	1
268	95	2
268	94	2
268	93	2
268	92	1
268	91	1
268	90	1
268	89	1
268	88	1
268	87	1
268	86	1
268	85	1
268	84	1
268	83	2
268	82	2
268	81	2
268	80	2
268	79	2
268	78	2
268	77	2
268	76	2
268	75	2
268	74	1
268	73	1
268	72	1
268	71	2
268	70	2
268	69	2
268	68	2
268	67	2
268	66	2
268	65	2
268	64	2
268	63	2
268	62	2
268	61	2
268	60	2
268	59	2
268	58	2
268	57	2
268	56	2
268	55	2
268	54	2
268	53	2
268	52	2
268	51	2
268	50	2
268	49	2
268	48	2
268	47	2
268	46	2
268	45	2
268	44	2
268	43	2
268	42	2
268	41	2
268	40	1
268	39	1
268	38	1
268	37	1
268	36	1
268	35	1
268	34	1
268	33	1
268	32	1
268	31	1
268	30	1
268	29	1
268	28	1
268	27	1
268	26	1
268	25	1
268	24	1
268	23	1
268	22	1
268	21	1
268	20	1
268	19	1
268	18	1
268	17	1
268	16	1
268	15	1
268	14	1
268	13	1
268	12	1
268	11	1
268	10	1
268	9	1
268	8	1
268	7	1
268	6	1
268	5	1
268	4	1
268	3	1
268	2	1
268	1	1
269	216	1
269	215	1
269	214	1
269	213	1
269	212	1
269	211	1
269	210	1
269	209	1
269	208	1
269	207	1
269	206	1
269	205	1
269	204	1
269	203	1
269	202	1
269	201	1
269	200	1
269	199	1
269	198	1
269	197	1
269	196	1
269	195	1
269	194	1
269	193	1
269	192	1
269	191	1
269	190	1
269	189	1
269	188	1
269	187	1
269	186	1
269	185	1
269	184	1
269	183	1
269	182	1
269	181	1
269	180	1
269	179	1
269	178	1
269	177	1
269	176	1
269	175	1
269	174	1
269	173	1
269	172	1
269	171	1
269	170	1
269	169	1
269	168	1
269	167	1
269	166	1
269	165	1
269	164	1
269	163	1
269	162	1
269	161	1
269	160	1
269	159	1
269	158	1
269	157	1
269	156	1
269	155	1
269	154	1
269	153	1
269	152	1
269	151	1
269	150	1
269	149	1
269	148	1
269	147	2
269	146	2
269	145	2
269	144	2
269	143	1
269	142	1
269	141	1
269	140	1
269	139	1
269	138	1
269	137	1
269	136	1
269	135	1
269	134	2
269	133	2
269	132	2
269	131	2
269	130	1
269	129	1
269	128	2
269	127	2
269	126	2
269	125	2
269	124	2
269	123	2
269	122	2
269	121	2
269	120	2
269	119	1
269	118	1
269	117	1
269	116	1
269	115	2
269	114	2
269	113	2
269	112	2
269	111	2
269	110	2
269	109	2
269	108	2
269	107	2
269	106	2
269	105	2
269	104	2
269	103	1
269	102	1
269	101	1
269	100	1
269	99	1
269	98	1
269	97	1
269	96	1
269	95	2
269	94	2
269	93	2
269	92	2
269	91	2
269	90	1
269	89	1
269	88	1
269	87	1
269	86	1
269	85	1
269	84	2
269	83	2
269	82	2
269	81	2
269	80	2
269	79	2
269	78	2
269	77	2
269	76	2
269	75	1
269	74	1
269	73	1
269	72	2
269	71	2
269	70	2
269	69	2
269	68	2
269	67	2
269	66	2
269	65	2
269	64	2
269	63	2
269	62	2
269	61	2
269	60	2
269	59	2
269	58	2
269	57	2
269	56	2
269	55	2
269	54	2
269	53	2
269	52	2
269	51	2
269	50	2
269	49	2
269	48	2
269	47	2
269	46	2
269	45	2
269	44	2
269	43	2
269	42	2
269	41	1
269	40	1
269	39	1
269	38	1
269	37	1
269	36	1
269	35	1
269	34	1
269	33	1
269	32	1
269	31	1
269	30	1
269	29	1
269	28	1
269	27	1
269	26	1
269	25	1
269	24	1
269	23	1
269	22	1
269	21	1
269	20	1
269	19	1
269	18	1
269	17	1
269	16	1
269	15	1
269	14	1
269	13	1
269	12	1
269	11	1
269	10	1
269	9	1
269	8	1
269	7	1
269	6	1
269	5	1
269	4	1
269	3	1
269	2	1
269	1	1
270	216	1
270	215	1
270	214	1
270	213	1
270	212	1
270	211	1
270	210	1
270	209	1
270	208	1
270	207	1
270	206	1
270	205	1
270	204	1
270	203	1
270	202	1
270	201	1
270	200	1
270	199	1
270	198	1
270	197	1
270	196	1
270	195	1
270	194	1
270	193	1
270	192	1
270	191	1
270	190	1
270	189	1
270	188	1
270	187	1
270	186	1
270	185	1
270	184	1
270	183	1
270	182	1
270	181	1
270	180	1
270	179	1
270	178	1
270	177	1
270	176	1
270	175	1
270	174	1
270	173	1
270	172	1
270	171	1
270	170	1
270	169	1
270	168	1
270	167	1
270	166	1
270	165	1
270	164	1
270	163	1
270	162	1
270	161	1
270	160	1
270	159	1
270	158	1
270	157	1
270	156	1
270	155	1
270	154	1
270	153	1
270	152	2
270	151	1
270	150	1
270	149	1
270	148	1
270	147	1
270	146	1
270	145	2
270	144	2
270	143	2
270	142	2
270	141	1
270	140	1
270	139	1
270	138	1
270	137	1
270	136	1
270	135	1
270	134	1
270	133	2
270	132	2
270	131	2
270	130	2
270	129	1
270	128	2
270	127	2
270	126	2
270	125	2
270	124	2
270	123	2
270	122	2
270	121	2
270	120	2
270	119	2
270	118	1
270	117	1
270	116	1
270	115	2
270	114	2
270	113	2
270	112	2
270	111	2
270	110	2
270	109	2
270	108	2
270	107	2
270	106	2
270	105	2
270	104	1
270	103	1
270	102	1
270	101	1
270	100	2
270	99	2
270	98	2
270	97	2
270	96	2
270	95	2
270	94	2
270	93	2
270	92	2
270	91	1
270	90	1
270	89	1
270	88	1
270	87	1
270	86	1
270	85	2
270	84	2
270	83	2
270	82	2
270	81	2
270	80	2
270	79	2
270	78	2
270	77	2
270	76	1
270	75	2
270	74	2
270	73	2
270	72	2
270	71	2
270	70	2
270	69	2
270	68	2
270	67	2
270	66	2
270	65	2
270	64	2
270	63	2
270	62	2
270	61	2
270	60	2
270	59	2
270	58	2
270	57	2
270	56	2
270	55	2
270	54	2
270	53	2
270	52	2
270	51	2
270	50	2
270	49	2
270	48	2
270	47	2
270	46	2
270	45	2
270	44	2
270	43	2
270	42	2
270	41	1
270	40	1
270	39	1
270	38	1
270	37	1
270	36	1
270	35	1
270	34	1
270	33	1
270	32	1
270	31	1
270	30	1
270	29	1
270	28	1
270	27	1
270	26	1
270	25	1
270	24	1
270	23	1
270	22	1
270	21	1
270	20	1
270	19	1
270	18	1
270	17	1
270	16	1
270	15	1
270	14	1
270	13	1
270	12	1
270	11	1
270	10	1
270	9	1
270	8	1
270	7	1
270	6	1
270	5	1
270	4	1
270	3	1
270	2	1
270	1	1
271	216	1
271	215	1
271	214	1
271	213	1
271	212	1
271	211	1
271	210	1
271	209	1
271	208	1
271	207	1
271	206	1
271	205	1
271	204	1
271	203	1
271	202	1
271	201	1
271	200	1
271	199	1
271	198	1
271	197	1
271	196	1
271	195	1
271	194	1
271	193	1
271	192	1
271	191	1
271	190	1
271	189	1
271	188	1
271	187	1
271	186	1
271	185	1
271	184	1
271	183	1
271	182	1
271	181	1
271	180	1
271	179	1
271	178	1
271	177	1
271	176	1
271	175	1
271	174	1
271	173	1
271	172	1
271	171	1
271	170	1
271	169	1
271	168	1
271	167	1
271	166	1
271	165	1
271	164	1
271	163	1
271	162	1
271	161	1
271	160	1
271	159	1
271	158	1
271	157	1
271	156	1
271	155	1
271	154	2
271	153	1
271	152	1
271	151	1
271	150	1
271	149	1
271	148	1
271	147	1
271	146	2
271	145	2
271	144	2
271	143	1
271	142	2
271	141	2
271	140	1
271	139	1
271	138	1
271	137	2
271	136	2
271	135	2
271	134	2
271	133	2
271	132	2
271	131	2
271	130	2
271	129	2
271	128	2
271	127	2
271	126	2
271	125	2
271	124	2
271	123	2
271	122	2
271	121	2
271	120	2
271	119	2
271	118	1
271	117	1
271	116	1
271	115	2
271	114	2
271	113	2
271	112	2
271	111	2
271	110	2
271	109	2
271	108	2
271	107	2
271	106	2
271	105	2
271	104	2
271	103	1
271	102	2
271	101	2
271	100	2
271	99	2
271	98	2
271	97	2
271	96	2
271	95	2
271	94	2
271	93	2
271	92	2
271	91	1
271	90	1
271	89	2
271	88	2
271	87	2
271	86	2
271	85	2
271	84	2
271	83	2
271	82	2
271	81	2
271	80	2
271	79	2
271	78	2
271	77	1
271	76	1
271	75	1
271	74	2
271	73	2
271	72	2
271	71	2
271	70	2
271	69	2
271	68	2
271	67	2
271	66	2
271	65	2
271	64	2
271	63	2
271	62	2
271	61	2
271	60	2
271	59	2
271	58	2
271	57	2
271	56	2
271	55	2
271	54	2
271	53	2
271	52	2
271	51	2
271	50	2
271	49	2
271	48	2
271	47	2
271	46	2
271	45	2
271	44	2
271	43	2
271	42	2
271	41	1
271	40	1
271	39	1
271	38	1
271	37	1
271	36	1
271	35	1
271	34	1
271	33	1
271	32	1
271	31	1
271	30	1
271	29	1
271	28	1
271	27	1
271	26	1
271	25	1
271	24	1
271	23	1
271	22	1
271	21	1
271	20	1
271	19	1
271	18	1
271	17	1
271	16	1
271	15	1
271	14	1
271	13	1
271	12	1
271	11	1
271	10	1
271	9	1
271	8	1
271	7	1
271	6	1
271	5	1
271	4	1
271	3	1
271	2	1
271	1	1
272	216	1
272	215	1
272	214	1
272	213	1
272	212	1
272	211	1
272	210	1
272	209	1
272	208	1
272	207	1
272	206	1
272	205	1
272	204	1
272	203	1
272	202	1
272	201	1
272	200	1
272	199	1
272	198	1
272	197	1
272	196	1
272	195	1
272	194	1
272	193	1
272	192	1
272	191	1
272	190	1
272	189	1
272	188	1
272	187	1
272	186	1
272	185	1
272	184	1
272	183	1
272	182	1
272	181	1
272	180	1
272	179	1
272	178	1
272	177	1
272	176	1
272	175	1
272	174	1
272	173	1
272	172	1
272	171	1
272	170	1
272	169	1
272	168	1
272	167	1
272	166	1
272	165	1
272	164	1
272	163	1
272	162	1
272	161	1
272	160	1
272	159	1
272	158	1
272	157	1
272	156	1
272	155	1
272	154	2
272	153	2
272	152	2
272	151	2
272	150	2
272	149	2
272	148	1
272	147	1
272	146	2
272	145	2
272	144	2
272	143	2
272	142	2
272	141	2
272	140	2
272	139	2
272	138	2
272	137	2
272	136	2
272	135	2
272	134	2
272	133	2
272	132	2
272	131	2
272	130	2
272	129	2
272	128	2
272	127	2
272	126	2
272	125	2
272	124	2
272	123	2
272	122	2
272	121	2
272	120	2
272	119	2
272	118	1
272	117	1
272	116	1
272	115	1
272	114	2
272	113	2
272	112	2
272	111	2
272	110	2
272	109	2
272	108	2
272	107	2
272	106	2
272	105	2
272	104	2
272	103	2
272	102	2
272	101	2
272	100	2
272	99	2
272	98	2
272	97	2
272	96	2
272	95	2
272	94	2
272	93	2
272	92	2
272	91	2
272	90	1
272	89	2
272	88	2
272	87	2
272	86	2
272	85	2
272	84	2
272	83	2
272	82	2
272	81	2
272	80	2
272	79	2
272	78	1
272	77	1
272	76	1
272	75	2
272	74	2
272	73	2
272	72	2
272	71	2
272	70	2
272	69	2
272	68	2
272	67	2
272	66	2
272	65	2
272	64	2
272	63	2
272	62	2
272	61	2
272	60	2
272	59	2
272	58	2
272	57	2
272	56	2
272	55	2
272	54	2
272	53	2
272	52	2
272	51	2
272	50	2
272	49	2
272	48	2
272	47	2
272	46	2
272	45	2
272	44	2
272	43	2
272	42	2
272	41	1
272	40	1
272	39	1
272	38	1
272	37	1
272	36	1
272	35	1
272	34	1
272	33	1
272	32	1
272	31	1
272	30	1
272	29	1
272	28	1
272	27	1
272	26	1
272	25	1
272	24	1
272	23	1
272	22	1
272	21	1
272	20	1
272	19	1
272	18	1
272	17	1
272	16	1
272	15	1
272	14	1
272	13	1
272	12	1
272	11	1
272	10	1
272	9	1
272	8	1
272	7	1
272	6	1
272	5	1
272	4	1
272	3	1
272	2	1
272	1	1
273	216	1
273	215	1
273	214	1
273	213	1
273	212	1
273	211	1
273	210	1
273	209	1
273	208	1
273	207	1
273	206	1
273	205	1
273	204	1
273	203	1
273	202	1
273	201	1
273	200	1
273	199	1
273	198	1
273	197	1
273	196	1
273	195	1
273	194	1
273	193	1
273	192	1
273	191	1
273	190	1
273	189	1
273	188	1
273	187	1
273	186	1
273	185	1
273	184	1
273	183	1
273	182	1
273	181	1
273	180	1
273	179	1
273	178	1
273	177	1
273	176	1
273	175	1
273	174	1
273	173	1
273	172	1
273	171	1
273	170	1
273	169	1
273	168	1
273	167	1
273	166	1
273	165	1
273	164	1
273	163	1
273	162	1
273	161	1
273	160	1
273	159	1
273	158	1
273	157	1
273	156	1
273	155	1
273	154	2
273	153	2
273	152	2
273	151	2
273	150	2
273	149	2
273	148	1
273	147	1
273	146	1
273	145	2
273	144	2
273	143	2
273	142	2
273	141	2
273	140	2
273	139	2
273	138	2
273	137	2
273	136	2
273	135	1
273	134	2
273	133	2
273	132	2
273	131	2
273	130	2
273	129	2
273	128	2
273	127	2
273	126	2
273	125	2
273	124	2
273	123	2
273	122	2
273	121	2
273	120	2
273	119	2
273	118	2
273	117	1
273	116	1
273	115	1
273	114	2
273	113	2
273	112	2
273	111	2
273	110	2
273	109	2
273	108	2
273	107	2
273	106	2
273	105	2
273	104	2
273	103	2
273	102	2
273	101	2
273	100	2
273	99	2
273	98	2
273	97	2
273	96	2
273	95	2
273	94	2
273	93	2
273	92	2
273	91	1
273	90	1
273	89	2
273	88	2
273	87	2
273	86	2
273	85	2
273	84	2
273	83	2
273	82	2
273	81	2
273	80	2
273	79	1
273	78	1
273	77	1
273	76	2
273	75	2
273	74	2
273	73	2
273	72	2
273	71	2
273	70	2
273	69	2
273	68	2
273	67	2
273	66	2
273	65	1
273	64	2
273	63	2
273	62	2
273	61	2
273	60	2
273	59	2
273	58	2
273	57	2
273	56	2
273	55	2
273	54	2
273	53	2
273	52	2
273	51	2
273	50	2
273	49	2
273	48	2
273	47	2
273	46	2
273	45	2
273	44	2
273	43	2
273	42	1
273	41	1
273	40	1
273	39	1
273	38	1
273	37	1
273	36	1
273	35	1
273	34	1
273	33	1
273	32	1
273	31	1
273	30	1
273	29	1
273	28	1
273	27	1
273	26	1
273	25	1
273	24	1
273	23	1
273	22	1
273	21	1
273	20	1
273	19	1
273	18	1
273	17	1
273	16	1
273	15	1
273	14	1
273	13	1
273	12	1
273	11	1
273	10	1
273	9	1
273	8	1
273	7	1
273	6	1
273	5	1
273	4	1
273	3	1
273	2	1
273	1	1
274	216	1
274	215	1
274	214	1
274	213	1
274	212	1
274	211	1
274	210	1
274	209	1
274	208	1
274	207	1
274	206	1
274	205	1
274	204	1
274	203	1
274	202	1
274	201	1
274	200	1
274	199	1
274	198	1
274	197	1
274	196	1
274	195	1
274	194	1
274	193	1
274	192	1
274	191	1
274	190	1
274	189	1
274	188	1
274	187	1
274	186	1
274	185	1
274	184	1
274	183	1
274	182	1
274	181	1
274	180	1
274	179	1
274	178	1
274	177	1
274	176	1
274	175	1
274	174	1
274	173	1
274	172	1
274	171	1
274	170	1
274	169	1
274	168	1
274	167	1
274	166	1
274	165	1
274	164	1
274	163	1
274	162	1
274	161	1
274	160	1
274	159	1
274	158	1
274	157	1
274	156	1
274	155	1
274	154	2
274	153	2
274	152	2
274	151	2
274	150	2
274	149	1
274	148	1
274	147	1
274	146	1
274	145	1
274	144	1
274	143	1
274	142	2
274	141	2
274	140	2
274	139	2
274	138	2
274	137	2
274	136	2
274	135	2
274	134	2
274	133	2
274	132	2
274	131	2
274	130	2
274	129	2
274	128	2
274	127	2
274	126	2
274	125	2
274	124	2
274	123	2
274	122	2
274	121	2
274	120	2
274	119	2
274	118	2
274	117	1
274	116	2
274	115	2
274	114	2
274	113	2
274	112	2
274	111	2
274	110	2
274	109	2
274	108	2
274	107	2
274	106	2
274	105	2
274	104	2
274	103	2
274	102	2
274	101	2
274	100	2
274	99	2
274	98	2
274	97	2
274	96	2
274	95	2
274	94	2
274	93	1
274	92	1
274	91	1
274	90	1
274	89	1
274	88	1
274	87	1
274	86	2
274	85	2
274	84	2
274	83	2
274	82	2
274	81	2
274	80	1
274	79	1
274	78	2
274	77	2
274	76	2
274	75	2
274	74	2
274	73	2
274	72	2
274	71	2
274	70	2
274	69	2
274	68	2
274	67	2
274	66	1
274	65	2
274	64	2
274	63	2
274	62	2
274	61	2
274	60	2
274	59	2
274	58	2
274	57	2
274	56	2
274	55	2
274	54	2
274	53	2
274	52	2
274	51	2
274	50	2
274	49	2
274	48	2
274	47	2
274	46	2
274	45	2
274	44	1
274	43	1
274	42	1
274	41	1
274	40	1
274	39	1
274	38	1
274	37	1
274	36	1
274	35	1
274	34	1
274	33	1
274	32	1
274	31	1
274	30	1
274	29	1
274	28	1
274	27	1
274	26	1
274	25	1
274	24	1
274	23	1
274	22	1
274	21	1
274	20	1
274	19	1
274	18	1
274	17	1
274	16	1
274	15	1
274	14	1
274	13	1
274	12	1
274	11	1
274	10	1
274	9	1
274	8	1
274	7	1
274	6	1
274	5	1
274	4	1
274	3	1
274	2	1
274	1	1
275	216	1
275	215	1
275	214	1
275	213	1
275	212	1
275	211	1
275	210	1
275	209	1
275	208	1
275	207	1
275	206	1
275	205	1
275	204	1
275	203	1
275	202	1
275	201	1
275	200	1
275	199	1
275	198	1
275	197	1
275	196	1
275	195	1
275	194	1
275	193	1
275	192	1
275	191	1
275	190	1
275	189	1
275	188	1
275	187	1
275	186	1
275	185	1
275	184	1
275	183	1
275	182	1
275	181	1
275	180	1
275	179	1
275	178	1
275	177	1
275	176	1
275	175	1
275	174	1
275	173	1
275	172	1
275	171	1
275	170	1
275	169	1
275	168	1
275	167	1
275	166	1
275	165	1
275	164	1
275	163	1
275	162	1
275	161	1
275	160	1
275	159	1
275	158	1
275	157	1
275	156	1
275	155	1
275	154	1
275	153	1
275	152	2
275	151	2
275	150	1
275	149	1
275	148	1
275	147	1
275	146	1
275	145	1
275	144	1
275	143	1
275	142	1
275	141	2
275	140	2
275	139	2
275	138	2
275	137	2
275	136	2
275	135	2
275	134	2
275	133	2
275	132	2
275	131	2
275	130	2
275	129	2
275	128	2
275	127	2
275	126	2
275	125	2
275	124	2
275	123	2
275	122	2
275	121	2
275	120	2
275	119	2
275	118	2
275	117	2
275	116	2
275	115	2
275	114	2
275	113	2
275	112	2
275	111	2
275	110	2
275	109	2
275	108	2
275	107	2
275	106	2
275	105	2
275	104	2
275	103	2
275	102	2
275	101	1
275	100	2
275	99	2
275	98	2
275	97	2
275	96	2
275	95	1
275	94	1
275	93	1
275	92	1
275	91	1
275	90	1
275	89	1
275	88	2
275	87	2
275	86	2
275	85	2
275	84	2
275	83	2
275	82	2
275	81	2
275	80	1
275	79	2
275	78	2
275	77	2
275	76	2
275	75	2
275	74	2
275	73	2
275	72	2
275	71	2
275	70	2
275	69	2
275	68	2
275	67	2
275	66	2
275	65	2
275	64	2
275	63	2
275	62	2
275	61	2
275	60	2
275	59	2
275	58	2
275	57	2
275	56	2
275	55	2
275	54	2
275	53	2
275	52	2
275	51	2
275	50	2
275	49	2
275	48	2
275	47	2
275	46	2
275	45	1
275	44	1
275	43	1
275	42	1
275	41	1
275	40	1
275	39	1
275	38	1
275	37	1
275	36	1
275	35	1
275	34	1
275	33	1
275	32	1
275	31	1
275	30	1
275	29	1
275	28	1
275	27	1
275	26	1
275	25	1
275	24	1
275	23	1
275	22	1
275	21	1
275	20	1
275	19	1
275	18	1
275	17	1
275	16	1
275	15	1
275	14	1
275	13	1
275	12	1
275	11	1
275	10	1
275	9	1
275	8	1
275	7	1
275	6	1
275	5	1
275	4	1
275	3	1
275	2	1
275	1	1
276	216	1
276	215	1
276	214	1
276	213	1
276	212	1
276	211	1
276	210	1
276	209	1
276	208	1
276	207	1
276	206	1
276	205	1
276	204	1
276	203	1
276	202	1
276	201	1
276	200	1
276	199	1
276	198	1
276	197	1
276	196	1
276	195	1
276	194	1
276	193	1
276	192	1
276	191	1
276	190	1
276	189	1
276	188	1
276	187	1
276	186	1
276	185	1
276	184	1
276	183	1
276	182	1
276	181	1
276	180	1
276	179	1
276	178	1
276	177	1
276	176	1
276	175	1
276	174	1
276	173	1
276	172	1
276	171	1
276	170	1
276	169	1
276	168	1
276	167	1
276	166	1
276	165	1
276	164	1
276	163	1
276	162	1
276	161	1
276	160	1
276	159	1
276	158	1
276	157	1
276	156	2
276	155	1
276	154	1
276	153	1
276	152	1
276	151	1
276	150	1
276	149	1
276	148	1
276	147	1
276	146	1
276	145	1
276	144	1
276	143	1
276	142	1
276	141	1
276	140	1
276	139	2
276	138	2
276	137	2
276	136	2
276	135	2
276	134	2
276	133	2
276	132	2
276	131	2
276	130	2
276	129	2
276	128	2
276	127	2
276	126	2
276	125	2
276	124	2
276	123	2
276	122	2
276	121	2
276	120	2
276	119	2
276	118	2
276	117	2
276	116	2
276	115	2
276	114	2
276	113	2
276	112	2
276	111	2
276	110	2
276	109	2
276	108	2
276	107	2
276	106	2
276	105	2
276	104	2
276	103	2
276	102	2
276	101	2
276	100	2
276	99	1
276	98	1
276	97	1
276	96	2
276	95	1
276	94	1
276	93	1
276	92	1
276	91	1
276	90	2
276	89	2
276	88	2
276	87	2
276	86	2
276	85	2
276	84	2
276	83	2
276	82	2
276	81	2
276	80	2
276	79	2
276	78	2
276	77	2
276	76	2
276	75	2
276	74	2
276	73	2
276	72	2
276	71	2
276	70	2
276	69	1
276	68	1
276	67	2
276	66	2
276	65	2
276	64	2
276	63	2
276	62	2
276	61	2
276	60	2
276	59	2
276	58	2
276	57	2
276	56	2
276	55	2
276	54	2
276	53	2
276	52	2
276	51	2
276	50	2
276	49	2
276	48	2
276	47	2
276	46	2
276	45	1
276	44	1
276	43	1
276	42	1
276	41	1
276	40	1
276	39	1
276	38	1
276	37	1
276	36	1
276	35	1
276	34	1
276	33	1
276	32	1
276	31	1
276	30	1
276	29	1
276	28	1
276	27	1
276	26	1
276	25	1
276	24	1
276	23	1
276	22	1
276	21	1
276	20	1
276	19	1
276	18	1
276	17	1
276	16	1
276	15	1
276	14	1
276	13	1
276	12	1
276	11	1
276	10	1
276	9	1
276	8	1
276	7	1
276	6	1
276	5	1
276	4	1
276	3	1
276	2	1
276	1	1
277	216	1
277	215	1
277	214	1
277	213	1
277	212	1
277	211	1
277	210	1
277	209	1
277	208	1
277	207	1
277	206	1
277	205	1
277	204	1
277	203	1
277	202	1
277	201	1
277	200	1
277	199	1
277	198	1
277	197	1
277	196	1
277	195	1
277	194	1
277	193	1
277	192	1
277	191	1
277	190	1
277	189	1
277	188	1
277	187	1
277	186	1
277	185	1
277	184	1
277	183	1
277	182	1
277	181	1
277	180	1
277	179	1
277	178	1
277	177	1
277	176	1
277	175	1
277	174	1
277	173	1
277	172	1
277	171	1
277	170	1
277	169	1
277	168	1
277	167	1
277	166	1
277	165	1
277	164	1
277	163	1
277	162	1
277	161	1
277	160	1
277	159	1
277	158	1
277	157	1
277	156	1
277	155	2
277	154	1
277	153	1
277	152	1
277	151	1
277	150	1
277	149	1
277	148	1
277	147	1
277	146	1
277	145	1
277	144	1
277	143	1
277	142	1
277	141	1
277	140	1
277	139	1
277	138	2
277	137	2
277	136	2
277	135	1
277	134	2
277	133	2
277	132	2
277	131	2
277	130	2
277	129	2
277	128	2
277	127	2
277	126	2
277	125	2
277	124	2
277	123	2
277	122	2
277	121	2
277	120	2
277	119	2
277	118	2
277	117	2
277	116	2
277	115	2
277	114	2
277	113	2
277	112	2
277	111	2
277	110	2
277	109	2
277	108	2
277	107	2
277	106	2
277	105	2
277	104	1
277	103	1
277	102	2
277	101	2
277	100	2
277	99	1
277	98	1
277	97	1
277	96	1
277	95	1
277	94	1
277	93	1
277	92	2
277	91	2
277	90	2
277	89	2
277	88	2
277	87	2
277	86	2
277	85	2
277	84	2
277	83	2
277	82	2
277	81	2
277	80	2
277	79	2
277	78	2
277	77	2
277	76	2
277	75	2
277	74	2
277	73	2
277	72	2
277	71	2
277	70	1
277	69	2
277	68	2
277	67	2
277	66	2
277	65	2
277	64	2
277	63	2
277	62	2
277	61	2
277	60	2
277	59	2
277	58	2
277	57	2
277	56	2
277	55	2
277	54	2
277	53	2
277	52	2
277	51	2
277	50	2
277	49	2
277	48	2
277	47	2
277	46	1
277	45	1
277	44	1
277	43	1
277	42	1
277	41	1
277	40	1
277	39	1
277	38	1
277	37	1
277	36	1
277	35	1
277	34	1
277	33	1
277	32	1
277	31	1
277	30	1
277	29	1
277	28	1
277	27	1
277	26	1
277	25	1
277	24	1
277	23	1
277	22	1
277	21	1
277	20	1
277	19	1
277	18	1
277	17	1
277	16	1
277	15	1
277	14	1
277	13	1
277	12	1
277	11	1
277	10	1
277	9	1
277	8	1
277	7	1
277	6	1
277	5	1
277	4	1
277	3	1
277	2	1
277	1	1
278	216	1
278	215	1
278	214	1
278	213	1
278	212	1
278	211	1
278	210	1
278	209	1
278	208	1
278	207	1
278	206	1
278	205	1
278	204	1
278	203	1
278	202	1
278	201	1
278	200	1
278	199	1
278	198	1
278	197	1
278	196	1
278	195	1
278	194	1
278	193	1
278	192	1
278	191	1
278	190	1
278	189	1
278	188	1
278	187	1
278	186	1
278	185	1
278	184	1
278	183	1
278	182	1
278	181	1
278	180	1
278	179	1
278	178	1
278	177	1
278	176	1
278	175	1
278	174	1
278	173	1
278	172	1
278	171	1
278	170	1
278	169	1
278	168	1
278	167	1
278	166	1
278	165	1
278	164	1
278	163	1
278	162	1
278	161	1
278	160	1
278	159	1
278	158	1
278	157	1
278	156	1
278	155	1
278	154	2
278	153	1
278	152	1
278	151	1
278	150	1
278	149	2
278	148	1
278	147	1
278	146	1
278	145	1
278	144	1
278	143	1
278	142	1
278	141	2
278	140	2
278	139	2
278	138	2
278	137	2
278	136	1
278	135	1
278	134	1
278	133	2
278	132	2
278	131	2
278	130	2
278	129	2
278	128	2
278	127	2
278	126	2
278	125	2
278	124	2
278	123	2
278	122	2
278	121	2
278	120	2
278	119	2
278	118	2
278	117	2
278	116	2
278	115	2
278	114	2
278	113	2
278	112	2
278	111	2
278	110	2
278	109	2
278	108	2
278	107	2
278	106	2
278	105	1
278	104	1
278	103	1
278	102	1
278	101	1
278	100	2
278	99	1
278	98	1
278	97	1
278	96	1
278	95	1
278	94	2
278	93	2
278	92	2
278	91	2
278	90	2
278	89	2
278	88	2
278	87	2
278	86	2
278	85	2
278	84	2
278	83	2
278	82	2
278	81	2
278	80	2
278	79	2
278	78	2
278	77	2
278	76	2
278	75	2
278	74	2
278	73	2
278	72	1
278	71	1
278	70	2
278	69	2
278	68	2
278	67	2
278	66	2
278	65	2
278	64	2
278	63	2
278	62	2
278	61	2
278	60	2
278	59	2
278	58	2
278	57	2
278	56	2
278	55	2
278	54	2
278	53	2
278	52	2
278	51	2
278	50	2
278	49	2
278	48	1
278	47	1
278	46	1
278	45	1
278	44	1
278	43	1
278	42	1
278	41	1
278	40	1
278	39	1
278	38	1
278	37	1
278	36	1
278	35	1
278	34	1
278	33	1
278	32	1
278	31	1
278	30	1
278	29	1
278	28	1
278	27	1
278	26	1
278	25	1
278	24	1
278	23	1
278	22	1
278	21	1
278	20	1
278	19	1
278	18	1
278	17	1
278	16	1
278	15	1
278	14	1
278	13	1
278	12	1
278	11	1
278	10	1
278	9	1
278	8	1
278	7	1
278	6	1
278	5	1
278	4	1
278	3	1
278	2	1
278	1	1
279	216	1
279	215	1
279	214	1
279	213	1
279	212	1
279	211	1
279	210	1
279	209	1
279	208	1
279	207	1
279	206	1
279	205	1
279	204	1
279	203	1
279	202	1
279	201	1
279	200	1
279	199	1
279	198	1
279	197	1
279	196	1
279	195	1
279	194	1
279	193	1
279	192	1
279	191	1
279	190	1
279	189	1
279	188	1
279	187	1
279	186	1
279	185	1
279	184	1
279	183	1
279	182	1
279	181	1
279	180	1
279	179	1
279	178	1
279	177	1
279	176	1
279	175	1
279	174	1
279	173	1
279	172	1
279	171	1
279	170	1
279	169	1
279	168	1
279	167	1
279	166	1
279	165	1
279	164	1
279	163	1
279	162	1
279	161	1
279	160	1
279	159	1
279	158	1
279	157	1
279	156	1
279	155	1
279	154	1
279	153	2
279	152	1
279	151	1
279	150	1
279	149	1
279	148	1
279	147	1
279	146	1
279	145	1
279	144	1
279	143	1
279	142	1
279	141	2
279	140	2
279	139	2
279	138	2
279	137	2
279	136	2
279	135	1
279	134	1
279	133	1
279	132	2
279	131	1
279	130	1
279	129	2
279	128	2
279	127	2
279	126	2
279	125	2
279	124	2
279	123	2
279	122	2
279	121	2
279	120	2
279	119	2
279	118	2
279	117	2
279	116	2
279	115	2
279	114	2
279	113	2
279	112	2
279	111	2
279	110	2
279	109	2
279	108	2
279	107	2
279	106	2
279	105	1
279	104	1
279	103	1
279	102	1
279	101	1
279	100	1
279	99	1
279	98	1
279	97	1
279	96	1
279	95	2
279	94	2
279	93	2
279	92	2
279	91	2
279	90	2
279	89	2
279	88	2
279	87	2
279	86	2
279	85	2
279	84	2
279	83	2
279	82	2
279	81	2
279	80	2
279	79	2
279	78	2
279	77	2
279	76	2
279	75	2
279	74	2
279	73	1
279	72	1
279	71	2
279	70	2
279	69	2
279	68	2
279	67	2
279	66	2
279	65	2
279	64	2
279	63	2
279	62	2
279	61	2
279	60	2
279	59	2
279	58	2
279	57	2
279	56	2
279	55	2
279	54	2
279	53	2
279	52	2
279	51	2
279	50	2
279	49	1
279	48	1
279	47	1
279	46	1
279	45	1
279	44	1
279	43	1
279	42	1
279	41	1
279	40	1
279	39	1
279	38	1
279	37	1
279	36	1
279	35	1
279	34	1
279	33	1
279	32	1
279	31	1
279	30	1
279	29	1
279	28	1
279	27	1
279	26	1
279	25	1
279	24	1
279	23	1
279	22	1
279	21	1
279	20	1
279	19	1
279	18	1
279	17	1
279	16	1
279	15	1
279	14	1
279	13	1
279	12	1
279	11	1
279	10	1
279	9	1
279	8	1
279	7	1
279	6	1
279	5	1
279	4	1
279	3	1
279	2	1
279	1	1
280	216	1
280	215	1
280	214	1
280	213	1
280	212	1
280	211	1
280	210	1
280	209	1
280	208	1
280	207	1
280	206	1
280	205	1
280	204	1
280	203	1
280	202	1
280	201	1
280	200	1
280	199	1
280	198	1
280	197	1
280	196	1
280	195	1
280	194	1
280	193	1
280	192	1
280	191	1
280	190	1
280	189	1
280	188	1
280	187	1
280	186	1
280	185	1
280	184	1
280	183	1
280	182	1
280	181	1
280	180	1
280	179	1
280	178	1
280	177	1
280	176	1
280	175	1
280	174	1
280	173	1
280	172	1
280	171	1
280	170	1
280	169	1
280	168	1
280	167	1
280	166	1
280	165	1
280	164	1
280	163	1
280	162	1
280	161	1
280	160	1
280	159	1
280	158	1
280	157	1
280	156	1
280	155	1
280	154	1
280	153	1
280	152	1
280	151	1
280	150	1
280	149	1
280	148	1
280	147	1
280	146	1
280	145	1
280	144	1
280	143	1
280	142	2
280	141	2
280	140	2
280	139	2
280	138	2
280	137	2
280	136	2
280	135	1
280	134	1
280	133	1
280	132	1
280	131	1
280	130	1
280	129	1
280	128	2
280	127	2
280	126	2
280	125	2
280	124	2
280	123	2
280	122	2
280	121	2
280	120	2
280	119	2
280	118	2
280	117	2
280	116	2
280	115	2
280	114	2
280	113	2
280	112	2
280	111	2
280	110	2
280	109	2
280	108	2
280	107	2
280	106	1
280	105	1
280	104	1
280	103	1
280	102	1
280	101	1
280	100	1
280	99	1
280	98	1
280	97	1
280	96	2
280	95	2
280	94	2
280	93	2
280	92	2
280	91	2
280	90	2
280	89	2
280	88	2
280	87	2
280	86	2
280	85	2
280	84	2
280	83	2
280	82	2
280	81	2
280	80	2
280	79	2
280	78	2
280	77	2
280	76	2
280	75	1
280	74	1
280	73	2
280	72	2
280	71	2
280	70	2
280	69	2
280	68	2
280	67	2
280	66	2
280	65	2
280	64	2
280	63	2
280	62	2
280	61	2
280	60	2
280	59	2
280	58	2
280	57	2
280	56	2
280	55	2
280	54	2
280	53	2
280	52	2
280	51	2
280	50	2
280	49	1
280	48	1
280	47	1
280	46	1
280	45	1
280	44	1
280	43	1
280	42	1
280	41	1
280	40	1
280	39	1
280	38	1
280	37	1
280	36	1
280	35	1
280	34	1
280	33	1
280	32	1
280	31	1
280	30	1
280	29	1
280	28	1
280	27	1
280	26	1
280	25	1
280	24	1
280	23	1
280	22	1
280	21	1
280	20	1
280	19	1
280	18	1
280	17	1
280	16	1
280	15	1
280	14	1
280	13	1
280	12	1
280	11	1
280	10	1
280	9	1
280	8	1
280	7	1
280	6	1
280	5	1
280	4	1
280	3	1
280	2	1
280	1	1
281	216	1
281	215	1
281	214	1
281	213	1
281	212	1
281	211	1
281	210	1
281	209	1
281	208	1
281	207	1
281	206	1
281	205	1
281	204	1
281	203	1
281	202	1
281	201	1
281	200	1
281	199	1
281	198	1
281	197	1
281	196	1
281	195	1
281	194	1
281	193	1
281	192	1
281	191	1
281	190	1
281	189	1
281	188	1
281	187	1
281	186	1
281	185	1
281	184	1
281	183	1
281	182	1
281	181	1
281	180	1
281	179	1
281	178	1
281	177	1
281	176	1
281	175	1
281	174	1
281	173	1
281	172	1
281	171	1
281	170	1
281	169	1
281	168	1
281	167	1
281	166	1
281	165	1
281	164	1
281	163	1
281	162	1
281	161	1
281	160	1
281	159	1
281	158	1
281	157	1
281	156	1
281	155	1
281	154	1
281	153	1
281	152	1
281	151	1
281	150	1
281	149	1
281	148	1
281	147	1
281	146	1
281	145	1
281	144	1
281	143	2
281	142	2
281	141	1
281	140	2
281	139	2
281	138	2
281	137	2
281	136	2
281	135	1
281	134	1
281	133	1
281	132	1
281	131	1
281	130	1
281	129	1
281	128	2
281	127	2
281	126	2
281	125	2
281	124	2
281	123	2
281	122	2
281	121	2
281	120	2
281	119	2
281	118	2
281	117	2
281	116	2
281	115	2
281	114	2
281	113	2
281	112	2
281	111	2
281	110	2
281	109	2
281	108	2
281	107	2
281	106	2
281	105	1
281	104	1
281	103	1
281	102	1
281	101	1
281	100	1
281	99	1
281	98	2
281	97	2
281	96	2
281	95	2
281	94	2
281	93	2
281	92	2
281	91	2
281	90	2
281	89	2
281	88	2
281	87	2
281	86	2
281	85	2
281	84	2
281	83	2
281	82	1
281	81	2
281	80	2
281	79	2
281	78	2
281	77	1
281	76	1
281	75	1
281	74	2
281	73	2
281	72	2
281	71	2
281	70	2
281	69	2
281	68	2
281	67	2
281	66	2
281	65	2
281	64	2
281	63	2
281	62	2
281	61	2
281	60	2
281	59	2
281	58	2
281	57	2
281	56	2
281	55	2
281	54	2
281	53	2
281	52	2
281	51	2
281	50	2
281	49	1
281	48	1
281	47	1
281	46	1
281	45	1
281	44	1
281	43	1
281	42	1
281	41	1
281	40	1
281	39	1
281	38	1
281	37	1
281	36	1
281	35	1
281	34	1
281	33	1
281	32	1
281	31	1
281	30	1
281	29	1
281	28	1
281	27	1
281	26	1
281	25	1
281	24	1
281	23	1
281	22	1
281	21	1
281	20	1
281	19	1
281	18	1
281	17	1
281	16	1
281	15	1
281	14	1
281	13	1
281	12	1
281	11	1
281	10	1
281	9	1
281	8	1
281	7	1
281	6	1
281	5	1
281	4	1
281	3	1
281	2	1
281	1	1
282	216	1
282	215	1
282	214	1
282	213	1
282	212	1
282	211	1
282	210	1
282	209	1
282	208	1
282	207	1
282	206	1
282	205	1
282	204	1
282	203	1
282	202	1
282	201	1
282	200	1
282	199	1
282	198	1
282	197	1
282	196	1
282	195	1
282	194	1
282	193	1
282	192	1
282	191	1
282	190	1
282	189	1
282	188	1
282	187	1
282	186	1
282	185	1
282	184	1
282	183	1
282	182	1
282	181	1
282	180	1
282	179	1
282	178	1
282	177	1
282	176	1
282	175	1
282	174	1
282	173	1
282	172	1
282	171	1
282	170	1
282	169	1
282	168	1
282	167	1
282	166	1
282	165	1
282	164	1
282	163	1
282	162	1
282	161	1
282	160	1
282	159	1
282	158	1
282	157	1
282	156	1
282	155	1
282	154	1
282	153	1
282	152	1
282	151	1
282	150	1
282	149	1
282	148	1
282	147	1
282	146	1
282	145	1
282	144	1
282	143	2
282	142	1
282	141	1
282	140	1
282	139	2
282	138	2
282	137	2
282	136	2
282	135	2
282	134	1
282	133	1
282	132	1
282	131	1
282	130	1
282	129	1
282	128	2
282	127	2
282	126	2
282	125	2
282	124	2
282	123	2
282	122	2
282	121	2
282	120	2
282	119	2
282	118	2
282	117	2
282	116	2
282	115	2
282	114	2
282	113	2
282	112	2
282	111	2
282	110	2
282	109	2
282	108	2
282	107	2
282	106	2
282	105	1
282	104	1
282	103	1
282	102	1
282	101	1
282	100	1
282	99	1
282	98	2
282	97	2
282	96	2
282	95	2
282	94	2
282	93	2
282	92	2
282	91	2
282	90	2
282	89	2
282	88	2
282	87	2
282	86	1
282	85	1
282	84	2
282	83	2
282	82	2
282	81	2
282	80	2
282	79	2
282	78	1
282	77	1
282	76	2
282	75	2
282	74	2
282	73	2
282	72	2
282	71	2
282	70	2
282	69	2
282	68	2
282	67	2
282	66	2
282	65	2
282	64	2
282	63	2
282	62	2
282	61	2
282	60	2
282	59	2
282	58	2
282	57	2
282	56	2
282	55	2
282	54	2
282	53	2
282	52	2
282	51	1
282	50	1
282	49	1
282	48	1
282	47	1
282	46	1
282	45	1
282	44	1
282	43	1
282	42	1
282	41	1
282	40	1
282	39	1
282	38	1
282	37	1
282	36	1
282	35	1
282	34	1
282	33	1
282	32	1
282	31	1
282	30	1
282	29	1
282	28	1
282	27	1
282	26	1
282	25	1
282	24	1
282	23	1
282	22	1
282	21	1
282	20	1
282	19	1
282	18	1
282	17	1
282	16	1
282	15	1
282	14	1
282	13	1
282	12	1
282	11	1
282	10	1
282	9	1
282	8	1
282	7	1
282	6	1
282	5	1
282	4	1
282	3	1
282	2	1
282	1	1
283	216	1
283	215	1
283	214	1
283	213	1
283	212	1
283	211	1
283	210	1
283	209	1
283	208	1
283	207	1
283	206	1
283	205	1
283	204	1
283	203	1
283	202	1
283	201	1
283	200	1
283	199	1
283	198	1
283	197	1
283	196	1
283	195	1
283	194	1
283	193	1
283	192	1
283	191	1
283	190	1
283	189	1
283	188	1
283	187	1
283	186	1
283	185	1
283	184	1
283	183	1
283	182	1
283	181	1
283	180	1
283	179	1
283	178	1
283	177	1
283	176	1
283	175	1
283	174	1
283	173	1
283	172	1
283	171	1
283	170	1
283	169	1
283	168	1
283	167	1
283	166	1
283	165	1
283	164	1
283	163	1
283	162	1
283	161	1
283	160	1
283	159	1
283	158	1
283	157	1
283	156	1
283	155	1
283	154	1
283	153	1
283	152	1
283	151	1
283	150	1
283	149	1
283	148	1
283	147	1
283	146	1
283	145	1
283	144	1
283	143	2
283	142	2
283	141	1
283	140	1
283	139	2
283	138	2
283	137	2
283	136	2
283	135	2
283	134	2
283	133	2
283	132	1
283	131	1
283	130	1
283	129	1
283	128	2
283	127	2
283	126	2
283	125	2
283	124	2
283	123	2
283	122	2
283	121	2
283	120	2
283	119	2
283	118	2
283	117	2
283	116	2
283	115	2
283	114	2
283	113	2
283	112	2
283	111	2
283	110	2
283	109	2
283	108	2
283	107	1
283	106	1
283	105	1
283	104	1
283	103	1
283	102	1
283	101	1
283	100	1
283	99	1
283	98	1
283	97	1
283	96	2
283	95	2
283	94	2
283	93	2
283	92	2
283	91	2
283	90	2
283	89	2
283	88	2
283	87	2
283	86	2
283	85	2
283	84	2
283	83	2
283	82	2
283	81	2
283	80	2
283	79	2
283	78	2
283	77	2
283	76	2
283	75	2
283	74	2
283	73	2
283	72	2
283	71	2
283	70	2
283	69	2
283	68	2
283	67	2
283	66	2
283	65	2
283	64	2
283	63	2
283	62	2
283	61	2
283	60	2
283	59	2
283	58	2
283	57	2
283	56	2
283	55	2
283	54	2
283	53	2
283	52	1
283	51	1
283	50	1
283	49	1
283	48	1
283	47	1
283	46	1
283	45	1
283	44	1
283	43	1
283	42	1
283	41	1
283	40	1
283	39	1
283	38	1
283	37	1
283	36	1
283	35	1
283	34	1
283	33	1
283	32	1
283	31	1
283	30	1
283	29	1
283	28	1
283	27	1
283	26	1
283	25	1
283	24	1
283	23	1
283	22	1
283	21	1
283	20	1
283	19	1
283	18	1
283	17	1
283	16	1
283	15	1
283	14	1
283	13	1
283	12	1
283	11	1
283	10	1
283	9	1
283	8	1
283	7	1
283	6	1
283	5	1
283	4	1
283	3	1
283	2	1
283	1	1
284	216	1
284	215	1
284	214	1
284	213	1
284	212	1
284	211	1
284	210	1
284	209	1
284	208	1
284	207	1
284	206	1
284	205	1
284	204	1
284	203	1
284	202	1
284	201	1
284	200	1
284	199	1
284	198	1
284	197	1
284	196	1
284	195	1
284	194	1
284	193	1
284	192	1
284	191	1
284	190	1
284	189	1
284	188	1
284	187	1
284	186	1
284	185	1
284	184	1
284	183	1
284	182	1
284	181	1
284	180	1
284	179	1
284	178	1
284	177	1
284	176	1
284	175	1
284	174	1
284	173	1
284	172	1
284	171	1
284	170	1
284	169	1
284	168	1
284	167	1
284	166	1
284	165	1
284	164	1
284	163	1
284	162	1
284	161	1
284	160	1
284	159	1
284	158	1
284	157	1
284	156	1
284	155	1
284	154	1
284	153	1
284	152	1
284	151	1
284	150	1
284	149	1
284	148	1
284	147	1
284	146	1
284	145	1
284	144	1
284	143	2
284	142	2
284	141	2
284	140	2
284	139	2
284	138	2
284	137	2
284	136	2
284	135	2
284	134	2
284	133	2
284	132	2
284	131	2
284	130	2
284	129	2
284	128	2
284	127	2
284	126	2
284	125	2
284	124	2
284	123	2
284	122	2
284	121	2
284	120	2
284	119	2
284	118	2
284	117	2
284	116	2
284	115	2
284	114	2
284	113	2
284	112	2
284	111	2
284	110	2
284	109	2
284	108	1
284	107	1
284	106	1
284	105	1
284	104	1
284	103	1
284	102	1
284	101	1
284	100	1
284	99	2
284	98	1
284	97	1
284	96	1
284	95	2
284	94	2
284	93	2
284	92	2
284	91	2
284	90	2
284	89	2
284	88	2
284	87	2
284	86	2
284	85	2
284	84	2
284	83	2
284	82	2
284	81	2
284	80	2
284	79	2
284	78	2
284	77	2
284	76	2
284	75	2
284	74	2
284	73	2
284	72	2
284	71	2
284	70	2
284	69	2
284	68	2
284	67	2
284	66	2
284	65	2
284	64	2
284	63	2
284	62	2
284	61	2
284	60	2
284	59	2
284	58	2
284	57	2
284	56	2
284	55	2
284	54	2
284	53	1
284	52	1
284	51	1
284	50	1
284	49	1
284	48	1
284	47	1
284	46	1
284	45	1
284	44	1
284	43	1
284	42	1
284	41	1
284	40	1
284	39	1
284	38	1
284	37	1
284	36	1
284	35	1
284	34	1
284	33	1
284	32	1
284	31	1
284	30	1
284	29	1
284	28	1
284	27	1
284	26	1
284	25	1
284	24	1
284	23	1
284	22	1
284	21	1
284	20	1
284	19	1
284	18	1
284	17	1
284	16	1
284	15	1
284	14	1
284	13	1
284	12	1
284	11	1
284	10	1
284	9	1
284	8	1
284	7	1
284	6	1
284	5	1
284	4	1
284	3	1
284	2	1
284	1	1
285	216	1
285	215	1
285	214	1
285	213	1
285	212	1
285	211	1
285	210	1
285	209	1
285	208	1
285	207	1
285	206	1
285	205	1
285	204	1
285	203	1
285	202	1
285	201	1
285	200	1
285	199	1
285	198	1
285	197	1
285	196	1
285	195	1
285	194	1
285	193	1
285	192	1
285	191	1
285	190	1
285	189	1
285	188	1
285	187	1
285	186	1
285	185	1
285	184	1
285	183	1
285	182	1
285	181	1
285	180	1
285	179	1
285	178	1
285	177	1
285	176	1
285	175	1
285	174	1
285	173	1
285	172	1
285	171	1
285	170	1
285	169	1
285	168	1
285	167	1
285	166	1
285	165	1
285	164	1
285	163	1
285	162	1
285	161	1
285	160	1
285	159	1
285	158	1
285	157	1
285	156	1
285	155	1
285	154	1
285	153	1
285	152	1
285	151	1
285	150	1
285	149	1
285	148	1
285	147	1
285	146	1
285	145	1
285	144	2
285	143	2
285	142	2
285	141	2
285	140	2
285	139	2
285	138	2
285	137	2
285	136	2
285	135	2
285	134	2
285	133	2
285	132	2
285	131	2
285	130	2
285	129	2
285	128	2
285	127	2
285	126	2
285	125	2
285	124	2
285	123	2
285	122	2
285	121	2
285	120	2
285	119	2
285	118	2
285	117	2
285	116	2
285	115	1
285	114	2
285	113	2
285	112	2
285	111	2
285	110	2
285	109	1
285	108	1
285	107	1
285	106	1
285	105	1
285	104	1
285	103	1
285	102	1
285	101	1
285	100	2
285	99	1
285	98	1
285	97	1
285	96	1
285	95	1
285	94	1
285	93	2
285	92	2
285	91	2
285	90	2
285	89	2
285	88	2
285	87	2
285	86	2
285	85	2
285	84	2
285	83	2
285	82	2
285	81	2
285	80	2
285	79	2
285	78	2
285	77	2
285	76	2
285	75	2
285	74	2
285	73	2
285	72	1
285	71	2
285	70	2
285	69	2
285	68	2
285	67	2
285	66	2
285	65	2
285	64	2
285	63	2
285	62	2
285	61	2
285	60	2
285	59	2
285	58	2
285	57	2
285	56	2
285	55	2
285	54	2
285	53	1
285	52	1
285	51	1
285	50	1
285	49	1
285	48	1
285	47	1
285	46	1
285	45	1
285	44	1
285	43	1
285	42	1
285	41	1
285	40	1
285	39	1
285	38	1
285	37	1
285	36	1
285	35	1
285	34	1
285	33	1
285	32	1
285	31	1
285	30	1
285	29	1
285	28	1
285	27	1
285	26	1
285	25	1
285	24	1
285	23	1
285	22	1
285	21	1
285	20	1
285	19	1
285	18	1
285	17	1
285	16	1
285	15	1
285	14	1
285	13	1
285	12	1
285	11	1
285	10	1
285	9	1
285	8	1
285	7	1
285	6	1
285	5	1
285	4	1
285	3	1
285	2	1
285	1	1
286	216	1
286	215	1
286	214	1
286	213	1
286	212	1
286	211	1
286	210	1
286	209	1
286	208	1
286	207	1
286	206	1
286	205	1
286	204	1
286	203	1
286	202	1
286	201	1
286	200	1
286	199	1
286	198	1
286	197	1
286	196	1
286	195	1
286	194	1
286	193	1
286	192	1
286	191	1
286	190	1
286	189	1
286	188	1
286	187	1
286	186	1
286	185	1
286	184	1
286	183	1
286	182	1
286	181	1
286	180	1
286	179	1
286	178	1
286	177	1
286	176	1
286	175	1
286	174	1
286	173	1
286	172	1
286	171	1
286	170	1
286	169	1
286	168	1
286	167	1
286	166	1
286	165	1
286	164	1
286	163	1
286	162	1
286	161	1
286	160	1
286	159	1
286	158	1
286	157	1
286	156	1
286	155	1
286	154	1
286	153	1
286	152	1
286	151	1
286	150	1
286	149	1
286	148	1
286	147	1
286	146	1
286	145	1
286	144	2
286	143	2
286	142	2
286	141	2
286	140	2
286	139	2
286	138	2
286	137	2
286	136	2
286	135	2
286	134	2
286	133	2
286	132	2
286	131	2
286	130	2
286	129	2
286	128	2
286	127	2
286	126	2
286	125	2
286	124	2
286	123	2
286	122	2
286	121	2
286	120	2
286	119	2
286	118	2
286	117	2
286	116	2
286	115	1
286	114	1
286	113	1
286	112	1
286	111	1
286	110	1
286	109	1
286	108	1
286	107	1
286	106	1
286	105	1
286	104	1
286	103	1
286	102	1
286	101	1
286	100	1
286	99	1
286	98	1
286	97	1
286	96	1
286	95	2
286	94	2
286	93	2
286	92	2
286	91	2
286	90	2
286	89	2
286	88	2
286	87	2
286	86	2
286	85	2
286	84	2
286	83	2
286	82	2
286	81	2
286	80	2
286	79	2
286	78	2
286	77	2
286	76	2
286	75	2
286	74	1
286	73	2
286	72	2
286	71	2
286	70	2
286	69	2
286	68	2
286	67	2
286	66	2
286	65	2
286	64	2
286	63	2
286	62	2
286	61	2
286	60	2
286	59	2
286	58	2
286	57	2
286	56	2
286	55	2
286	54	1
286	53	1
286	52	1
286	51	1
286	50	1
286	49	1
286	48	1
286	47	1
286	46	1
286	45	1
286	44	1
286	43	1
286	42	1
286	41	1
286	40	1
286	39	1
286	38	1
286	37	1
286	36	1
286	35	1
286	34	1
286	33	1
286	32	1
286	31	1
286	30	1
286	29	1
286	28	1
286	27	1
286	26	1
286	25	1
286	24	1
286	23	1
286	22	1
286	21	1
286	20	1
286	19	1
286	18	1
286	17	1
286	16	1
286	15	1
286	14	1
286	13	1
286	12	1
286	11	1
286	10	1
286	9	1
286	8	1
286	7	1
286	6	1
286	5	1
286	4	1
286	3	1
286	2	1
286	1	1
287	216	1
287	215	1
287	214	1
287	213	1
287	212	1
287	211	1
287	210	1
287	209	1
287	208	1
287	207	1
287	206	1
287	205	1
287	204	1
287	203	1
287	202	1
287	201	1
287	200	1
287	199	1
287	198	1
287	197	1
287	196	1
287	195	1
287	194	1
287	193	1
287	192	1
287	191	1
287	190	1
287	189	1
287	188	1
287	187	1
287	186	1
287	185	1
287	184	1
287	183	1
287	182	1
287	181	1
287	180	1
287	179	1
287	178	1
287	177	1
287	176	1
287	175	1
287	174	1
287	173	1
287	172	1
287	171	1
287	170	1
287	169	1
287	168	1
287	167	1
287	166	1
287	165	1
287	164	1
287	163	1
287	162	1
287	161	1
287	160	1
287	159	1
287	158	1
287	157	2
287	156	1
287	155	1
287	154	1
287	153	1
287	152	1
287	151	1
287	150	1
287	149	1
287	148	1
287	147	1
287	146	1
287	145	2
287	144	2
287	143	2
287	142	2
287	141	2
287	140	2
287	139	2
287	138	2
287	137	2
287	136	2
287	135	2
287	134	2
287	133	2
287	132	2
287	131	2
287	130	2
287	129	2
287	128	2
287	127	2
287	126	2
287	125	2
287	124	2
287	123	2
287	122	2
287	121	2
287	120	2
287	119	2
287	118	2
287	117	2
287	116	2
287	115	1
287	114	1
287	113	1
287	112	1
287	111	1
287	110	1
287	109	1
287	108	1
287	107	1
287	106	1
287	105	1
287	104	1
287	103	1
287	102	1
287	101	1
287	100	1
287	99	1
287	98	2
287	97	2
287	96	2
287	95	2
287	94	2
287	93	2
287	92	2
287	91	2
287	90	2
287	89	2
287	88	2
287	87	2
287	86	2
287	85	2
287	84	2
287	83	2
287	82	2
287	81	2
287	80	2
287	79	2
287	78	2
287	77	2
287	76	1
287	75	1
287	74	2
287	73	2
287	72	2
287	71	2
287	70	2
287	69	2
287	68	2
287	67	2
287	66	2
287	65	2
287	64	2
287	63	2
287	62	2
287	61	2
287	60	2
287	59	2
287	58	2
287	57	2
287	56	2
287	55	1
287	54	1
287	53	1
287	52	1
287	51	1
287	50	1
287	49	1
287	48	1
287	47	1
287	46	1
287	45	1
287	44	1
287	43	1
287	42	1
287	41	1
287	40	1
287	39	1
287	38	1
287	37	1
287	36	1
287	35	1
287	34	1
287	33	1
287	32	1
287	31	1
287	30	1
287	29	1
287	28	1
287	27	1
287	26	1
287	25	1
287	24	1
287	23	1
287	22	1
287	21	1
287	20	1
287	19	1
287	18	1
287	17	1
287	16	1
287	15	1
287	14	1
287	13	1
287	12	1
287	11	1
287	10	1
287	9	1
287	8	1
287	7	1
287	6	1
287	5	1
287	4	1
287	3	1
287	2	1
287	1	1
288	216	1
288	215	1
288	214	1
288	213	1
288	212	1
288	211	1
288	210	1
288	209	1
288	208	1
288	207	1
288	206	1
288	205	1
288	204	1
288	203	1
288	202	1
288	201	1
288	200	1
288	199	1
288	198	1
288	197	1
288	196	1
288	195	1
288	194	1
288	193	1
288	192	1
288	191	1
288	190	1
288	189	1
288	188	1
288	187	1
288	186	1
288	185	1
288	184	1
288	183	1
288	182	1
288	181	1
288	180	1
288	179	1
288	178	1
288	177	1
288	176	1
288	175	1
288	174	1
288	173	1
288	172	1
288	171	1
288	170	1
288	169	1
288	168	1
288	167	1
288	166	1
288	165	1
288	164	1
288	163	1
288	162	1
288	161	1
288	160	1
288	159	1
288	158	2
288	157	2
288	156	1
288	155	1
288	154	1
288	153	1
288	152	1
288	151	1
288	150	1
288	149	1
288	148	1
288	147	1
288	146	2
288	145	2
288	144	2
288	143	2
288	142	2
288	141	2
288	140	2
288	139	2
288	138	2
288	137	2
288	136	2
288	135	2
288	134	2
288	133	2
288	132	2
288	131	2
288	130	2
288	129	2
288	128	2
288	127	2
288	126	2
288	125	2
288	124	2
288	123	2
288	122	2
288	121	2
288	120	2
288	119	2
288	118	2
288	117	1
288	116	1
288	115	1
288	114	1
288	113	1
288	112	1
288	111	1
288	110	1
288	109	1
288	108	2
288	107	1
288	106	1
288	105	1
288	104	1
288	103	1
288	102	1
288	101	1
288	100	2
288	99	2
288	98	2
288	97	2
288	96	2
288	95	2
288	94	2
288	93	2
288	92	2
288	91	2
288	90	1
288	89	2
288	88	2
288	87	2
288	86	2
288	85	2
288	84	2
288	83	2
288	82	2
288	81	2
288	80	1
288	79	1
288	78	1
288	77	2
288	76	2
288	75	2
288	74	2
288	73	2
288	72	2
288	71	2
288	70	2
288	69	1
288	68	2
288	67	2
288	66	2
288	65	2
288	64	2
288	63	2
288	62	2
288	61	2
288	60	2
288	59	2
288	58	2
288	57	2
288	56	2
288	55	1
288	54	1
288	53	1
288	52	1
288	51	1
288	50	1
288	49	1
288	48	1
288	47	1
288	46	1
288	45	1
288	44	1
288	43	1
288	42	1
288	41	1
288	40	1
288	39	1
288	38	1
288	37	1
288	36	1
288	35	1
288	34	1
288	33	1
288	32	1
288	31	1
288	30	1
288	29	1
288	28	1
288	27	1
288	26	1
288	25	1
288	24	1
288	23	1
288	22	1
288	21	1
288	20	1
288	19	1
288	18	1
288	17	1
288	16	1
288	15	1
288	14	1
288	13	1
288	12	1
288	11	1
288	10	1
288	9	1
288	8	1
288	7	1
288	6	1
288	5	1
288	4	1
288	3	1
288	2	1
288	1	1
289	216	1
289	215	1
289	214	1
289	213	1
289	212	1
289	211	1
289	210	1
289	209	1
289	208	1
289	207	1
289	206	1
289	205	1
289	204	1
289	203	1
289	202	1
289	201	1
289	200	1
289	199	1
289	198	1
289	197	1
289	196	1
289	195	1
289	194	1
289	193	1
289	192	1
289	191	1
289	190	1
289	189	1
289	188	1
289	187	1
289	186	1
289	185	1
289	184	1
289	183	1
289	182	1
289	181	1
289	180	1
289	179	1
289	178	1
289	177	1
289	176	1
289	175	1
289	174	1
289	173	1
289	172	1
289	171	1
289	170	1
289	169	1
289	168	1
289	167	1
289	166	1
289	165	1
289	164	1
289	163	1
289	162	1
289	161	1
289	160	1
289	159	2
289	158	2
289	157	2
289	156	1
289	155	1
289	154	1
289	153	1
289	152	2
289	151	1
289	150	1
289	149	1
289	148	1
289	147	1
289	146	2
289	145	2
289	144	2
289	143	2
289	142	1
289	141	2
289	140	2
289	139	2
289	138	2
289	137	2
289	136	2
289	135	2
289	134	2
289	133	1
289	132	1
289	131	1
289	130	1
289	129	1
289	128	2
289	127	2
289	126	2
289	125	2
289	124	2
289	123	2
289	122	2
289	121	2
289	120	2
289	119	2
289	118	2
289	117	1
289	116	1
289	115	1
289	114	1
289	113	1
289	112	1
289	111	1
289	110	1
289	109	1
289	108	1
289	107	1
289	106	2
289	105	1
289	104	2
289	103	2
289	102	2
289	101	2
289	100	2
289	99	2
289	98	2
289	97	2
289	96	2
289	95	2
289	94	2
289	93	2
289	92	2
289	91	2
289	90	2
289	89	1
289	88	2
289	87	2
289	86	2
289	85	2
289	84	2
289	83	2
289	82	2
289	81	2
289	80	2
289	79	2
289	78	2
289	77	2
289	76	2
289	75	2
289	74	2
289	73	2
289	72	2
289	71	2
289	70	2
289	69	2
289	68	2
289	67	2
289	66	2
289	65	2
289	64	2
289	63	2
289	62	2
289	61	2
289	60	2
289	59	2
289	58	2
289	57	1
289	56	1
289	55	1
289	54	1
289	53	1
289	52	1
289	51	1
289	50	1
289	49	1
289	48	1
289	47	1
289	46	1
289	45	1
289	44	1
289	43	1
289	42	1
289	41	1
289	40	1
289	39	1
289	38	1
289	37	1
289	36	1
289	35	1
289	34	1
289	33	1
289	32	1
289	31	1
289	30	1
289	29	1
289	28	1
289	27	1
289	26	1
289	25	1
289	24	1
289	23	1
289	22	1
289	21	1
289	20	1
289	19	1
289	18	1
289	17	1
289	16	1
289	15	1
289	14	1
289	13	1
289	12	1
289	11	1
289	10	1
289	9	1
289	8	1
289	7	1
289	6	1
289	5	1
289	4	1
289	3	1
289	2	1
289	1	1
290	216	1
290	215	1
290	214	1
290	213	1
290	212	1
290	211	1
290	210	1
290	209	1
290	208	1
290	207	1
290	206	1
290	205	1
290	204	1
290	203	1
290	202	1
290	201	1
290	200	1
290	199	1
290	198	1
290	197	1
290	196	1
290	195	1
290	194	1
290	193	1
290	192	1
290	191	1
290	190	1
290	189	1
290	188	1
290	187	1
290	186	1
290	185	1
290	184	1
290	183	1
290	182	1
290	181	1
290	180	1
290	179	1
290	178	1
290	177	1
290	176	1
290	175	1
290	174	1
290	173	1
290	172	1
290	171	1
290	170	1
290	169	1
290	168	1
290	167	1
290	166	1
290	165	1
290	164	1
290	163	1
290	162	1
290	161	1
290	160	2
290	159	2
290	158	2
290	157	2
290	156	2
290	155	1
290	154	1
290	153	1
290	152	2
290	151	1
290	150	1
290	149	1
290	148	1
290	147	2
290	146	2
290	145	2
290	144	2
290	143	1
290	142	1
290	141	2
290	140	2
290	139	2
290	138	2
290	137	2
290	136	2
290	135	2
290	134	1
290	133	1
290	132	1
290	131	1
290	130	1
290	129	1
290	128	1
290	127	1
290	126	1
290	125	2
290	124	2
290	123	2
290	122	2
290	121	2
290	120	2
290	119	1
290	118	1
290	117	1
290	116	1
290	115	1
290	114	1
290	113	1
290	112	1
290	111	2
290	110	2
290	109	1
290	108	2
290	107	2
290	106	2
290	105	2
290	104	2
290	103	2
290	102	2
290	101	2
290	100	2
290	99	2
290	98	2
290	97	2
290	96	2
290	95	2
290	94	2
290	93	2
290	92	2
290	91	2
290	90	2
290	89	1
290	88	1
290	87	2
290	86	2
290	85	2
290	84	2
290	83	2
290	82	2
290	81	2
290	80	2
290	79	2
290	78	2
290	77	2
290	76	1
290	75	2
290	74	1
290	73	1
290	72	1
290	71	1
290	70	2
290	69	2
290	68	2
290	67	2
290	66	2
290	65	2
290	64	2
290	63	2
290	62	2
290	61	2
290	60	2
290	59	2
290	58	2
290	57	1
290	56	1
290	55	1
290	54	1
290	53	1
290	52	1
290	51	1
290	50	1
290	49	1
290	48	1
290	47	1
290	46	1
290	45	1
290	44	1
290	43	1
290	42	1
290	41	1
290	40	1
290	39	1
290	38	1
290	37	1
290	36	1
290	35	1
290	34	1
290	33	1
290	32	1
290	31	1
290	30	1
290	29	1
290	28	1
290	27	1
290	26	1
290	25	1
290	24	1
290	23	1
290	22	1
290	21	1
290	20	1
290	19	1
290	18	1
290	17	1
290	16	1
290	15	1
290	14	1
290	13	1
290	12	1
290	11	1
290	10	1
290	9	1
290	8	1
290	7	1
290	6	1
290	5	1
290	4	1
290	3	1
290	2	1
290	1	1
291	216	1
291	215	1
291	214	1
291	213	1
291	212	1
291	211	1
291	210	1
291	209	1
291	208	1
291	207	1
291	206	1
291	205	1
291	204	1
291	203	1
291	202	1
291	201	1
291	200	1
291	199	1
291	198	1
291	197	1
291	196	1
291	195	1
291	194	1
291	193	1
291	192	1
291	191	1
291	190	1
291	189	1
291	188	1
291	187	1
291	186	1
291	185	1
291	184	1
291	183	1
291	182	1
291	181	1
291	180	1
291	179	1
291	178	1
291	177	1
291	176	1
291	175	1
291	174	1
291	173	1
291	172	1
291	171	1
291	170	1
291	169	1
291	168	1
291	167	1
291	166	1
291	165	1
291	164	1
291	163	1
291	162	1
291	161	1
291	160	2
291	159	2
291	158	2
291	157	2
291	156	2
291	155	1
291	154	1
291	153	1
291	152	1
291	151	2
291	150	1
291	149	1
291	148	2
291	147	2
291	146	2
291	145	2
291	144	2
291	143	2
291	142	1
291	141	2
291	140	2
291	139	2
291	138	2
291	137	2
291	136	2
291	135	2
291	134	1
291	133	1
291	132	1
291	131	1
291	130	1
291	129	1
291	128	1
291	127	1
291	126	1
291	125	1
291	124	2
291	123	2
291	122	2
291	121	1
291	120	1
291	119	1
291	118	1
291	117	1
291	116	1
291	115	1
291	114	1
291	113	2
291	112	2
291	111	2
291	110	2
291	109	2
291	108	2
291	107	2
291	106	2
291	105	2
291	104	2
291	103	2
291	102	2
291	101	2
291	100	2
291	99	2
291	98	2
291	97	2
291	96	2
291	95	2
291	94	2
291	93	2
291	92	2
291	91	2
291	90	2
291	89	2
291	88	1
291	87	1
291	86	1
291	85	2
291	84	2
291	83	2
291	82	2
291	81	2
291	80	2
291	79	2
291	78	2
291	77	2
291	76	2
291	75	2
291	74	1
291	73	1
291	72	2
291	71	2
291	70	2
291	69	2
291	68	2
291	67	1
291	66	2
291	65	2
291	64	2
291	63	2
291	62	2
291	61	2
291	60	2
291	59	2
291	58	1
291	57	1
291	56	1
291	55	1
291	54	1
291	53	1
291	52	1
291	51	1
291	50	1
291	49	1
291	48	1
291	47	1
291	46	1
291	45	1
291	44	1
291	43	1
291	42	1
291	41	1
291	40	1
291	39	1
291	38	1
291	37	1
291	36	1
291	35	1
291	34	1
291	33	1
291	32	1
291	31	1
291	30	1
291	29	1
291	28	1
291	27	1
291	26	1
291	25	1
291	24	1
291	23	1
291	22	1
291	21	1
291	20	1
291	19	1
291	18	1
291	17	1
291	16	1
291	15	1
291	14	1
291	13	1
291	12	1
291	11	1
291	10	1
291	9	1
291	8	1
291	7	1
291	6	1
291	5	1
291	4	1
291	3	1
291	2	1
291	1	1
292	216	1
292	215	1
292	214	1
292	213	1
292	212	1
292	211	1
292	210	1
292	209	1
292	208	1
292	207	1
292	206	1
292	205	1
292	204	1
292	203	1
292	202	1
292	201	1
292	200	1
292	199	1
292	198	1
292	197	1
292	196	1
292	195	1
292	194	1
292	193	1
292	192	1
292	191	1
292	190	1
292	189	1
292	188	1
292	187	1
292	186	1
292	185	1
292	184	1
292	183	1
292	182	1
292	181	1
292	180	1
292	179	1
292	178	1
292	177	1
292	176	1
292	175	1
292	174	1
292	173	1
292	172	1
292	171	1
292	170	1
292	169	1
292	168	1
292	167	1
292	166	1
292	165	1
292	164	1
292	163	1
292	162	1
292	161	2
292	160	2
292	159	2
292	158	2
292	157	2
292	156	2
292	155	1
292	154	1
292	153	1
292	152	2
292	151	2
292	150	2
292	149	1
292	148	2
292	147	2
292	146	2
292	145	2
292	144	1
292	143	2
292	142	2
292	141	2
292	140	1
292	139	2
292	138	2
292	137	2
292	136	2
292	135	2
292	134	2
292	133	1
292	132	1
292	131	1
292	130	1
292	129	1
292	128	1
292	127	1
292	126	1
292	125	1
292	124	1
292	123	1
292	122	1
292	121	1
292	120	1
292	119	1
292	118	1
292	117	2
292	116	2
292	115	2
292	114	2
292	113	2
292	112	2
292	111	2
292	110	2
292	109	2
292	108	1
292	107	1
292	106	2
292	105	2
292	104	2
292	103	2
292	102	2
292	101	2
292	100	2
292	99	2
292	98	2
292	97	2
292	96	2
292	95	2
292	94	2
292	93	2
292	92	2
292	91	2
292	90	2
292	89	2
292	88	2
292	87	2
292	86	1
292	85	1
292	84	1
292	83	2
292	82	1
292	81	1
292	80	2
292	79	2
292	78	2
292	77	2
292	76	2
292	75	1
292	74	2
292	73	2
292	72	2
292	71	2
292	70	2
292	69	1
292	68	1
292	67	2
292	66	2
292	65	2
292	64	2
292	63	2
292	62	2
292	61	2
292	60	2
292	59	1
292	58	1
292	57	1
292	56	1
292	55	1
292	54	1
292	53	1
292	52	1
292	51	1
292	50	1
292	49	1
292	48	1
292	47	1
292	46	1
292	45	1
292	44	1
292	43	1
292	42	1
292	41	1
292	40	1
292	39	1
292	38	1
292	37	1
292	36	1
292	35	1
292	34	1
292	33	1
292	32	1
292	31	1
292	30	1
292	29	1
292	28	1
292	27	1
292	26	1
292	25	1
292	24	1
292	23	1
292	22	1
292	21	1
292	20	1
292	19	1
292	18	1
292	17	1
292	16	1
292	15	1
292	14	1
292	13	1
292	12	1
292	11	1
292	10	1
292	9	1
292	8	1
292	7	1
292	6	1
292	5	1
292	4	1
292	3	1
292	2	1
292	1	1
293	216	1
293	215	1
293	214	1
293	213	1
293	212	1
293	211	1
293	210	1
293	209	1
293	208	1
293	207	1
293	206	1
293	205	1
293	204	1
293	203	1
293	202	1
293	201	1
293	200	1
293	199	1
293	198	1
293	197	1
293	196	1
293	195	1
293	194	1
293	193	1
293	192	1
293	191	1
293	190	1
293	189	1
293	188	1
293	187	1
293	186	1
293	185	1
293	184	1
293	183	1
293	182	1
293	181	1
293	180	1
293	179	1
293	178	1
293	177	1
293	176	1
293	175	1
293	174	1
293	173	1
293	172	1
293	171	2
293	170	2
293	169	2
293	168	2
293	167	2
293	166	2
293	165	2
293	164	2
293	163	2
293	162	2
293	161	2
293	160	2
293	159	2
293	158	2
293	157	2
293	156	2
293	155	2
293	154	2
293	153	2
293	152	2
293	151	2
293	150	2
293	149	2
293	148	1
293	147	2
293	146	2
293	145	1
293	144	2
293	143	2
293	142	2
293	141	2
293	140	2
293	139	2
293	138	2
293	137	2
293	136	2
293	135	2
293	134	2
293	133	2
293	132	1
293	131	1
293	130	1
293	129	1
293	128	1
293	127	1
293	126	1
293	125	1
293	124	1
293	123	1
293	122	1
293	121	1
293	120	1
293	119	1
293	118	1
293	117	2
293	116	2
293	115	2
293	114	2
293	113	2
293	112	2
293	111	2
293	110	2
293	109	2
293	108	1
293	107	2
293	106	2
293	105	2
293	104	2
293	103	2
293	102	2
293	101	2
293	100	2
293	99	2
293	98	2
293	97	2
293	96	2
293	95	2
293	94	2
293	93	2
293	92	2
293	91	2
293	90	2
293	89	2
293	88	2
293	87	2
293	86	2
293	85	1
293	84	1
293	83	1
293	82	2
293	81	2
293	80	2
293	79	2
293	78	2
293	77	2
293	76	2
293	75	2
293	74	2
293	73	2
293	72	2
293	71	1
293	70	1
293	69	1
293	68	2
293	67	2
293	66	2
293	65	2
293	64	2
293	63	2
293	62	2
293	61	2
293	60	1
293	59	1
293	58	1
293	57	1
293	56	1
293	55	1
293	54	1
293	53	1
293	52	1
293	51	1
293	50	1
293	49	1
293	48	1
293	47	1
293	46	1
293	45	1
293	44	1
293	43	1
293	42	1
293	41	1
293	40	1
293	39	1
293	38	1
293	37	1
293	36	1
293	35	1
293	34	1
293	33	1
293	32	1
293	31	1
293	30	1
293	29	1
293	28	1
293	27	1
293	26	1
293	25	1
293	24	1
293	23	1
293	22	1
293	21	1
293	20	1
293	19	1
293	18	1
293	17	1
293	16	1
293	15	1
293	14	1
293	13	1
293	12	1
293	11	1
293	10	1
293	9	1
293	8	1
293	7	1
293	6	1
293	5	1
293	4	1
293	3	1
293	2	1
293	1	1
294	216	1
294	215	1
294	214	1
294	213	1
294	212	1
294	211	1
294	210	1
294	209	1
294	208	1
294	207	1
294	206	1
294	205	1
294	204	1
294	203	1
294	202	1
294	201	1
294	200	1
294	199	1
294	198	1
294	197	1
294	196	1
294	195	1
294	194	1
294	193	1
294	192	1
294	191	1
294	190	1
294	189	1
294	188	1
294	187	1
294	186	1
294	185	1
294	184	1
294	183	1
294	182	1
294	181	1
294	180	1
294	179	1
294	178	1
294	177	1
294	176	1
294	175	1
294	174	1
294	173	1
294	172	1
294	171	2
294	170	2
294	169	2
294	168	2
294	167	2
294	166	2
294	165	2
294	164	2
294	163	2
294	162	2
294	161	1
294	160	2
294	159	2
294	158	2
294	157	2
294	156	2
294	155	2
294	154	2
294	153	2
294	152	2
294	151	2
294	150	2
294	149	2
294	148	1
294	147	2
294	146	1
294	145	2
294	144	2
294	143	2
294	142	2
294	141	2
294	140	2
294	139	2
294	138	2
294	137	2
294	136	2
294	135	2
294	134	2
294	133	2
294	132	2
294	131	2
294	130	1
294	129	1
294	128	1
294	127	1
294	126	1
294	125	1
294	124	1
294	123	1
294	122	1
294	121	1
294	120	1
294	119	1
294	118	2
294	117	2
294	116	2
294	115	2
294	114	2
294	113	2
294	112	2
294	111	2
294	110	2
294	109	2
294	108	2
294	107	2
294	106	2
294	105	2
294	104	1
294	103	1
294	102	1
294	101	1
294	100	2
294	99	2
294	98	2
294	97	2
294	96	2
294	95	2
294	94	2
294	93	2
294	92	2
294	91	2
294	90	2
294	89	2
294	88	2
294	87	2
294	86	2
294	85	2
294	84	2
294	83	1
294	82	2
294	81	2
294	80	2
294	79	2
294	78	2
294	77	2
294	76	2
294	75	2
294	74	2
294	73	1
294	72	1
294	71	1
294	70	1
294	69	2
294	68	2
294	67	2
294	66	2
294	65	2
294	64	2
294	63	2
294	62	2
294	61	2
294	60	1
294	59	1
294	58	1
294	57	1
294	56	1
294	55	1
294	54	1
294	53	1
294	52	1
294	51	1
294	50	1
294	49	1
294	48	1
294	47	1
294	46	1
294	45	1
294	44	1
294	43	1
294	42	1
294	41	1
294	40	1
294	39	1
294	38	1
294	37	1
294	36	1
294	35	1
294	34	1
294	33	1
294	32	1
294	31	1
294	30	1
294	29	1
294	28	1
294	27	1
294	26	1
294	25	1
294	24	1
294	23	1
294	22	1
294	21	1
294	20	1
294	19	1
294	18	1
294	17	1
294	16	1
294	15	1
294	14	1
294	13	1
294	12	1
294	11	1
294	10	1
294	9	1
294	8	1
294	7	1
294	6	1
294	5	1
294	4	1
294	3	1
294	2	1
294	1	1
295	216	1
295	215	1
295	214	1
295	213	1
295	212	1
295	211	1
295	210	1
295	209	1
295	208	1
295	207	1
295	206	1
295	205	1
295	204	1
295	203	1
295	202	1
295	201	1
295	200	1
295	199	1
295	198	1
295	197	1
295	196	1
295	195	1
295	194	1
295	193	1
295	192	1
295	191	1
295	190	1
295	189	1
295	188	1
295	187	1
295	186	1
295	185	1
295	184	1
295	183	1
295	182	1
295	181	1
295	180	1
295	179	1
295	178	1
295	177	1
295	176	1
295	175	1
295	174	1
295	173	1
295	172	1
295	171	2
295	170	2
295	169	2
295	168	2
295	167	2
295	166	2
295	165	2
295	164	2
295	163	2
295	162	2
295	161	2
295	160	2
295	159	2
295	158	2
295	157	2
295	156	2
295	155	2
295	154	2
295	153	2
295	152	2
295	151	1
295	150	2
295	149	2
295	148	2
295	147	1
295	146	1
295	145	1
295	144	1
295	143	1
295	142	2
295	141	2
295	140	2
295	139	2
295	138	2
295	137	2
295	136	2
295	135	2
295	134	2
295	133	2
295	132	2
295	131	2
295	130	2
295	129	1
295	128	1
295	127	1
295	126	1
295	125	1
295	124	1
295	123	1
295	122	1
295	121	1
295	120	1
295	119	1
295	118	2
295	117	2
295	116	2
295	115	2
295	114	2
295	113	2
295	112	2
295	111	2
295	110	2
295	109	2
295	108	1
295	107	1
295	106	1
295	105	1
295	104	1
295	103	1
295	102	1
295	101	1
295	100	2
295	99	2
295	98	2
295	97	2
295	96	2
295	95	2
295	94	2
295	93	2
295	92	2
295	91	2
295	90	2
295	89	2
295	88	2
295	87	2
295	86	2
295	85	2
295	84	2
295	83	2
295	82	2
295	81	1
295	80	2
295	79	2
295	78	2
295	77	2
295	76	2
295	75	1
295	74	1
295	73	1
295	72	1
295	71	1
295	70	2
295	69	2
295	68	2
295	67	2
295	66	2
295	65	2
295	64	2
295	63	2
295	62	2
295	61	1
295	60	1
295	59	1
295	58	1
295	57	1
295	56	1
295	55	1
295	54	1
295	53	1
295	52	1
295	51	1
295	50	1
295	49	1
295	48	1
295	47	1
295	46	1
295	45	1
295	44	1
295	43	1
295	42	1
295	41	1
295	40	1
295	39	1
295	38	1
295	37	1
295	36	1
295	35	1
295	34	1
295	33	1
295	32	1
295	31	1
295	30	1
295	29	1
295	28	1
295	27	1
295	26	1
295	25	1
295	24	1
295	23	1
295	22	1
295	21	1
295	20	1
295	19	1
295	18	1
295	17	1
295	16	1
295	15	1
295	14	1
295	13	1
295	12	1
295	11	1
295	10	1
295	9	1
295	8	1
295	7	1
295	6	1
295	5	1
295	4	1
295	3	1
295	2	1
295	1	1
296	216	1
296	215	1
296	214	1
296	213	1
296	212	1
296	211	1
296	210	1
296	209	1
296	208	1
296	207	1
296	206	1
296	205	1
296	204	1
296	203	1
296	202	1
296	201	1
296	200	1
296	199	1
296	198	1
296	197	1
296	196	1
296	195	1
296	194	1
296	193	1
296	192	1
296	191	1
296	190	1
296	189	1
296	188	1
296	187	1
296	186	1
296	185	1
296	184	1
296	183	1
296	182	1
296	181	1
296	180	1
296	179	1
296	178	1
296	177	1
296	176	1
296	175	1
296	174	1
296	173	1
296	172	1
296	171	1
296	170	1
296	169	1
296	168	1
296	167	2
296	166	2
296	165	2
296	164	2
296	163	2
296	162	2
296	161	2
296	160	2
296	159	2
296	158	2
296	157	2
296	156	2
296	155	2
296	154	2
296	153	1
296	152	1
296	151	1
296	150	2
296	149	2
296	148	2
296	147	2
296	146	1
296	145	1
296	144	1
296	143	1
296	142	2
296	141	2
296	140	2
296	139	2
296	138	2
296	137	2
296	136	2
296	135	2
296	134	2
296	133	2
296	132	2
296	131	2
296	130	2
296	129	2
296	128	1
296	127	1
296	126	1
296	125	1
296	124	1
296	123	1
296	122	1
296	121	1
296	120	1
296	119	1
296	118	1
296	117	2
296	116	2
296	115	2
296	114	2
296	113	2
296	112	2
296	111	2
296	110	2
296	109	2
296	108	1
296	107	1
296	106	1
296	105	1
296	104	1
296	103	1
296	102	1
296	101	2
296	100	2
296	99	2
296	98	2
296	97	2
296	96	1
296	95	2
296	94	2
296	93	2
296	92	2
296	91	2
296	90	2
296	89	2
296	88	2
296	87	1
296	86	2
296	85	2
296	84	2
296	83	2
296	82	2
296	81	2
296	80	2
296	79	2
296	78	2
296	77	1
296	76	1
296	75	1
296	74	1
296	73	1
296	72	1
296	71	2
296	70	2
296	69	2
296	68	2
296	67	2
296	66	2
296	65	2
296	64	2
296	63	2
296	62	2
296	61	1
296	60	1
296	59	1
296	58	1
296	57	1
296	56	1
296	55	1
296	54	1
296	53	1
296	52	1
296	51	1
296	50	1
296	49	1
296	48	1
296	47	1
296	46	1
296	45	1
296	44	1
296	43	1
296	42	1
296	41	1
296	40	1
296	39	1
296	38	1
296	37	1
296	36	1
296	35	1
296	34	1
296	33	1
296	32	1
296	31	1
296	30	1
296	29	1
296	28	1
296	27	1
296	26	1
296	25	1
296	24	1
296	23	1
296	22	1
296	21	1
296	20	1
296	19	1
296	18	1
296	17	1
296	16	1
296	15	1
296	14	1
296	13	1
296	12	1
296	11	1
296	10	1
296	9	1
296	8	1
296	7	1
296	6	1
296	5	1
296	4	1
296	3	1
296	2	1
296	1	1
297	216	1
297	215	1
297	214	1
297	213	1
297	212	1
297	211	1
297	210	1
297	209	1
297	208	1
297	207	1
297	206	1
297	205	1
297	204	1
297	203	1
297	202	1
297	201	1
297	200	1
297	199	1
297	198	1
297	197	1
297	196	1
297	195	1
297	194	1
297	193	1
297	192	1
297	191	1
297	190	1
297	189	1
297	188	1
297	187	1
297	186	1
297	185	1
297	184	1
297	183	1
297	182	1
297	181	1
297	180	1
297	179	1
297	178	1
297	177	1
297	176	1
297	175	1
297	174	1
297	173	1
297	172	1
297	171	1
297	170	1
297	169	1
297	168	1
297	167	1
297	166	1
297	165	1
297	164	1
297	163	1
297	162	2
297	161	2
297	160	2
297	159	2
297	158	2
297	157	2
297	156	2
297	155	2
297	154	2
297	153	1
297	152	1
297	151	2
297	150	2
297	149	2
297	148	2
297	147	2
297	146	1
297	145	1
297	144	1
297	143	1
297	142	2
297	141	2
297	140	2
297	139	2
297	138	2
297	137	2
297	136	2
297	135	2
297	134	2
297	133	2
297	132	2
297	131	1
297	130	2
297	129	2
297	128	2
297	127	2
297	126	1
297	125	1
297	124	1
297	123	1
297	122	2
297	121	2
297	120	1
297	119	1
297	118	1
297	117	2
297	116	2
297	115	2
297	114	2
297	113	2
297	112	2
297	111	2
297	110	2
297	109	2
297	108	1
297	107	1
297	106	1
297	105	1
297	104	1
297	103	2
297	102	2
297	101	2
297	100	2
297	99	2
297	98	2
297	97	2
297	96	2
297	95	2
297	94	2
297	93	2
297	92	2
297	91	2
297	90	2
297	89	2
297	88	1
297	87	1
297	86	1
297	85	2
297	84	2
297	83	2
297	82	2
297	81	2
297	80	1
297	79	1
297	78	1
297	77	1
297	76	1
297	75	1
297	74	1
297	73	1
297	72	2
297	71	2
297	70	2
297	69	2
297	68	2
297	67	2
297	66	2
297	65	2
297	64	2
297	63	2
297	62	1
297	61	1
297	60	1
297	59	1
297	58	1
297	57	1
297	56	1
297	55	1
297	54	1
297	53	1
297	52	1
297	51	1
297	50	1
297	49	1
297	48	1
297	47	1
297	46	1
297	45	1
297	44	1
297	43	1
297	42	1
297	41	1
297	40	1
297	39	1
297	38	1
297	37	1
297	36	1
297	35	1
297	34	1
297	33	1
297	32	1
297	31	1
297	30	1
297	29	1
297	28	1
297	27	1
297	26	1
297	25	1
297	24	1
297	23	1
297	22	1
297	21	1
297	20	1
297	19	1
297	18	1
297	17	1
297	16	1
297	15	1
297	14	1
297	13	1
297	12	1
297	11	1
297	10	1
297	9	1
297	8	1
297	7	1
297	6	1
297	5	1
297	4	1
297	3	1
297	2	1
297	1	1
298	216	1
298	215	1
298	214	1
298	213	1
298	212	1
298	211	1
298	210	1
298	209	1
298	208	1
298	207	1
298	206	1
298	205	1
298	204	1
298	203	1
298	202	1
298	201	1
298	200	1
298	199	1
298	198	1
298	197	1
298	196	1
298	195	1
298	194	1
298	193	1
298	192	1
298	191	1
298	190	1
298	189	1
298	188	1
298	187	1
298	186	1
298	185	1
298	184	1
298	183	1
298	182	1
298	181	1
298	180	1
298	179	1
298	178	1
298	177	1
298	176	1
298	175	1
298	174	1
298	173	1
298	172	2
298	171	1
298	170	1
298	169	1
298	168	1
298	167	1
298	166	1
298	165	1
298	164	1
298	163	1
298	162	1
298	161	1
298	160	1
298	159	1
298	158	1
298	157	2
298	156	2
298	155	2
298	154	2
298	153	1
298	152	2
298	151	2
298	150	2
298	149	1
298	148	2
298	147	2
298	146	2
298	145	1
298	144	1
298	143	2
298	142	2
298	141	2
298	140	2
298	139	2
298	138	2
298	137	2
298	136	2
298	135	2
298	134	2
298	133	2
298	132	2
298	131	1
298	130	1
298	129	1
298	128	1
298	127	1
298	126	1
298	125	1
298	124	1
298	123	1
298	122	1
298	121	2
298	120	2
298	119	1
298	118	2
298	117	2
298	116	2
298	115	2
298	114	2
298	113	2
298	112	2
298	111	2
298	110	2
298	109	2
298	108	1
298	107	1
298	106	1
298	105	2
298	104	2
298	103	2
298	102	2
298	101	1
298	100	2
298	99	2
298	98	1
298	97	1
298	96	2
298	95	2
298	94	2
298	93	2
298	92	2
298	91	2
298	90	2
298	89	1
298	88	2
298	87	2
298	86	2
298	85	2
298	84	1
298	83	2
298	82	2
298	81	2
298	80	1
298	79	1
298	78	1
298	77	1
298	76	1
298	75	1
298	74	1
298	73	1
298	72	2
298	71	2
298	70	2
298	69	2
298	68	2
298	67	2
298	66	2
298	65	2
298	64	2
298	63	1
298	62	1
298	61	1
298	60	1
298	59	1
298	58	1
298	57	1
298	56	1
298	55	1
298	54	1
298	53	1
298	52	1
298	51	1
298	50	1
298	49	1
298	48	1
298	47	1
298	46	1
298	45	1
298	44	1
298	43	1
298	42	1
298	41	1
298	40	1
298	39	1
298	38	1
298	37	1
298	36	1
298	35	1
298	34	1
298	33	1
298	32	1
298	31	1
298	30	1
298	29	1
298	28	1
298	27	1
298	26	1
298	25	1
298	24	1
298	23	1
298	22	1
298	21	1
298	20	1
298	19	1
298	18	1
298	17	1
298	16	1
298	15	1
298	14	1
298	13	1
298	12	1
298	11	1
298	10	1
298	9	1
298	8	1
298	7	1
298	6	1
298	5	1
298	4	1
298	3	1
298	2	1
298	1	1
299	216	1
299	215	1
299	214	1
299	213	1
299	212	1
299	211	1
299	210	1
299	209	1
299	208	1
299	207	1
299	206	1
299	205	1
299	204	1
299	203	1
299	202	1
299	201	1
299	200	1
299	199	1
299	198	1
299	197	1
299	196	1
299	195	1
299	194	1
299	193	1
299	192	1
299	191	1
299	190	1
299	189	1
299	188	1
299	187	1
299	186	1
299	185	1
299	184	1
299	183	1
299	182	1
299	181	1
299	180	1
299	179	1
299	178	1
299	177	1
299	176	1
299	175	1
299	174	1
299	173	1
299	172	1
299	171	2
299	170	2
299	169	2
299	168	2
299	167	2
299	166	1
299	165	1
299	164	1
299	163	1
299	162	1
299	161	1
299	160	1
299	159	1
299	158	1
299	157	1
299	156	2
299	155	2
299	154	2
299	153	2
299	152	2
299	151	1
299	150	1
299	149	1
299	148	1
299	147	2
299	146	2
299	145	2
299	144	1
299	143	1
299	142	1
299	141	2
299	140	2
299	139	2
299	138	2
299	137	2
299	136	2
299	135	2
299	134	2
299	133	2
299	132	2
299	131	2
299	130	1
299	129	1
299	128	1
299	127	1
299	126	2
299	125	2
299	124	1
299	123	1
299	122	1
299	121	1
299	120	1
299	119	1
299	118	2
299	117	2
299	116	2
299	115	2
299	114	2
299	113	2
299	112	2
299	111	2
299	110	2
299	109	2
299	108	2
299	107	2
299	106	2
299	105	2
299	104	2
299	103	2
299	102	1
299	101	1
299	100	2
299	99	2
299	98	1
299	97	2
299	96	2
299	95	2
299	94	2
299	93	2
299	92	2
299	91	2
299	90	2
299	89	1
299	88	2
299	87	2
299	86	2
299	85	2
299	84	2
299	83	2
299	82	2
299	81	2
299	80	2
299	79	1
299	78	1
299	77	1
299	76	1
299	75	1
299	74	1
299	73	1
299	72	2
299	71	2
299	70	2
299	69	2
299	68	2
299	67	2
299	66	2
299	65	2
299	64	1
299	63	1
299	62	1
299	61	1
299	60	1
299	59	1
299	58	1
299	57	1
299	56	1
299	55	1
299	54	1
299	53	1
299	52	1
299	51	1
299	50	1
299	49	1
299	48	1
299	47	1
299	46	1
299	45	1
299	44	1
299	43	1
299	42	1
299	41	1
299	40	1
299	39	1
299	38	1
299	37	1
299	36	1
299	35	1
299	34	1
299	33	1
299	32	1
299	31	1
299	30	1
299	29	1
299	28	1
299	27	1
299	26	1
299	25	1
299	24	1
299	23	1
299	22	1
299	21	1
299	20	1
299	19	1
299	18	1
299	17	1
299	16	1
299	15	1
299	14	1
299	13	1
299	12	1
299	11	1
299	10	1
299	9	1
299	8	1
299	7	1
299	6	1
299	5	1
299	4	1
299	3	1
299	2	1
299	1	1
300	216	1
300	215	1
300	214	1
300	213	1
300	212	1
300	211	1
300	210	1
300	209	1
300	208	1
300	207	1
300	206	1
300	205	1
300	204	1
300	203	1
300	202	1
300	201	1
300	200	1
300	199	1
300	198	1
300	197	1
300	196	1
300	195	1
300	194	1
300	193	1
300	192	1
300	191	1
300	190	1
300	189	1
300	188	1
300	187	1
300	186	1
300	185	1
300	184	1
300	183	1
300	182	1
300	181	1
300	180	1
300	179	1
300	178	1
300	177	1
300	176	1
300	175	1
300	174	1
300	173	1
300	172	1
300	171	1
300	170	1
300	169	1
300	168	2
300	167	2
300	166	2
300	165	2
300	164	2
300	163	2
300	162	2
300	161	1
300	160	1
300	159	1
300	158	1
300	157	1
300	156	2
300	155	2
300	154	2
300	153	2
300	152	2
300	151	1
300	150	1
300	149	1
300	148	1
300	147	2
300	146	2
300	145	2
300	144	2
300	143	2
300	142	1
300	141	2
300	140	2
300	139	2
300	138	2
300	137	2
300	136	2
300	135	2
300	134	2
300	133	2
300	132	2
300	131	2
300	130	2
300	129	1
300	128	2
300	127	2
300	126	2
300	125	2
300	124	2
300	123	1
300	122	1
300	121	1
300	120	1
300	119	1
300	118	2
300	117	2
300	116	2
300	115	2
300	114	2
300	113	2
300	112	2
300	111	2
300	110	2
300	109	2
300	108	2
300	107	2
300	106	1
300	105	1
300	104	1
300	103	2
300	102	2
300	101	2
300	100	2
300	99	2
300	98	2
300	97	2
300	96	2
300	95	2
300	94	2
300	93	2
300	92	2
300	91	2
300	90	2
300	89	2
300	88	2
300	87	2
300	86	2
300	85	2
300	84	2
300	83	2
300	82	2
300	81	2
300	80	2
300	79	1
300	78	1
300	77	1
300	76	1
300	75	1
300	74	1
300	73	2
300	72	2
300	71	2
300	70	2
300	69	2
300	68	2
300	67	2
300	66	2
300	65	2
300	64	1
300	63	1
300	62	1
300	61	1
300	60	1
300	59	1
300	58	1
300	57	1
300	56	1
300	55	1
300	54	1
300	53	1
300	52	1
300	51	1
300	50	1
300	49	1
300	48	1
300	47	1
300	46	1
300	45	1
300	44	1
300	43	1
300	42	1
300	41	1
300	40	1
300	39	1
300	38	1
300	37	1
300	36	1
300	35	1
300	34	1
300	33	1
300	32	1
300	31	1
300	30	1
300	29	1
300	28	1
300	27	1
300	26	1
300	25	1
300	24	1
300	23	1
300	22	1
300	21	1
300	20	1
300	19	1
300	18	1
300	17	1
300	16	1
300	15	1
300	14	1
300	13	1
300	12	1
300	11	1
300	10	1
300	9	1
300	8	1
300	7	1
300	6	1
300	5	1
300	4	1
300	3	1
300	2	1
300	1	1
301	216	1
301	215	1
301	214	1
301	213	1
301	212	1
301	211	1
301	210	1
301	209	1
301	208	1
301	207	1
301	206	1
301	205	1
301	204	1
301	203	1
301	202	1
301	201	1
301	200	1
301	199	1
301	198	1
301	197	1
301	196	1
301	195	1
301	194	1
301	193	1
301	192	1
301	191	1
301	190	1
301	189	1
301	188	1
301	187	1
301	186	1
301	185	1
301	184	1
301	183	1
301	182	1
301	181	1
301	180	1
301	179	1
301	178	1
301	177	1
301	176	1
301	175	1
301	174	1
301	173	1
301	172	1
301	171	1
301	170	1
301	169	1
301	168	1
301	167	1
301	166	1
301	165	1
301	164	2
301	163	2
301	162	2
301	161	2
301	160	2
301	159	2
301	158	2
301	157	2
301	156	2
301	155	2
301	154	2
301	153	2
301	152	1
301	151	1
301	150	1
301	149	1
301	148	1
301	147	2
301	146	2
301	145	2
301	144	2
301	143	2
301	142	1
301	141	2
301	140	2
301	139	2
301	138	2
301	137	2
301	136	2
301	135	2
301	134	2
301	133	2
301	132	2
301	131	1
301	130	2
301	129	2
301	128	2
301	127	2
301	126	2
301	125	2
301	124	2
301	123	2
301	122	1
301	121	1
301	120	1
301	119	1
301	118	2
301	117	2
301	116	2
301	115	2
301	114	2
301	113	2
301	112	2
301	111	2
301	110	2
301	109	2
301	108	2
301	107	1
301	106	1
301	105	2
301	104	2
301	103	2
301	102	2
301	101	1
301	100	2
301	99	2
301	98	2
301	97	2
301	96	2
301	95	2
301	94	2
301	93	2
301	92	2
301	91	2
301	90	2
301	89	2
301	88	2
301	87	2
301	86	2
301	85	2
301	84	2
301	83	2
301	82	2
301	81	2
301	80	2
301	79	1
301	78	1
301	77	1
301	76	1
301	75	1
301	74	2
301	73	2
301	72	2
301	71	2
301	70	2
301	69	2
301	68	2
301	67	2
301	66	2
301	65	1
301	64	1
301	63	1
301	62	1
301	61	1
301	60	1
301	59	1
301	58	1
301	57	1
301	56	1
301	55	1
301	54	1
301	53	1
301	52	1
301	51	1
301	50	1
301	49	1
301	48	1
301	47	1
301	46	1
301	45	1
301	44	1
301	43	1
301	42	1
301	41	1
301	40	1
301	39	1
301	38	1
301	37	1
301	36	1
301	35	1
301	34	1
301	33	1
301	32	1
301	31	1
301	30	1
301	29	1
301	28	1
301	27	1
301	26	1
301	25	1
301	24	1
301	23	1
301	22	1
301	21	1
301	20	1
301	19	1
301	18	1
301	17	1
301	16	1
301	15	1
301	14	1
301	13	1
301	12	1
301	11	1
301	10	1
301	9	1
301	8	1
301	7	1
301	6	1
301	5	1
301	4	1
301	3	1
301	2	1
301	1	1
302	216	1
302	215	1
302	214	1
302	213	1
302	212	1
302	211	1
302	210	1
302	209	1
302	208	1
302	207	1
302	206	1
302	205	1
302	204	1
302	203	1
302	202	1
302	201	1
302	200	1
302	199	1
302	198	1
302	197	1
302	196	1
302	195	1
302	194	1
302	193	1
302	192	1
302	191	1
302	190	1
302	189	1
302	188	1
302	187	1
302	186	1
302	185	1
302	184	1
302	183	1
302	182	1
302	181	1
302	180	1
302	179	1
302	178	1
302	177	1
302	176	1
302	175	1
302	174	1
302	173	1
302	172	1
302	171	1
302	170	1
302	169	1
302	168	1
302	167	1
302	166	1
302	165	1
302	164	1
302	163	1
302	162	1
302	161	2
302	160	1
302	159	1
302	158	1
302	157	1
302	156	1
302	155	2
302	154	2
302	153	2
302	152	2
302	151	1
302	150	1
302	149	1
302	148	2
302	147	2
302	146	1
302	145	2
302	144	2
302	143	2
302	142	2
302	141	2
302	140	2
302	139	2
302	138	2
302	137	2
302	136	2
302	135	2
302	134	2
302	133	1
302	132	1
302	131	2
302	130	2
302	129	2
302	128	2
302	127	2
302	126	2
302	125	2
302	124	2
302	123	2
302	122	2
302	121	1
302	120	1
302	119	1
302	118	2
302	117	2
302	116	2
302	115	2
302	114	2
302	113	2
302	112	2
302	111	2
302	110	2
302	109	2
302	108	2
302	107	2
302	106	2
302	105	2
302	104	2
302	103	2
302	102	1
302	101	2
302	100	2
302	99	2
302	98	2
302	97	2
302	96	2
302	95	2
302	94	2
302	93	2
302	92	2
302	91	2
302	90	2
302	89	2
302	88	2
302	87	2
302	86	1
302	85	1
302	84	2
302	83	2
302	82	2
302	81	2
302	80	2
302	79	1
302	78	1
302	77	1
302	76	1
302	75	2
302	74	2
302	73	2
302	72	2
302	71	2
302	70	2
302	69	2
302	68	2
302	67	2
302	66	2
302	65	1
302	64	1
302	63	1
302	62	1
302	61	1
302	60	1
302	59	1
302	58	1
302	57	1
302	56	1
302	55	1
302	54	1
302	53	1
302	52	1
302	51	1
302	50	1
302	49	1
302	48	1
302	47	1
302	46	1
302	45	1
302	44	1
302	43	1
302	42	1
302	41	1
302	40	1
302	39	1
302	38	1
302	37	1
302	36	1
302	35	1
302	34	1
302	33	1
302	32	1
302	31	1
302	30	1
302	29	1
302	28	1
302	27	1
302	26	1
302	25	1
302	24	1
302	23	1
302	22	1
302	21	1
302	20	1
302	19	1
302	18	1
302	17	1
302	16	1
302	15	1
302	14	1
302	13	1
302	12	1
302	11	1
302	10	1
302	9	1
302	8	1
302	7	1
302	6	1
302	5	1
302	4	1
302	3	1
302	2	1
302	1	1
303	216	1
303	215	1
303	214	1
303	213	1
303	212	1
303	211	1
303	210	1
303	209	1
303	208	1
303	207	1
303	206	1
303	205	1
303	204	1
303	203	1
303	202	1
303	201	1
303	200	1
303	199	1
303	198	1
303	197	1
303	196	1
303	195	1
303	194	1
303	193	1
303	192	1
303	191	1
303	190	1
303	189	1
303	188	1
303	187	1
303	186	1
303	185	1
303	184	1
303	183	1
303	182	1
303	181	1
303	180	1
303	179	1
303	178	1
303	177	1
303	176	1
303	175	2
303	174	2
303	173	2
303	172	2
303	171	1
303	170	1
303	169	1
303	168	1
303	167	1
303	166	1
303	165	1
303	164	1
303	163	1
303	162	1
303	161	2
303	160	2
303	159	1
303	158	1
303	157	1
303	156	1
303	155	1
303	154	2
303	153	2
303	152	2
303	151	1
303	150	1
303	149	2
303	148	2
303	147	1
303	146	1
303	145	1
303	144	2
303	143	2
303	142	2
303	141	2
303	140	2
303	139	2
303	138	2
303	137	2
303	136	2
303	135	2
303	134	1
303	133	1
303	132	1
303	131	2
303	130	2
303	129	2
303	128	2
303	127	2
303	126	2
303	125	2
303	124	2
303	123	2
303	122	2
303	121	2
303	120	2
303	119	2
303	118	2
303	117	2
303	116	2
303	115	2
303	114	2
303	113	2
303	112	2
303	111	2
303	110	2
303	109	2
303	108	2
303	107	2
303	106	2
303	105	2
303	104	1
303	103	1
303	102	2
303	101	2
303	100	2
303	99	1
303	98	2
303	97	2
303	96	2
303	95	2
303	94	2
303	93	1
303	92	1
303	91	1
303	90	1
303	89	1
303	88	1
303	87	1
303	86	1
303	85	2
303	84	2
303	83	2
303	82	2
303	81	2
303	80	1
303	79	1
303	78	1
303	77	1
303	76	2
303	75	2
303	74	2
303	73	2
303	72	2
303	71	2
303	70	2
303	69	2
303	68	2
303	67	2
303	66	1
303	65	1
303	64	1
303	63	1
303	62	1
303	61	1
303	60	1
303	59	1
303	58	1
303	57	1
303	56	1
303	55	1
303	54	1
303	53	1
303	52	1
303	51	1
303	50	1
303	49	1
303	48	1
303	47	1
303	46	1
303	45	1
303	44	1
303	43	1
303	42	1
303	41	1
303	40	1
303	39	1
303	38	1
303	37	1
303	36	1
303	35	1
303	34	1
303	33	1
303	32	1
303	31	1
303	30	1
303	29	1
303	28	1
303	27	1
303	26	1
303	25	1
303	24	1
303	23	1
303	22	1
303	21	1
303	20	1
303	19	1
303	18	1
303	17	1
303	16	1
303	15	1
303	14	1
303	13	1
303	12	1
303	11	1
303	10	1
303	9	1
303	8	1
303	7	1
303	6	1
303	5	1
303	4	1
303	3	1
303	2	1
303	1	1
304	216	1
304	215	1
304	214	1
304	213	1
304	212	1
304	211	1
304	210	1
304	209	1
304	208	1
304	207	1
304	206	1
304	205	1
304	204	1
304	203	1
304	202	1
304	201	1
304	200	1
304	199	1
304	198	1
304	197	1
304	196	1
304	195	1
304	194	1
304	193	1
304	192	1
304	191	1
304	190	1
304	189	1
304	188	1
304	187	1
304	186	1
304	185	1
304	184	1
304	183	1
304	182	1
304	181	1
304	180	1
304	179	1
304	178	1
304	177	1
304	176	1
304	175	1
304	174	2
304	173	2
304	172	2
304	171	2
304	170	2
304	169	1
304	168	1
304	167	1
304	166	1
304	165	1
304	164	1
304	163	1
304	162	1
304	161	1
304	160	2
304	159	2
304	158	2
304	157	1
304	156	1
304	155	1
304	154	1
304	153	2
304	152	2
304	151	2
304	150	2
304	149	2
304	148	1
304	147	1
304	146	1
304	145	2
304	144	2
304	143	2
304	142	2
304	141	2
304	140	2
304	139	2
304	138	2
304	137	2
304	136	2
304	135	2
304	134	1
304	133	1
304	132	2
304	131	2
304	130	2
304	129	2
304	128	2
304	127	2
304	126	2
304	125	2
304	124	2
304	123	2
304	122	2
304	121	2
304	120	2
304	119	2
304	118	2
304	117	2
304	116	2
304	115	2
304	114	2
304	113	2
304	112	2
304	111	2
304	110	2
304	109	2
304	108	2
304	107	2
304	106	2
304	105	2
304	104	2
304	103	2
304	102	2
304	101	2
304	100	1
304	99	1
304	98	2
304	97	2
304	96	2
304	95	2
304	94	1
304	93	1
304	92	1
304	91	1
304	90	1
304	89	1
304	88	1
304	87	2
304	86	2
304	85	2
304	84	2
304	83	2
304	82	2
304	81	1
304	80	1
304	79	1
304	78	1
304	77	2
304	76	2
304	75	2
304	74	2
304	73	2
304	72	2
304	71	1
304	70	2
304	69	2
304	68	2
304	67	2
304	66	1
304	65	1
304	64	1
304	63	1
304	62	1
304	61	1
304	60	1
304	59	1
304	58	1
304	57	1
304	56	1
304	55	1
304	54	1
304	53	1
304	52	1
304	51	1
304	50	1
304	49	1
304	48	1
304	47	1
304	46	1
304	45	1
304	44	1
304	43	1
304	42	1
304	41	1
304	40	1
304	39	1
304	38	1
304	37	1
304	36	1
304	35	1
304	34	1
304	33	1
304	32	1
304	31	1
304	30	1
304	29	1
304	28	1
304	27	1
304	26	1
304	25	1
304	24	1
304	23	1
304	22	1
304	21	1
304	20	1
304	19	1
304	18	1
304	17	1
304	16	1
304	15	1
304	14	1
304	13	1
304	12	1
304	11	1
304	10	1
304	9	1
304	8	1
304	7	1
304	6	1
304	5	1
304	4	1
304	3	1
304	2	1
304	1	1
305	216	1
305	215	1
305	214	1
305	213	1
305	212	1
305	211	1
305	210	1
305	209	1
305	208	1
305	207	1
305	206	1
305	205	1
305	204	1
305	203	1
305	202	1
305	201	1
305	200	1
305	199	1
305	198	1
305	197	1
305	196	1
305	195	1
305	194	1
305	193	1
305	192	1
305	191	1
305	190	1
305	189	1
305	188	1
305	187	1
305	186	1
305	185	1
305	184	1
305	183	1
305	182	1
305	181	1
305	180	1
305	179	1
305	178	1
305	177	1
305	176	1
305	175	1
305	174	1
305	173	1
305	172	1
305	171	2
305	170	2
305	169	2
305	168	2
305	167	1
305	166	2
305	165	1
305	164	1
305	163	1
305	162	1
305	161	1
305	160	1
305	159	2
305	158	2
305	157	2
305	156	2
305	155	1
305	154	1
305	153	2
305	152	2
305	151	2
305	150	2
305	149	1
305	148	1
305	147	2
305	146	1
305	145	2
305	144	2
305	143	2
305	142	2
305	141	2
305	140	2
305	139	2
305	138	2
305	137	1
305	136	1
305	135	1
305	134	1
305	133	2
305	132	2
305	131	2
305	130	2
305	129	2
305	128	2
305	127	2
305	126	2
305	125	2
305	124	2
305	123	2
305	122	2
305	121	2
305	120	2
305	119	2
305	118	2
305	117	2
305	116	2
305	115	2
305	114	2
305	113	2
305	112	2
305	111	2
305	110	2
305	109	2
305	108	2
305	107	2
305	106	2
305	105	2
305	104	2
305	103	2
305	102	2
305	101	1
305	100	1
305	99	2
305	98	2
305	97	2
305	96	2
305	95	2
305	94	1
305	93	1
305	92	1
305	91	1
305	90	1
305	89	2
305	88	2
305	87	2
305	86	2
305	85	2
305	84	1
305	83	1
305	82	2
305	81	2
305	80	1
305	79	1
305	78	1
305	77	2
305	76	2
305	75	2
305	74	2
305	73	1
305	72	1
305	71	2
305	70	2
305	69	2
305	68	2
305	67	2
305	66	1
305	65	1
305	64	1
305	63	1
305	62	1
305	61	1
305	60	1
305	59	1
305	58	1
305	57	1
305	56	1
305	55	1
305	54	1
305	53	1
305	52	1
305	51	1
305	50	1
305	49	1
305	48	1
305	47	1
305	46	1
305	45	1
305	44	1
305	43	1
305	42	1
305	41	1
305	40	1
305	39	1
305	38	1
305	37	1
305	36	1
305	35	1
305	34	1
305	33	1
305	32	1
305	31	1
305	30	1
305	29	1
305	28	1
305	27	1
305	26	1
305	25	1
305	24	1
305	23	1
305	22	1
305	21	1
305	20	1
305	19	1
305	18	1
305	17	1
305	16	1
305	15	1
305	14	1
305	13	1
305	12	1
305	11	1
305	10	1
305	9	1
305	8	1
305	7	1
305	6	1
305	5	1
305	4	1
305	3	1
305	2	1
305	1	1
306	216	1
306	215	1
306	214	1
306	213	1
306	212	1
306	211	1
306	210	1
306	209	1
306	208	1
306	207	1
306	206	1
306	205	1
306	204	1
306	203	1
306	202	1
306	201	1
306	200	1
306	199	1
306	198	1
306	197	1
306	196	1
306	195	1
306	194	1
306	193	1
306	192	1
306	191	1
306	190	1
306	189	1
306	188	1
306	187	1
306	186	1
306	185	1
306	184	1
306	183	1
306	182	1
306	181	1
306	180	1
306	179	1
306	178	1
306	177	1
306	176	1
306	175	1
306	174	1
306	173	1
306	172	1
306	171	1
306	170	1
306	169	2
306	168	2
306	167	2
306	166	2
306	165	2
306	164	1
306	163	1
306	162	1
306	161	1
306	160	1
306	159	1
306	158	1
306	157	2
306	156	2
306	155	2
306	154	2
306	153	2
306	152	2
306	151	2
306	150	2
306	149	1
306	148	1
306	147	2
306	146	2
306	145	2
306	144	2
306	143	1
306	142	2
306	141	2
306	140	2
306	139	2
306	138	2
306	137	1
306	136	2
306	135	1
306	134	2
306	133	2
306	132	2
306	131	2
306	130	2
306	129	2
306	128	2
306	127	2
306	126	2
306	125	2
306	124	2
306	123	2
306	122	2
306	121	2
306	120	2
306	119	2
306	118	2
306	117	2
306	116	2
306	115	2
306	114	2
306	113	2
306	112	2
306	111	2
306	110	2
306	109	2
306	108	2
306	107	2
306	106	2
306	105	2
306	104	2
306	103	2
306	102	1
306	101	2
306	100	2
306	99	1
306	98	1
306	97	1
306	96	1
306	95	1
306	94	1
306	93	1
306	92	1
306	91	2
306	90	2
306	89	2
306	88	2
306	87	2
306	86	2
306	85	2
306	84	1
306	83	1
306	82	2
306	81	1
306	80	1
306	79	2
306	78	2
306	77	2
306	76	2
306	75	2
306	74	1
306	73	1
306	72	1
306	71	2
306	70	2
306	69	2
306	68	2
306	67	1
306	66	1
306	65	1
306	64	1
306	63	1
306	62	1
306	61	1
306	60	1
306	59	1
306	58	1
306	57	1
306	56	1
306	55	1
306	54	1
306	53	1
306	52	1
306	51	1
306	50	1
306	49	1
306	48	1
306	47	1
306	46	1
306	45	1
306	44	1
306	43	1
306	42	1
306	41	1
306	40	1
306	39	1
306	38	1
306	37	1
306	36	1
306	35	1
306	34	1
306	33	1
306	32	1
306	31	1
306	30	1
306	29	1
306	28	1
306	27	1
306	26	1
306	25	1
306	24	1
306	23	1
306	22	1
306	21	1
306	20	1
306	19	1
306	18	1
306	17	1
306	16	1
306	15	1
306	14	1
306	13	1
306	12	1
306	11	1
306	10	1
306	9	1
306	8	1
306	7	1
306	6	1
306	5	1
306	4	1
306	3	1
306	2	1
306	1	1
307	216	1
307	215	1
307	214	1
307	213	1
307	212	1
307	211	1
307	210	1
307	209	1
307	208	1
307	207	1
307	206	1
307	205	1
307	204	1
307	203	1
307	202	1
307	201	1
307	200	1
307	199	1
307	198	1
307	197	1
307	196	1
307	195	1
307	194	1
307	193	1
307	192	1
307	191	1
307	190	1
307	189	1
307	188	1
307	187	1
307	186	1
307	185	1
307	184	1
307	183	1
307	182	1
307	181	1
307	180	1
307	179	1
307	178	1
307	177	1
307	176	1
307	175	1
307	174	1
307	173	1
307	172	1
307	171	1
307	170	1
307	169	1
307	168	1
307	167	1
307	166	2
307	165	2
307	164	2
307	163	2
307	162	2
307	161	2
307	160	1
307	159	1
307	158	1
307	157	1
307	156	1
307	155	2
307	154	2
307	153	2
307	152	2
307	151	2
307	150	2
307	149	1
307	148	1
307	147	2
307	146	2
307	145	2
307	144	1
307	143	1
307	142	1
307	141	2
307	140	2
307	139	2
307	138	2
307	137	2
307	136	2
307	135	2
307	134	2
307	133	2
307	132	2
307	131	1
307	130	2
307	129	2
307	128	2
307	127	2
307	126	2
307	125	2
307	124	2
307	123	2
307	122	2
307	121	2
307	120	2
307	119	2
307	118	2
307	117	2
307	116	2
307	115	2
307	114	1
307	113	1
307	112	1
307	111	2
307	110	2
307	109	2
307	108	2
307	107	2
307	106	2
307	105	2
307	104	2
307	103	1
307	102	1
307	101	2
307	100	2
307	99	2
307	98	1
307	97	1
307	96	1
307	95	1
307	94	1
307	93	2
307	92	2
307	91	2
307	90	2
307	89	2
307	88	2
307	87	2
307	86	2
307	85	2
307	84	2
307	83	2
307	82	2
307	81	2
307	80	2
307	79	2
307	78	2
307	77	2
307	76	2
307	75	1
307	74	1
307	73	1
307	72	2
307	71	2
307	70	2
307	69	2
307	68	2
307	67	1
307	66	1
307	65	1
307	64	1
307	63	1
307	62	1
307	61	1
307	60	1
307	59	1
307	58	1
307	57	1
307	56	1
307	55	1
307	54	1
307	53	1
307	52	1
307	51	1
307	50	1
307	49	1
307	48	1
307	47	1
307	46	1
307	45	1
307	44	1
307	43	1
307	42	1
307	41	1
307	40	1
307	39	1
307	38	1
307	37	1
307	36	1
307	35	1
307	34	1
307	33	1
307	32	1
307	31	1
307	30	1
307	29	1
307	28	1
307	27	1
307	26	1
307	25	1
307	24	1
307	23	1
307	22	1
307	21	1
307	20	1
307	19	1
307	18	1
307	17	1
307	16	1
307	15	1
307	14	1
307	13	1
307	12	1
307	11	1
307	10	1
307	9	1
307	8	1
307	7	1
307	6	1
307	5	1
307	4	1
307	3	1
307	2	1
307	1	1
308	216	1
308	215	1
308	214	1
308	213	1
308	212	1
308	211	1
308	210	1
308	209	1
308	208	1
308	207	1
308	206	1
308	205	1
308	204	1
308	203	1
308	202	1
308	201	1
308	200	1
308	199	1
308	198	1
308	197	1
308	196	1
308	195	1
308	194	1
308	193	1
308	192	1
308	191	1
308	190	1
308	189	1
308	188	1
308	187	1
308	186	1
308	185	1
308	184	1
308	183	1
308	182	1
308	181	1
308	180	1
308	179	1
308	178	1
308	177	1
308	176	1
308	175	1
308	174	1
308	173	1
308	172	1
308	171	1
308	170	1
308	169	1
308	168	1
308	167	1
308	166	2
308	165	2
308	164	2
308	163	2
308	162	2
308	161	2
308	160	2
308	159	2
308	158	2
308	157	1
308	156	1
308	155	1
308	154	1
308	153	1
308	152	2
308	151	2
308	150	2
308	149	2
308	148	2
308	147	2
308	146	2
308	145	1
308	144	1
308	143	1
308	142	1
308	141	2
308	140	1
308	139	1
308	138	1
308	137	2
308	136	2
308	135	2
308	134	2
308	133	2
308	132	1
308	131	2
308	130	2
308	129	2
308	128	2
308	127	2
308	126	2
308	125	2
308	124	2
308	123	2
308	122	2
308	121	2
308	120	2
308	119	2
308	118	2
308	117	2
308	116	2
308	115	2
308	114	1
308	113	1
308	112	1
308	111	2
308	110	2
308	109	2
308	108	2
308	107	2
308	106	2
308	105	2
308	104	1
308	103	1
308	102	2
308	101	1
308	100	1
308	99	1
308	98	1
308	97	1
308	96	2
308	95	2
308	94	2
308	93	2
308	92	2
308	91	2
308	90	2
308	89	2
308	88	2
308	87	2
308	86	2
308	85	2
308	84	2
308	83	2
308	82	2
308	81	2
308	80	2
308	79	2
308	78	2
308	77	2
308	76	1
308	75	1
308	74	1
308	73	1
308	72	2
308	71	2
308	70	2
308	69	2
308	68	1
308	67	1
308	66	1
308	65	1
308	64	1
308	63	1
308	62	1
308	61	1
308	60	1
308	59	1
308	58	1
308	57	1
308	56	1
308	55	1
308	54	1
308	53	1
308	52	1
308	51	1
308	50	1
308	49	1
308	48	1
308	47	1
308	46	1
308	45	1
308	44	1
308	43	1
308	42	1
308	41	1
308	40	1
308	39	1
308	38	1
308	37	1
308	36	1
308	35	1
308	34	1
308	33	1
308	32	1
308	31	1
308	30	1
308	29	1
308	28	1
308	27	1
308	26	1
308	25	1
308	24	1
308	23	1
308	22	1
308	21	1
308	20	1
308	19	1
308	18	1
308	17	1
308	16	1
308	15	1
308	14	1
308	13	1
308	12	1
308	11	1
308	10	1
308	9	1
308	8	1
308	7	1
308	6	1
308	5	1
308	4	1
308	3	1
308	2	1
308	1	1
309	216	1
309	215	1
309	214	1
309	213	1
309	212	1
309	211	1
309	210	1
309	209	1
309	208	1
309	207	1
309	206	1
309	205	1
309	204	1
309	203	1
309	202	1
309	201	1
309	200	1
309	199	1
309	198	1
309	197	1
309	196	1
309	195	1
309	194	1
309	193	1
309	192	1
309	191	1
309	190	1
309	189	1
309	188	1
309	187	1
309	186	1
309	185	1
309	184	1
309	183	1
309	182	1
309	181	1
309	180	1
309	179	1
309	178	1
309	177	1
309	176	1
309	175	1
309	174	1
309	173	1
309	172	1
309	171	1
309	170	1
309	169	1
309	168	1
309	167	1
309	166	2
309	165	2
309	164	1
309	163	1
309	162	2
309	161	2
309	160	2
309	159	2
309	158	2
309	157	2
309	156	2
309	155	2
309	154	1
309	153	1
309	152	1
309	151	2
309	150	2
309	149	2
309	148	2
309	147	2
309	146	1
309	145	1
309	144	1
309	143	1
309	142	1
309	141	1
309	140	1
309	139	1
309	138	1
309	137	1
309	136	2
309	135	2
309	134	2
309	133	2
309	132	2
309	131	2
309	130	2
309	129	2
309	128	2
309	127	2
309	126	2
309	125	2
309	124	2
309	123	2
309	122	2
309	121	2
309	120	2
309	119	2
309	118	2
309	117	2
309	116	2
309	115	2
309	114	1
309	113	1
309	112	1
309	111	2
309	110	2
309	109	2
309	108	2
309	107	2
309	106	2
309	105	2
309	104	1
309	103	1
309	102	1
309	101	1
309	100	1
309	99	1
309	98	2
309	97	2
309	96	2
309	95	2
309	94	2
309	93	2
309	92	1
309	91	2
309	90	2
309	89	2
309	88	2
309	87	2
309	86	2
309	85	2
309	84	2
309	83	2
309	82	2
309	81	2
309	80	2
309	79	2
309	78	1
309	77	1
309	76	1
309	75	1
309	74	2
309	73	2
309	72	2
309	71	2
309	70	2
309	69	1
309	68	1
309	67	1
309	66	1
309	65	1
309	64	1
309	63	1
309	62	1
309	61	1
309	60	1
309	59	1
309	58	1
309	57	1
309	56	1
309	55	1
309	54	1
309	53	1
309	52	1
309	51	1
309	50	1
309	49	1
309	48	1
309	47	1
309	46	1
309	45	1
309	44	1
309	43	1
309	42	1
309	41	1
309	40	1
309	39	1
309	38	1
309	37	1
309	36	1
309	35	1
309	34	1
309	33	1
309	32	1
309	31	1
309	30	1
309	29	1
309	28	1
309	27	1
309	26	1
309	25	1
309	24	1
309	23	1
309	22	1
309	21	1
309	20	1
309	19	1
309	18	1
309	17	1
309	16	1
309	15	1
309	14	1
309	13	1
309	12	1
309	11	1
309	10	1
309	9	1
309	8	1
309	7	1
309	6	1
309	5	1
309	4	1
309	3	1
309	2	1
309	1	1
310	216	1
310	215	1
310	214	1
310	213	1
310	212	1
310	211	1
310	210	1
310	209	1
310	208	1
310	207	1
310	206	1
310	205	1
310	204	1
310	203	1
310	202	1
310	201	1
310	200	1
310	199	1
310	198	1
310	197	1
310	196	1
310	195	1
310	194	1
310	193	1
310	192	1
310	191	1
310	190	1
310	189	1
310	188	1
310	187	1
310	186	1
310	185	1
310	184	1
310	183	1
310	182	1
310	181	1
310	180	1
310	179	1
310	178	1
310	177	1
310	176	1
310	175	1
310	174	1
310	173	1
310	172	1
310	171	1
310	170	1
310	169	1
310	168	1
310	167	1
310	166	2
310	165	2
310	164	1
310	163	1
310	162	1
310	161	1
310	160	1
310	159	2
310	158	2
310	157	2
310	156	2
310	155	2
310	154	2
310	153	2
310	152	2
310	151	2
310	150	2
310	149	2
310	148	2
310	147	2
310	146	1
310	145	1
310	144	1
310	143	1
310	142	1
310	141	1
310	140	2
310	139	1
310	138	1
310	137	2
310	136	2
310	135	2
310	134	2
310	133	2
310	132	2
310	131	2
310	130	2
310	129	2
310	128	2
310	127	2
310	126	2
310	125	2
310	124	2
310	123	2
310	122	2
310	121	2
310	120	2
310	119	2
310	118	2
310	117	2
310	116	2
310	115	2
310	114	2
310	113	2
310	112	2
310	111	2
310	110	1
310	109	2
310	108	2
310	107	2
310	106	2
310	105	1
310	104	1
310	103	1
310	102	1
310	101	2
310	100	2
310	99	2
310	98	2
310	97	2
310	96	1
310	95	1
310	94	1
310	93	1
310	92	2
310	91	2
310	90	2
310	89	2
310	88	2
310	87	2
310	86	2
310	85	2
310	84	2
310	83	2
310	82	2
310	81	2
310	80	2
310	79	2
310	78	1
310	77	1
310	76	1
310	75	2
310	74	2
310	73	2
310	72	2
310	71	2
310	70	2
310	69	1
310	68	1
310	67	1
310	66	1
310	65	1
310	64	1
310	63	1
310	62	1
310	61	1
310	60	1
310	59	1
310	58	1
310	57	1
310	56	1
310	55	1
310	54	1
310	53	1
310	52	1
310	51	1
310	50	1
310	49	1
310	48	1
310	47	1
310	46	1
310	45	1
310	44	1
310	43	1
310	42	1
310	41	1
310	40	1
310	39	1
310	38	1
310	37	1
310	36	1
310	35	1
310	34	1
310	33	1
310	32	1
310	31	1
310	30	1
310	29	1
310	28	1
310	27	1
310	26	1
310	25	1
310	24	1
310	23	1
310	22	1
310	21	1
310	20	1
310	19	1
310	18	1
310	17	1
310	16	1
310	15	1
310	14	1
310	13	1
310	12	1
310	11	1
310	10	1
310	9	1
310	8	1
310	7	1
310	6	1
310	5	1
310	4	1
310	3	1
310	2	1
310	1	1
311	216	1
311	215	1
311	214	1
311	213	1
311	212	1
311	211	1
311	210	1
311	209	1
311	208	1
311	207	1
311	206	1
311	205	1
311	204	1
311	203	1
311	202	1
311	201	1
311	200	1
311	199	1
311	198	1
311	197	1
311	196	1
311	195	1
311	194	1
311	193	1
311	192	1
311	191	1
311	190	1
311	189	1
311	188	1
311	187	1
311	186	1
311	185	1
311	184	1
311	183	1
311	182	1
311	181	1
311	180	1
311	179	1
311	178	1
311	177	1
311	176	1
311	175	1
311	174	1
311	173	1
311	172	1
311	171	1
311	170	1
311	169	1
311	168	1
311	167	1
311	166	1
311	165	1
311	164	1
311	163	1
311	162	1
311	161	1
311	160	1
311	159	1
311	158	1
311	157	1
311	156	2
311	155	2
311	154	2
311	153	2
311	152	2
311	151	2
311	150	2
311	149	2
311	148	2
311	147	2
311	146	1
311	145	1
311	144	1
311	143	1
311	142	1
311	141	2
311	140	1
311	139	1
311	138	2
311	137	2
311	136	2
311	135	2
311	134	2
311	133	2
311	132	2
311	131	2
311	130	2
311	129	2
311	128	2
311	127	2
311	126	2
311	125	2
311	124	2
311	123	2
311	122	2
311	121	2
311	120	2
311	119	2
311	118	2
311	117	2
311	116	2
311	115	2
311	114	2
311	113	2
311	112	2
311	111	2
311	110	1
311	109	2
311	108	2
311	107	2
311	106	2
311	105	1
311	104	2
311	103	2
311	102	2
311	101	2
311	100	2
311	99	2
311	98	2
311	97	1
311	96	1
311	95	2
311	94	2
311	93	2
311	92	2
311	91	2
311	90	2
311	89	2
311	88	2
311	87	2
311	86	2
311	85	2
311	84	2
311	83	2
311	82	2
311	81	2
311	80	2
311	79	1
311	78	1
311	77	1
311	76	1
311	75	1
311	74	2
311	73	2
311	72	2
311	71	2
311	70	1
311	69	1
311	68	1
311	67	1
311	66	1
311	65	1
311	64	1
311	63	1
311	62	1
311	61	1
311	60	1
311	59	1
311	58	1
311	57	1
311	56	1
311	55	1
311	54	1
311	53	1
311	52	1
311	51	1
311	50	1
311	49	1
311	48	1
311	47	1
311	46	1
311	45	1
311	44	1
311	43	1
311	42	1
311	41	1
311	40	1
311	39	1
311	38	1
311	37	1
311	36	1
311	35	1
311	34	1
311	33	1
311	32	1
311	31	1
311	30	1
311	29	1
311	28	1
311	27	1
311	26	1
311	25	1
311	24	1
311	23	1
311	22	1
311	21	1
311	20	1
311	19	1
311	18	1
311	17	1
311	16	1
311	15	1
311	14	1
311	13	1
311	12	1
311	11	1
311	10	1
311	9	1
311	8	1
311	7	1
311	6	1
311	5	1
311	4	1
311	3	1
311	2	1
311	1	1
312	216	1
312	215	1
312	214	1
312	213	1
312	212	1
312	211	1
312	210	1
312	209	1
312	208	1
312	207	1
312	206	1
312	205	1
312	204	1
312	203	1
312	202	1
312	201	1
312	200	1
312	199	1
312	198	1
312	197	1
312	196	1
312	195	1
312	194	1
312	193	1
312	192	1
312	191	1
312	190	1
312	189	1
312	188	1
312	187	1
312	186	1
312	185	1
312	184	1
312	183	1
312	182	1
312	181	1
312	180	1
312	179	1
312	178	1
312	177	1
312	176	1
312	175	1
312	174	1
312	173	1
312	172	1
312	171	1
312	170	1
312	169	1
312	168	1
312	167	1
312	166	1
312	165	1
312	164	1
312	163	1
312	162	1
312	161	1
312	160	1
312	159	1
312	158	1
312	157	1
312	156	1
312	155	1
312	154	1
312	153	1
312	152	1
312	151	2
312	150	2
312	149	2
312	148	2
312	147	2
312	146	1
312	145	1
312	144	1
312	143	1
312	142	2
312	141	2
312	140	1
312	139	1
312	138	2
312	137	2
312	136	2
312	135	2
312	134	2
312	133	2
312	132	2
312	131	2
312	130	2
312	129	2
312	128	2
312	127	2
312	126	2
312	125	2
312	124	2
312	123	2
312	122	2
312	121	2
312	120	2
312	119	2
312	118	2
312	117	2
312	116	2
312	115	2
312	114	2
312	113	2
312	112	1
312	111	1
312	110	2
312	109	2
312	108	2
312	107	2
312	106	2
312	105	2
312	104	2
312	103	2
312	102	2
312	101	2
312	100	2
312	99	2
312	98	2
312	97	2
312	96	2
312	95	2
312	94	2
312	93	2
312	92	2
312	91	2
312	90	2
312	89	2
312	88	2
312	87	2
312	86	2
312	85	2
312	84	1
312	83	1
312	82	1
312	81	1
312	80	1
312	79	1
312	78	2
312	77	2
312	76	2
312	75	1
312	74	1
312	73	2
312	72	2
312	71	2
312	70	1
312	69	1
312	68	1
312	67	1
312	66	1
312	65	1
312	64	1
312	63	1
312	62	1
312	61	1
312	60	1
312	59	2
312	58	1
312	57	1
312	56	1
312	55	1
312	54	1
312	53	1
312	52	1
312	51	1
312	50	1
312	49	1
312	48	1
312	47	1
312	46	1
312	45	1
312	44	1
312	43	1
312	42	1
312	41	1
312	40	1
312	39	1
312	38	1
312	37	1
312	36	1
312	35	1
312	34	1
312	33	1
312	32	1
312	31	1
312	30	1
312	29	1
312	28	1
312	27	1
312	26	1
312	25	1
312	24	1
312	23	1
312	22	1
312	21	1
312	20	1
312	19	1
312	18	1
312	17	1
312	16	1
312	15	1
312	14	1
312	13	1
312	12	1
312	11	1
312	10	1
312	9	1
312	8	1
312	7	1
312	6	1
312	5	1
312	4	1
312	3	1
312	2	1
312	1	1
313	216	1
313	215	1
313	214	1
313	213	1
313	212	1
313	211	1
313	210	1
313	209	1
313	208	1
313	207	1
313	206	1
313	205	1
313	204	1
313	203	1
313	202	1
313	201	1
313	200	1
313	199	1
313	198	1
313	197	1
313	196	1
313	195	1
313	194	1
313	193	1
313	192	1
313	191	1
313	190	1
313	189	1
313	188	1
313	187	1
313	186	1
313	185	1
313	184	1
313	183	1
313	182	1
313	181	1
313	180	1
313	179	1
313	178	1
313	177	1
313	176	1
313	175	1
313	174	1
313	173	1
313	172	1
313	171	1
313	170	1
313	169	1
313	168	1
313	167	1
313	166	1
313	165	1
313	164	1
313	163	1
313	162	1
313	161	1
313	160	1
313	159	1
313	158	1
313	157	1
313	156	1
313	155	1
313	154	1
313	153	1
313	152	1
313	151	1
313	150	2
313	149	2
313	148	2
313	147	2
313	146	1
313	145	1
313	144	1
313	143	1
313	142	2
313	141	2
313	140	1
313	139	2
313	138	2
313	137	2
313	136	2
313	135	2
313	134	2
313	133	2
313	132	2
313	131	2
313	130	2
313	129	1
313	128	2
313	127	2
313	126	2
313	125	2
313	124	2
313	123	2
313	122	2
313	121	2
313	120	2
313	119	2
313	118	2
313	117	2
313	116	2
313	115	2
313	114	2
313	113	2
313	112	2
313	111	1
313	110	1
313	109	1
313	108	1
313	107	2
313	106	2
313	105	2
313	104	2
313	103	2
313	102	2
313	101	2
313	100	2
313	99	2
313	98	2
313	97	2
313	96	2
313	95	2
313	94	2
313	93	2
313	92	2
313	91	2
313	90	2
313	89	2
313	88	2
313	87	1
313	86	1
313	85	1
313	84	1
313	83	2
313	82	2
313	81	2
313	80	2
313	79	2
313	78	2
313	77	2
313	76	2
313	75	2
313	74	1
313	73	1
313	72	1
313	71	1
313	70	1
313	69	1
313	68	1
313	67	1
313	66	1
313	65	1
313	64	1
313	63	1
313	62	1
313	61	1
313	60	1
313	59	1
313	58	1
313	57	1
313	56	1
313	55	1
313	54	1
313	53	1
313	52	1
313	51	1
313	50	1
313	49	1
313	48	1
313	47	1
313	46	1
313	45	1
313	44	1
313	43	1
313	42	1
313	41	1
313	40	1
313	39	1
313	38	1
313	37	1
313	36	1
313	35	1
313	34	1
313	33	1
313	32	1
313	31	1
313	30	1
313	29	1
313	28	1
313	27	1
313	26	1
313	25	1
313	24	1
313	23	1
313	22	1
313	21	1
313	20	1
313	19	1
313	18	1
313	17	1
313	16	1
313	15	1
313	14	1
313	13	1
313	12	1
313	11	1
313	10	1
313	9	1
313	8	1
313	7	1
313	6	1
313	5	1
313	4	1
313	3	1
313	2	1
313	1	1
314	216	1
314	215	1
314	214	1
314	213	1
314	212	1
314	211	1
314	210	1
314	209	1
314	208	1
314	207	1
314	206	1
314	205	1
314	204	1
314	203	1
314	202	1
314	201	1
314	200	1
314	199	1
314	198	1
314	197	1
314	196	1
314	195	1
314	194	1
314	193	1
314	192	1
314	191	1
314	190	1
314	189	1
314	188	1
314	187	1
314	186	1
314	185	1
314	184	1
314	183	1
314	182	1
314	181	1
314	180	1
314	179	1
314	178	1
314	177	1
314	176	1
314	175	1
314	174	1
314	173	1
314	172	1
314	171	1
314	170	1
314	169	1
314	168	1
314	167	1
314	166	1
314	165	1
314	164	1
314	163	1
314	162	1
314	161	1
314	160	1
314	159	1
314	158	1
314	157	1
314	156	1
314	155	1
314	154	1
314	153	1
314	152	1
314	151	1
314	150	1
314	149	2
314	148	2
314	147	2
314	146	2
314	145	1
314	144	1
314	143	2
314	142	2
314	141	1
314	140	1
314	139	2
314	138	2
314	137	2
314	136	2
314	135	1
314	134	1
314	133	2
314	132	2
314	131	2
314	130	2
314	129	2
314	128	1
314	127	1
314	126	2
314	125	2
314	124	2
314	123	2
314	122	2
314	121	2
314	120	2
314	119	2
314	118	2
314	117	2
314	116	2
314	115	2
314	114	2
314	113	2
314	112	2
314	111	1
314	110	1
314	109	2
314	108	2
314	107	2
314	106	2
314	105	2
314	104	2
314	103	2
314	102	2
314	101	2
314	100	2
314	99	2
314	98	2
314	97	2
314	96	2
314	95	2
314	94	2
314	93	2
314	92	2
314	91	2
314	90	2
314	89	2
314	88	2
314	87	2
314	86	2
314	85	2
314	84	2
314	83	2
314	82	2
314	81	2
314	80	2
314	79	2
314	78	2
314	77	2
314	76	2
314	75	2
314	74	1
314	73	1
314	72	1
314	71	1
314	70	1
314	69	1
314	68	1
314	67	1
314	66	1
314	65	1
314	64	1
314	63	1
314	62	1
314	61	1
314	60	1
314	59	1
314	58	1
314	57	1
314	56	1
314	55	1
314	54	1
314	53	1
314	52	1
314	51	1
314	50	1
314	49	1
314	48	1
314	47	1
314	46	1
314	45	1
314	44	1
314	43	1
314	42	1
314	41	1
314	40	1
314	39	1
314	38	1
314	37	1
314	36	1
314	35	1
314	34	1
314	33	1
314	32	1
314	31	1
314	30	1
314	29	1
314	28	1
314	27	1
314	26	1
314	25	1
314	24	1
314	23	1
314	22	1
314	21	1
314	20	1
314	19	1
314	18	1
314	17	1
314	16	1
314	15	1
314	14	1
314	13	1
314	12	1
314	11	1
314	10	1
314	9	1
314	8	1
314	7	1
314	6	1
314	5	1
314	4	1
314	3	1
314	2	1
314	1	1
315	216	1
315	215	1
315	214	1
315	213	1
315	212	1
315	211	1
315	210	1
315	209	1
315	208	1
315	207	1
315	206	1
315	205	1
315	204	1
315	203	1
315	202	1
315	201	1
315	200	1
315	199	1
315	198	1
315	197	1
315	196	1
315	195	1
315	194	1
315	193	1
315	192	1
315	191	1
315	190	1
315	189	1
315	188	1
315	187	1
315	186	1
315	185	1
315	184	1
315	183	1
315	182	1
315	181	1
315	180	1
315	179	1
315	178	1
315	177	1
315	176	1
315	175	1
315	174	1
315	173	1
315	172	1
315	171	1
315	170	1
315	169	1
315	168	1
315	167	1
315	166	1
315	165	1
315	164	1
315	163	1
315	162	1
315	161	1
315	160	1
315	159	1
315	158	1
315	157	1
315	156	1
315	155	1
315	154	1
315	153	1
315	152	1
315	151	1
315	150	1
315	149	2
315	148	2
315	147	2
315	146	2
315	145	1
315	144	1
315	143	2
315	142	2
315	141	1
315	140	1
315	139	2
315	138	2
315	137	2
315	136	1
315	135	2
315	134	2
315	133	2
315	132	1
315	131	2
315	130	2
315	129	2
315	128	1
315	127	1
315	126	1
315	125	1
315	124	2
315	123	2
315	122	2
315	121	2
315	120	2
315	119	2
315	118	2
315	117	2
315	116	2
315	115	2
315	114	2
315	113	2
315	112	2
315	111	2
315	110	2
315	109	2
315	108	2
315	107	2
315	106	2
315	105	2
315	104	2
315	103	2
315	102	2
315	101	2
315	100	2
315	99	2
315	98	2
315	97	2
315	96	2
315	95	2
315	94	2
315	93	1
315	92	1
315	91	2
315	90	2
315	89	2
315	88	2
315	87	2
315	86	2
315	85	2
315	84	2
315	83	2
315	82	2
315	81	2
315	80	2
315	79	2
315	78	2
315	77	2
315	76	2
315	75	2
315	74	1
315	73	1
315	72	1
315	71	1
315	70	1
315	69	1
315	68	1
315	67	1
315	66	1
315	65	1
315	64	1
315	63	1
315	62	1
315	61	1
315	60	1
315	59	1
315	58	1
315	57	1
315	56	1
315	55	1
315	54	1
315	53	1
315	52	1
315	51	1
315	50	1
315	49	1
315	48	1
315	47	1
315	46	1
315	45	1
315	44	1
315	43	1
315	42	1
315	41	1
315	40	1
315	39	1
315	38	1
315	37	1
315	36	1
315	35	1
315	34	1
315	33	1
315	32	1
315	31	1
315	30	1
315	29	1
315	28	1
315	27	1
315	26	1
315	25	1
315	24	1
315	23	1
315	22	1
315	21	1
315	20	1
315	19	1
315	18	1
315	17	1
315	16	1
315	15	1
315	14	1
315	13	1
315	12	1
315	11	1
315	10	1
315	9	1
315	8	1
315	7	1
315	6	1
315	5	1
315	4	1
315	3	1
315	2	1
315	1	1
316	216	1
316	215	1
316	214	1
316	213	1
316	212	1
316	211	1
316	210	1
316	209	1
316	208	1
316	207	2
316	206	1
316	205	1
316	204	1
316	203	1
316	202	1
316	201	1
316	200	1
316	199	1
316	198	1
316	197	1
316	196	1
316	195	1
316	194	1
316	193	1
316	192	1
316	191	1
316	190	1
316	189	1
316	188	1
316	187	1
316	186	1
316	185	1
316	184	1
316	183	1
316	182	1
316	181	1
316	180	1
316	179	1
316	178	1
316	177	1
316	176	1
316	175	1
316	174	1
316	173	1
316	172	1
316	171	1
316	170	1
316	169	1
316	168	1
316	167	1
316	166	1
316	165	1
316	164	1
316	163	1
316	162	1
316	161	1
316	160	1
316	159	1
316	158	1
316	157	1
316	156	1
316	155	1
316	154	1
316	153	1
316	152	1
316	151	1
316	150	1
316	149	2
316	148	2
316	147	2
316	146	2
316	145	2
316	144	1
316	143	2
316	142	2
316	141	1
316	140	1
316	139	2
316	138	2
316	137	1
316	136	2
316	135	2
316	134	2
316	133	1
316	132	1
316	131	2
316	130	2
316	129	2
316	128	2
316	127	2
316	126	1
316	125	1
316	124	1
316	123	2
316	122	2
316	121	2
316	120	2
316	119	2
316	118	2
316	117	2
316	116	2
316	115	2
316	114	2
316	113	2
316	112	2
316	111	2
316	110	2
316	109	2
316	108	2
316	107	2
316	106	2
316	105	2
316	104	2
316	103	2
316	102	2
316	101	2
316	100	2
316	99	2
316	98	1
316	97	1
316	96	1
316	95	1
316	94	1
316	93	1
316	92	1
316	91	2
316	90	2
316	89	2
316	88	2
316	87	2
316	86	2
316	85	2
316	84	2
316	83	2
316	82	2
316	81	2
316	80	2
316	79	2
316	78	2
316	77	2
316	76	2
316	75	1
316	74	1
316	73	1
316	72	1
316	71	1
316	70	1
316	69	1
316	68	1
316	67	1
316	66	1
316	65	1
316	64	1
316	63	1
316	62	1
316	61	1
316	60	1
316	59	1
316	58	1
316	57	1
316	56	1
316	55	1
316	54	1
316	53	1
316	52	1
316	51	1
316	50	1
316	49	1
316	48	1
316	47	1
316	46	1
316	45	1
316	44	1
316	43	1
316	42	1
316	41	1
316	40	1
316	39	1
316	38	1
316	37	1
316	36	1
316	35	1
316	34	1
316	33	1
316	32	1
316	31	1
316	30	1
316	29	1
316	28	1
316	27	1
316	26	1
316	25	1
316	24	1
316	23	1
316	22	1
316	21	1
316	20	1
316	19	1
316	18	1
316	17	1
316	16	1
316	15	1
316	14	1
316	13	1
316	12	1
316	11	1
316	10	1
316	9	1
316	8	1
316	7	1
316	6	1
316	5	1
316	4	1
316	3	1
316	2	1
316	1	1
317	216	1
317	215	1
317	214	1
317	213	1
317	212	1
317	211	1
317	210	1
317	209	1
317	208	1
317	207	1
317	206	1
317	205	1
317	204	1
317	203	1
317	202	1
317	201	1
317	200	1
317	199	1
317	198	1
317	197	1
317	196	1
317	195	1
317	194	1
317	193	1
317	192	1
317	191	1
317	190	1
317	189	1
317	188	1
317	187	1
317	186	1
317	185	1
317	184	1
317	183	1
317	182	1
317	181	1
317	180	1
317	179	1
317	178	1
317	177	1
317	176	1
317	175	1
317	174	1
317	173	1
317	172	1
317	171	1
317	170	1
317	169	1
317	168	1
317	167	1
317	166	1
317	165	1
317	164	1
317	163	1
317	162	1
317	161	1
317	160	1
317	159	1
317	158	1
317	157	1
317	156	1
317	155	1
317	154	1
317	153	1
317	152	2
317	151	2
317	150	2
317	149	2
317	148	2
317	147	2
317	146	2
317	145	2
317	144	2
317	143	2
317	142	2
317	141	1
317	140	1
317	139	2
317	138	1
317	137	1
317	136	2
317	135	2
317	134	1
317	133	1
317	132	1
317	131	1
317	130	1
317	129	2
317	128	2
317	127	2
317	126	2
317	125	2
317	124	1
317	123	2
317	122	2
317	121	2
317	120	2
317	119	2
317	118	2
317	117	2
317	116	2
317	115	2
317	114	2
317	113	2
317	112	2
317	111	2
317	110	2
317	109	2
317	108	2
317	107	2
317	106	2
317	105	2
317	104	2
317	103	2
317	102	2
317	101	2
317	100	2
317	99	1
317	98	1
317	97	1
317	96	1
317	95	1
317	94	1
317	93	1
317	92	2
317	91	2
317	90	2
317	89	2
317	88	2
317	87	2
317	86	2
317	85	2
317	84	2
317	83	2
317	82	2
317	81	2
317	80	2
317	79	1
317	78	1
317	77	1
317	76	1
317	75	1
317	74	1
317	73	1
317	72	1
317	71	1
317	70	1
317	69	1
317	68	1
317	67	1
317	66	1
317	65	1
317	64	1
317	63	1
317	62	1
317	61	1
317	60	1
317	59	1
317	58	1
317	57	1
317	56	1
317	55	1
317	54	1
317	53	1
317	52	1
317	51	1
317	50	1
317	49	1
317	48	1
317	47	1
317	46	1
317	45	1
317	44	1
317	43	1
317	42	1
317	41	1
317	40	1
317	39	1
317	38	1
317	37	1
317	36	1
317	35	1
317	34	1
317	33	1
317	32	1
317	31	1
317	30	1
317	29	1
317	28	1
317	27	1
317	26	1
317	25	1
317	24	1
317	23	1
317	22	1
317	21	1
317	20	1
317	19	1
317	18	1
317	17	1
317	16	1
317	15	1
317	14	1
317	13	1
317	12	1
317	11	1
317	10	1
317	9	1
317	8	1
317	7	1
317	6	1
317	5	1
317	4	1
317	3	1
317	2	1
317	1	1
318	216	1
318	215	1
318	214	1
318	213	1
318	212	1
318	211	1
318	210	1
318	209	1
318	208	1
318	207	1
318	206	1
318	205	1
318	204	1
318	203	1
318	202	1
318	201	1
318	200	1
318	199	1
318	198	1
318	197	1
318	196	1
318	195	1
318	194	1
318	193	1
318	192	1
318	191	1
318	190	1
318	189	1
318	188	1
318	187	1
318	186	1
318	185	1
318	184	1
318	183	1
318	182	1
318	181	1
318	180	1
318	179	1
318	178	1
318	177	1
318	176	1
318	175	1
318	174	1
318	173	1
318	172	1
318	171	1
318	170	1
318	169	1
318	168	1
318	167	1
318	166	1
318	165	1
318	164	1
318	163	1
318	162	1
318	161	1
318	160	1
318	159	1
318	158	1
318	157	1
318	156	2
318	155	2
318	154	2
318	153	2
318	152	2
318	151	2
318	150	1
318	149	1
318	148	2
318	147	2
318	146	2
318	145	2
318	144	2
318	143	2
318	142	2
318	141	1
318	140	1
318	139	1
318	138	1
318	137	2
318	136	2
318	135	2
318	134	1
318	133	1
318	132	1
318	131	1
318	130	1
318	129	2
318	128	2
318	127	2
318	126	2
318	125	2
318	124	2
318	123	2
318	122	2
318	121	2
318	120	2
318	119	2
318	118	2
318	117	2
318	116	2
318	115	2
318	114	2
318	113	2
318	112	2
318	111	2
318	110	2
318	109	2
318	108	2
318	107	2
318	106	2
318	105	2
318	104	2
318	103	2
318	102	2
318	101	2
318	100	2
318	99	1
318	98	1
318	97	1
318	96	2
318	95	2
318	94	2
318	93	2
318	92	2
318	91	2
318	90	2
318	89	1
318	88	1
318	87	2
318	86	2
318	85	2
318	84	2
318	83	2
318	82	2
318	81	1
318	80	1
318	79	1
318	78	1
318	77	1
318	76	1
318	75	1
318	74	1
318	73	1
318	72	1
318	71	1
318	70	1
318	69	1
318	68	1
318	67	1
318	66	1
318	65	1
318	64	1
318	63	1
318	62	1
318	61	1
318	60	1
318	59	1
318	58	1
318	57	1
318	56	1
318	55	1
318	54	1
318	53	1
318	52	1
318	51	1
318	50	1
318	49	1
318	48	1
318	47	1
318	46	1
318	45	1
318	44	1
318	43	1
318	42	1
318	41	1
318	40	1
318	39	1
318	38	1
318	37	1
318	36	1
318	35	2
318	34	1
318	33	1
318	32	1
318	31	1
318	30	1
318	29	1
318	28	1
318	27	1
318	26	1
318	25	1
318	24	1
318	23	1
318	22	1
318	21	1
318	20	1
318	19	1
318	18	1
318	17	1
318	16	1
318	15	1
318	14	1
318	13	1
318	12	1
318	11	1
318	10	1
318	9	1
318	8	1
318	7	1
318	6	1
318	5	1
318	4	1
318	3	1
318	2	1
318	1	1
319	216	1
319	215	1
319	214	1
319	213	1
319	212	1
319	211	1
319	210	1
319	209	1
319	208	1
319	207	1
319	206	2
319	205	1
319	204	1
319	203	1
319	202	1
319	201	1
319	200	1
319	199	1
319	198	1
319	197	1
319	196	1
319	195	1
319	194	1
319	193	1
319	192	1
319	191	1
319	190	1
319	189	1
319	188	1
319	187	1
319	186	1
319	185	1
319	184	1
319	183	1
319	182	1
319	181	1
319	180	1
319	179	1
319	178	1
319	177	1
319	176	1
319	175	1
319	174	1
319	173	1
319	172	1
319	171	1
319	170	1
319	169	1
319	168	1
319	167	1
319	166	1
319	165	1
319	164	1
319	163	1
319	162	1
319	161	1
319	160	1
319	159	2
319	158	2
319	157	2
319	156	2
319	155	2
319	154	2
319	153	1
319	152	1
319	151	1
319	150	1
319	149	1
319	148	1
319	147	2
319	146	2
319	145	2
319	144	2
319	143	2
319	142	2
319	141	2
319	140	1
319	139	1
319	138	2
319	137	2
319	136	2
319	135	1
319	134	1
319	133	1
319	132	1
319	131	1
319	130	1
319	129	1
319	128	2
319	127	2
319	126	2
319	125	2
319	124	2
319	123	2
319	122	1
319	121	1
319	120	2
319	119	2
319	118	2
319	117	2
319	116	2
319	115	2
319	114	2
319	113	2
319	112	2
319	111	2
319	110	2
319	109	2
319	108	2
319	107	2
319	106	2
319	105	2
319	104	2
319	103	2
319	102	2
319	101	2
319	100	1
319	99	2
319	98	2
319	97	2
319	96	2
319	95	2
319	94	2
319	93	2
319	92	2
319	91	2
319	90	1
319	89	2
319	88	2
319	87	2
319	86	2
319	85	2
319	84	1
319	83	1
319	82	1
319	81	1
319	80	1
319	79	1
319	78	1
319	77	1
319	76	1
319	75	1
319	74	1
319	73	1
319	72	1
319	71	1
319	70	1
319	69	1
319	68	1
319	67	1
319	66	1
319	65	1
319	64	1
319	63	1
319	62	1
319	61	1
319	60	1
319	59	1
319	58	1
319	57	1
319	56	1
319	55	1
319	54	1
319	53	1
319	52	1
319	51	1
319	50	1
319	49	1
319	48	1
319	47	1
319	46	1
319	45	1
319	44	1
319	43	1
319	42	1
319	41	1
319	40	1
319	39	1
319	38	1
319	37	1
319	36	1
319	35	2
319	34	1
319	33	1
319	32	1
319	31	1
319	30	1
319	29	1
319	28	1
319	27	1
319	26	1
319	25	1
319	24	1
319	23	1
319	22	1
319	21	1
319	20	1
319	19	1
319	18	1
319	17	1
319	16	1
319	15	1
319	14	1
319	13	1
319	12	1
319	11	1
319	10	1
319	9	1
319	8	1
319	7	1
319	6	1
319	5	1
319	4	1
319	3	1
319	2	1
319	1	1
320	216	1
320	215	1
320	214	1
320	213	1
320	212	1
320	211	1
320	210	1
320	209	1
320	208	1
320	207	1
320	206	1
320	205	1
320	204	1
320	203	1
320	202	1
320	201	1
320	200	1
320	199	1
320	198	1
320	197	1
320	196	1
320	195	1
320	194	1
320	193	1
320	192	1
320	191	1
320	190	1
320	189	1
320	188	1
320	187	1
320	186	1
320	185	1
320	184	1
320	183	1
320	182	1
320	181	1
320	180	1
320	179	1
320	178	1
320	177	1
320	176	1
320	175	1
320	174	1
320	173	1
320	172	1
320	171	1
320	170	1
320	169	1
320	168	1
320	167	1
320	166	1
320	165	1
320	164	1
320	163	1
320	162	1
320	161	2
320	160	2
320	159	2
320	158	2
320	157	2
320	156	2
320	155	1
320	154	1
320	153	1
320	152	1
320	151	1
320	150	1
320	149	1
320	148	1
320	147	2
320	146	2
320	145	2
320	144	2
320	143	2
320	142	2
320	141	1
320	140	1
320	139	1
320	138	2
320	137	2
320	136	1
320	135	1
320	134	1
320	133	1
320	132	1
320	131	1
320	130	1
320	129	1
320	128	1
320	127	2
320	126	2
320	125	2
320	124	2
320	123	2
320	122	1
320	121	1
320	120	1
320	119	2
320	118	2
320	117	2
320	116	2
320	115	2
320	114	2
320	113	2
320	112	2
320	111	2
320	110	1
320	109	1
320	108	2
320	107	2
320	106	2
320	105	2
320	104	2
320	103	2
320	102	1
320	101	2
320	100	2
320	99	2
320	98	2
320	97	2
320	96	2
320	95	1
320	94	1
320	93	1
320	92	1
320	91	2
320	90	2
320	89	2
320	88	2
320	87	2
320	86	2
320	85	1
320	84	1
320	83	1
320	82	1
320	81	1
320	80	1
320	79	1
320	78	1
320	77	1
320	76	1
320	75	1
320	74	1
320	73	1
320	72	1
320	71	1
320	70	1
320	69	1
320	68	1
320	67	1
320	66	1
320	65	1
320	64	1
320	63	1
320	62	1
320	61	1
320	60	1
320	59	1
320	58	1
320	57	1
320	56	1
320	55	1
320	54	1
320	53	1
320	52	1
320	51	1
320	50	1
320	49	1
320	48	1
320	47	1
320	46	1
320	45	1
320	44	1
320	43	1
320	42	1
320	41	1
320	40	1
320	39	1
320	38	1
320	37	1
320	36	1
320	35	1
320	34	1
320	33	1
320	32	1
320	31	1
320	30	1
320	29	1
320	28	1
320	27	1
320	26	1
320	25	1
320	24	1
320	23	1
320	22	1
320	21	1
320	20	1
320	19	1
320	18	1
320	17	1
320	16	1
320	15	1
320	14	1
320	13	1
320	12	1
320	11	1
320	10	1
320	9	1
320	8	1
320	7	1
320	6	1
320	5	1
320	4	1
320	3	1
320	2	1
320	1	1
321	216	1
321	215	1
321	214	1
321	213	1
321	212	1
321	211	1
321	210	1
321	209	1
321	208	1
321	207	1
321	206	1
321	205	1
321	204	1
321	203	1
321	202	1
321	201	1
321	200	1
321	199	1
321	198	1
321	197	1
321	196	1
321	195	1
321	194	1
321	193	1
321	192	1
321	191	1
321	190	1
321	189	1
321	188	1
321	187	1
321	186	1
321	185	1
321	184	1
321	183	1
321	182	1
321	181	1
321	180	1
321	179	1
321	178	1
321	177	1
321	176	1
321	175	1
321	174	1
321	173	1
321	172	1
321	171	1
321	170	1
321	169	1
321	168	1
321	167	1
321	166	1
321	165	1
321	164	1
321	163	1
321	162	1
321	161	1
321	160	2
321	159	2
321	158	2
321	157	2
321	156	1
321	155	1
321	154	1
321	153	1
321	152	1
321	151	1
321	150	1
321	149	1
321	148	1
321	147	1
321	146	2
321	145	2
321	144	2
321	143	2
321	142	2
321	141	1
321	140	1
321	139	2
321	138	2
321	137	2
321	136	1
321	135	1
321	134	1
321	133	1
321	132	1
321	131	1
321	130	1
321	129	1
321	128	1
321	127	1
321	126	1
321	125	2
321	124	2
321	123	2
321	122	2
321	121	2
321	120	1
321	119	2
321	118	2
321	117	2
321	116	2
321	115	2
321	114	2
321	113	2
321	112	2
321	111	2
321	110	2
321	109	2
321	108	2
321	107	2
321	106	2
321	105	2
321	104	2
321	103	2
321	102	2
321	101	2
321	100	1
321	99	1
321	98	1
321	97	1
321	96	1
321	95	1
321	94	1
321	93	2
321	92	2
321	91	2
321	90	2
321	89	2
321	88	1
321	87	1
321	86	1
321	85	1
321	84	1
321	83	1
321	82	1
321	81	1
321	80	1
321	79	1
321	78	1
321	77	1
321	76	1
321	75	1
321	74	1
321	73	1
321	72	1
321	71	1
321	70	1
321	69	1
321	68	1
321	67	1
321	66	1
321	65	1
321	64	1
321	63	1
321	62	1
321	61	1
321	60	1
321	59	1
321	58	1
321	57	1
321	56	1
321	55	1
321	54	1
321	53	1
321	52	1
321	51	1
321	50	1
321	49	1
321	48	1
321	47	1
321	46	1
321	45	1
321	44	1
321	43	1
321	42	1
321	41	1
321	40	1
321	39	1
321	38	1
321	37	1
321	36	1
321	35	1
321	34	1
321	33	1
321	32	1
321	31	1
321	30	1
321	29	1
321	28	1
321	27	1
321	26	1
321	25	1
321	24	1
321	23	1
321	22	1
321	21	1
321	20	1
321	19	1
321	18	1
321	17	1
321	16	1
321	15	1
321	14	1
321	13	1
321	12	1
321	11	1
321	10	1
321	9	1
321	8	1
321	7	1
321	6	1
321	5	1
321	4	1
321	3	1
321	2	1
321	1	1
322	216	1
322	215	1
322	214	1
322	213	1
322	212	1
322	211	1
322	210	1
322	209	1
322	208	1
322	207	1
322	206	1
322	205	1
322	204	1
322	203	1
322	202	1
322	201	1
322	200	1
322	199	1
322	198	1
322	197	1
322	196	1
322	195	1
322	194	1
322	193	1
322	192	1
322	191	1
322	190	1
322	189	1
322	188	1
322	187	1
322	186	1
322	185	1
322	184	1
322	183	1
322	182	1
322	181	1
322	180	1
322	179	1
322	178	1
322	177	1
322	176	1
322	175	1
322	174	1
322	173	1
322	172	1
322	171	1
322	170	1
322	169	1
322	168	1
322	167	1
322	166	1
322	165	1
322	164	1
322	163	1
322	162	1
322	161	1
322	160	1
322	159	1
322	158	2
322	157	2
322	156	1
322	155	1
322	154	1
322	153	1
322	152	1
322	151	1
322	150	1
322	149	1
322	148	1
322	147	1
322	146	2
322	145	2
322	144	2
322	143	2
322	142	1
322	141	1
322	140	2
322	139	2
322	138	2
322	137	1
322	136	1
322	135	1
322	134	1
322	133	1
322	132	1
322	131	1
322	130	1
322	129	1
322	128	1
322	127	1
322	126	1
322	125	2
322	124	2
322	123	2
322	122	2
322	121	2
322	120	2
322	119	2
322	118	2
322	117	2
322	116	2
322	115	2
322	114	2
322	113	2
322	112	2
322	111	2
322	110	1
322	109	1
322	108	2
322	107	2
322	106	2
322	105	2
322	104	2
322	103	2
322	102	2
322	101	1
322	100	1
322	99	1
322	98	1
322	97	1
322	96	2
322	95	2
322	94	2
322	93	2
322	92	2
322	91	2
322	90	1
322	89	1
322	88	1
322	87	1
322	86	1
322	85	1
322	84	1
322	83	1
322	82	1
322	81	1
322	80	1
322	79	1
322	78	1
322	77	1
322	76	1
322	75	1
322	74	1
322	73	1
322	72	1
322	71	1
322	70	1
322	69	1
322	68	1
322	67	1
322	66	1
322	65	1
322	64	1
322	63	1
322	62	1
322	61	1
322	60	1
322	59	1
322	58	1
322	57	1
322	56	1
322	55	1
322	54	1
322	53	1
322	52	1
322	51	1
322	50	1
322	49	1
322	48	1
322	47	1
322	46	1
322	45	1
322	44	1
322	43	1
322	42	1
322	41	1
322	40	1
322	39	1
322	38	1
322	37	1
322	36	1
322	35	1
322	34	1
322	33	1
322	32	1
322	31	1
322	30	1
322	29	1
322	28	1
322	27	1
322	26	1
322	25	1
322	24	1
322	23	1
322	22	1
322	21	1
322	20	1
322	19	1
322	18	1
322	17	1
322	16	1
322	15	1
322	14	1
322	13	1
322	12	1
322	11	1
322	10	1
322	9	1
322	8	1
322	7	1
322	6	1
322	5	1
322	4	1
322	3	1
322	2	1
322	1	1
323	216	1
323	215	1
323	214	1
323	213	1
323	212	1
323	211	1
323	210	1
323	209	1
323	208	1
323	207	1
323	206	1
323	205	1
323	204	1
323	203	1
323	202	1
323	201	1
323	200	1
323	199	1
323	198	1
323	197	1
323	196	1
323	195	1
323	194	1
323	193	1
323	192	1
323	191	1
323	190	1
323	189	1
323	188	1
323	187	1
323	186	1
323	185	1
323	184	1
323	183	1
323	182	1
323	181	1
323	180	1
323	179	1
323	178	1
323	177	1
323	176	1
323	175	1
323	174	1
323	173	1
323	172	1
323	171	1
323	170	1
323	169	1
323	168	1
323	167	1
323	166	1
323	165	1
323	164	1
323	163	1
323	162	1
323	161	1
323	160	1
323	159	1
323	158	1
323	157	2
323	156	2
323	155	1
323	154	1
323	153	1
323	152	1
323	151	1
323	150	1
323	149	1
323	148	1
323	147	1
323	146	1
323	145	2
323	144	2
323	143	2
323	142	1
323	141	2
323	140	2
323	139	2
323	138	1
323	137	1
323	136	1
323	135	1
323	134	1
323	133	1
323	132	1
323	131	1
323	130	1
323	129	1
323	128	1
323	127	1
323	126	1
323	125	1
323	124	1
323	123	1
323	122	2
323	121	2
323	120	2
323	119	2
323	118	2
323	117	2
323	116	2
323	115	2
323	114	2
323	113	2
323	112	2
323	111	1
323	110	1
323	109	1
323	108	2
323	107	2
323	106	2
323	105	2
323	104	2
323	103	2
323	102	2
323	101	1
323	100	1
323	99	1
323	98	1
323	97	2
323	96	2
323	95	2
323	94	2
323	93	2
323	92	1
323	91	1
323	90	1
323	89	1
323	88	1
323	87	1
323	86	1
323	85	1
323	84	1
323	83	1
323	82	1
323	81	1
323	80	1
323	79	1
323	78	1
323	77	1
323	76	1
323	75	1
323	74	1
323	73	1
323	72	1
323	71	1
323	70	1
323	69	1
323	68	1
323	67	1
323	66	1
323	65	1
323	64	1
323	63	1
323	62	1
323	61	1
323	60	1
323	59	1
323	58	1
323	57	1
323	56	1
323	55	1
323	54	1
323	53	1
323	52	1
323	51	1
323	50	1
323	49	1
323	48	1
323	47	1
323	46	1
323	45	1
323	44	1
323	43	1
323	42	1
323	41	1
323	40	1
323	39	1
323	38	1
323	37	1
323	36	1
323	35	1
323	34	1
323	33	1
323	32	1
323	31	1
323	30	1
323	29	1
323	28	1
323	27	1
323	26	1
323	25	1
323	24	1
323	23	1
323	22	1
323	21	1
323	20	1
323	19	1
323	18	1
323	17	1
323	16	1
323	15	1
323	14	1
323	13	1
323	12	1
323	11	1
323	10	1
323	9	1
323	8	1
323	7	1
323	6	1
323	5	1
323	4	1
323	3	1
323	2	1
323	1	1
324	216	1
324	215	1
324	214	1
324	213	1
324	212	1
324	211	1
324	210	1
324	209	1
324	208	1
324	207	1
324	206	1
324	205	1
324	204	1
324	203	1
324	202	1
324	201	1
324	200	1
324	199	1
324	198	1
324	197	1
324	196	1
324	195	1
324	194	1
324	193	1
324	192	1
324	191	1
324	190	1
324	189	1
324	188	1
324	187	1
324	186	1
324	185	1
324	184	1
324	183	1
324	182	1
324	181	1
324	180	1
324	179	1
324	178	1
324	177	1
324	176	1
324	175	1
324	174	1
324	173	1
324	172	1
324	171	1
324	170	1
324	169	1
324	168	1
324	167	1
324	166	1
324	165	1
324	164	1
324	163	1
324	162	1
324	161	1
324	160	1
324	159	1
324	158	1
324	157	1
324	156	2
324	155	2
324	154	1
324	153	1
324	152	1
324	151	1
324	150	1
324	149	1
324	148	1
324	147	1
324	146	1
324	145	1
324	144	2
324	143	2
324	142	2
324	141	2
324	140	2
324	139	2
324	138	1
324	137	1
324	136	1
324	135	1
324	134	1
324	133	1
324	132	1
324	131	1
324	130	1
324	129	1
324	128	1
324	127	1
324	126	1
324	125	1
324	124	1
324	123	1
324	122	1
324	121	2
324	120	2
324	119	2
324	118	2
324	117	2
324	116	2
324	115	2
324	114	2
324	113	2
324	112	2
324	111	2
324	110	2
324	109	2
324	108	2
324	107	2
324	106	2
324	105	2
324	104	2
324	103	2
324	102	2
324	101	2
324	100	2
324	99	2
324	98	2
324	97	2
324	96	2
324	95	2
324	94	1
324	93	1
324	92	1
324	91	1
324	90	1
324	89	1
324	88	1
324	87	1
324	86	1
324	85	1
324	84	1
324	83	1
324	82	1
324	81	1
324	80	1
324	79	1
324	78	1
324	77	1
324	76	1
324	75	1
324	74	1
324	73	1
324	72	1
324	71	1
324	70	1
324	69	1
324	68	1
324	67	1
324	66	1
324	65	1
324	64	1
324	63	1
324	62	1
324	61	1
324	60	1
324	59	1
324	58	1
324	57	1
324	56	1
324	55	1
324	54	1
324	53	2
324	52	1
324	51	1
324	50	1
324	49	1
324	48	1
324	47	1
324	46	1
324	45	1
324	44	1
324	43	1
324	42	1
324	41	1
324	40	1
324	39	1
324	38	1
324	37	1
324	36	1
324	35	1
324	34	1
324	33	1
324	32	1
324	31	1
324	30	1
324	29	1
324	28	1
324	27	1
324	26	1
324	25	1
324	24	1
324	23	1
324	22	1
324	21	1
324	20	1
324	19	1
324	18	1
324	17	1
324	16	1
324	15	1
324	14	1
324	13	1
324	12	1
324	11	1
324	10	1
324	9	1
324	8	1
324	7	1
324	6	1
324	5	1
324	4	1
324	3	1
324	2	1
324	1	1
325	216	1
325	215	1
325	214	1
325	213	2
325	212	1
325	211	1
325	210	1
325	209	1
325	208	1
325	207	1
325	206	1
325	205	1
325	204	1
325	203	1
325	202	1
325	201	1
325	200	1
325	199	1
325	198	1
325	197	1
325	196	1
325	195	1
325	194	1
325	193	1
325	192	1
325	191	1
325	190	1
325	189	1
325	188	1
325	187	1
325	186	1
325	185	1
325	184	1
325	183	1
325	182	1
325	181	1
325	180	1
325	179	1
325	178	1
325	177	1
325	176	1
325	175	1
325	174	1
325	173	1
325	172	1
325	171	1
325	170	1
325	169	1
325	168	1
325	167	1
325	166	1
325	165	1
325	164	1
325	163	1
325	162	1
325	161	1
325	160	1
325	159	1
325	158	1
325	157	1
325	156	1
325	155	2
325	154	2
325	153	1
325	152	1
325	151	1
325	150	1
325	149	2
325	148	1
325	147	1
325	146	1
325	145	1
325	144	2
325	143	2
325	142	2
325	141	2
325	140	2
325	139	2
325	138	1
325	137	1
325	136	1
325	135	1
325	134	1
325	133	1
325	132	1
325	131	1
325	130	1
325	129	1
325	128	1
325	127	1
325	126	1
325	125	1
325	124	1
325	123	1
325	122	1
325	121	1
325	120	1
325	119	2
325	118	2
325	117	2
325	116	2
325	115	2
325	114	2
325	113	2
325	112	2
325	111	2
325	110	2
325	109	2
325	108	2
325	107	2
325	106	2
325	105	2
325	104	2
325	103	2
325	102	2
325	101	2
325	100	2
325	99	2
325	98	2
325	97	2
325	96	1
325	95	1
325	94	1
325	93	1
325	92	1
325	91	1
325	90	1
325	89	1
325	88	1
325	87	1
325	86	1
325	85	1
325	84	1
325	83	1
325	82	1
325	81	1
325	80	1
325	79	1
325	78	1
325	77	1
325	76	1
325	75	1
325	74	1
325	73	1
325	72	1
325	71	1
325	70	1
325	69	1
325	68	1
325	67	1
325	66	1
325	65	1
325	64	1
325	63	1
325	62	1
325	61	1
325	60	1
325	59	1
325	58	1
325	57	1
325	56	1
325	55	1
325	54	1
325	53	1
325	52	1
325	51	1
325	50	1
325	49	1
325	48	1
325	47	1
325	46	1
325	45	1
325	44	1
325	43	1
325	42	1
325	41	1
325	40	1
325	39	1
325	38	1
325	37	1
325	36	1
325	35	1
325	34	1
325	33	1
325	32	1
325	31	1
325	30	1
325	29	1
325	28	1
325	27	1
325	26	1
325	25	1
325	24	1
325	23	1
325	22	1
325	21	1
325	20	1
325	19	1
325	18	1
325	17	1
325	16	1
325	15	1
325	14	1
325	13	1
325	12	1
325	11	1
325	10	1
325	9	1
325	8	1
325	7	1
325	6	1
325	5	1
325	4	1
325	3	1
325	2	1
325	1	1
326	216	1
326	215	1
326	214	1
326	213	1
326	212	1
326	211	1
326	210	1
326	209	1
326	208	1
326	207	1
326	206	1
326	205	1
326	204	1
326	203	1
326	202	1
326	201	1
326	200	1
326	199	1
326	198	1
326	197	1
326	196	1
326	195	1
326	194	1
326	193	1
326	192	1
326	191	1
326	190	1
326	189	1
326	188	1
326	187	1
326	186	1
326	185	1
326	184	1
326	183	1
326	182	1
326	181	1
326	180	1
326	179	1
326	178	1
326	177	1
326	176	1
326	175	1
326	174	1
326	173	1
326	172	1
326	171	1
326	170	1
326	169	1
326	168	1
326	167	1
326	166	1
326	165	1
326	164	1
326	163	1
326	162	1
326	161	1
326	160	1
326	159	1
326	158	1
326	157	1
326	156	1
326	155	1
326	154	2
326	153	1
326	152	1
326	151	1
326	150	1
326	149	1
326	148	1
326	147	1
326	146	1
326	145	1
326	144	2
326	143	2
326	142	2
326	141	2
326	140	2
326	139	2
326	138	1
326	137	1
326	136	1
326	135	1
326	134	1
326	133	1
326	132	1
326	131	1
326	130	1
326	129	1
326	128	1
326	127	1
326	126	1
326	125	1
326	124	1
326	123	1
326	122	1
326	121	1
326	120	1
326	119	1
326	118	2
326	117	2
326	116	2
326	115	2
326	114	1
326	113	2
326	112	2
326	111	2
326	110	1
326	109	1
326	108	1
326	107	1
326	106	2
326	105	2
326	104	2
326	103	2
326	102	2
326	101	2
326	100	1
326	99	1
326	98	1
326	97	1
326	96	1
326	95	1
326	94	1
326	93	1
326	92	1
326	91	1
326	90	1
326	89	1
326	88	1
326	87	1
326	86	1
326	85	1
326	84	1
326	83	1
326	82	1
326	81	1
326	80	1
326	79	1
326	78	1
326	77	1
326	76	1
326	75	1
326	74	1
326	73	1
326	72	1
326	71	1
326	70	1
326	69	1
326	68	1
326	67	1
326	66	1
326	65	1
326	64	1
326	63	1
326	62	1
326	61	1
326	60	1
326	59	1
326	58	1
326	57	1
326	56	1
326	55	1
326	54	1
326	53	1
326	52	1
326	51	1
326	50	1
326	49	1
326	48	1
326	47	1
326	46	1
326	45	1
326	44	1
326	43	1
326	42	1
326	41	1
326	40	1
326	39	1
326	38	1
326	37	1
326	36	1
326	35	1
326	34	1
326	33	1
326	32	1
326	31	1
326	30	1
326	29	1
326	28	1
326	27	1
326	26	1
326	25	1
326	24	1
326	23	1
326	22	1
326	21	1
326	20	1
326	19	1
326	18	1
326	17	1
326	16	1
326	15	1
326	14	1
326	13	1
326	12	1
326	11	1
326	10	1
326	9	1
326	8	1
326	7	1
326	6	1
326	5	1
326	4	1
326	3	1
326	2	1
326	1	1
327	216	1
327	215	1
327	214	1
327	213	1
327	212	1
327	211	1
327	210	1
327	209	1
327	208	1
327	207	1
327	206	1
327	205	1
327	204	1
327	203	1
327	202	1
327	201	1
327	200	1
327	199	1
327	198	1
327	197	1
327	196	1
327	195	1
327	194	1
327	193	1
327	192	1
327	191	1
327	190	1
327	189	1
327	188	1
327	187	1
327	186	1
327	185	1
327	184	1
327	183	1
327	182	1
327	181	1
327	180	1
327	179	1
327	178	1
327	177	1
327	176	1
327	175	1
327	174	1
327	173	1
327	172	1
327	171	1
327	170	1
327	169	1
327	168	1
327	167	1
327	166	1
327	165	1
327	164	1
327	163	1
327	162	1
327	161	1
327	160	1
327	159	1
327	158	1
327	157	1
327	156	1
327	155	1
327	154	2
327	153	1
327	152	1
327	151	1
327	150	1
327	149	1
327	148	1
327	147	1
327	146	1
327	145	1
327	144	1
327	143	2
327	142	2
327	141	2
327	140	2
327	139	1
327	138	1
327	137	1
327	136	1
327	135	1
327	134	1
327	133	1
327	132	1
327	131	1
327	130	1
327	129	1
327	128	1
327	127	1
327	126	1
327	125	1
327	124	2
327	123	2
327	122	1
327	121	1
327	120	1
327	119	1
327	118	2
327	117	2
327	116	2
327	115	2
327	114	2
327	113	2
327	112	2
327	111	1
327	110	1
327	109	1
327	108	1
327	107	1
327	106	2
327	105	2
327	104	2
327	103	2
327	102	1
327	101	1
327	100	1
327	99	1
327	98	1
327	97	1
327	96	1
327	95	1
327	94	1
327	93	1
327	92	1
327	91	1
327	90	1
327	89	1
327	88	1
327	87	1
327	86	1
327	85	1
327	84	1
327	83	1
327	82	1
327	81	1
327	80	1
327	79	1
327	78	1
327	77	1
327	76	1
327	75	1
327	74	1
327	73	1
327	72	1
327	71	1
327	70	1
327	69	1
327	68	1
327	67	1
327	66	1
327	65	1
327	64	1
327	63	1
327	62	1
327	61	1
327	60	1
327	59	1
327	58	1
327	57	1
327	56	1
327	55	1
327	54	1
327	53	1
327	52	1
327	51	1
327	50	1
327	49	1
327	48	1
327	47	1
327	46	1
327	45	1
327	44	1
327	43	1
327	42	1
327	41	1
327	40	1
327	39	1
327	38	1
327	37	1
327	36	1
327	35	1
327	34	1
327	33	1
327	32	1
327	31	1
327	30	1
327	29	1
327	28	1
327	27	1
327	26	1
327	25	1
327	24	1
327	23	1
327	22	1
327	21	1
327	20	1
327	19	1
327	18	1
327	17	1
327	16	1
327	15	1
327	14	1
327	13	1
327	12	1
327	11	1
327	10	1
327	9	1
327	8	1
327	7	1
327	6	1
327	5	1
327	4	1
327	3	1
327	2	1
327	1	1
328	216	1
328	215	1
328	214	1
328	213	1
328	212	1
328	211	1
328	210	1
328	209	1
328	208	1
328	207	1
328	206	1
328	205	1
328	204	1
328	203	1
328	202	1
328	201	1
328	200	1
328	199	1
328	198	1
328	197	1
328	196	1
328	195	1
328	194	1
328	193	1
328	192	1
328	191	1
328	190	1
328	189	1
328	188	1
328	187	1
328	186	1
328	185	1
328	184	1
328	183	1
328	182	1
328	181	1
328	180	1
328	179	1
328	178	1
328	177	1
328	176	1
328	175	1
328	174	1
328	173	1
328	172	1
328	171	1
328	170	1
328	169	1
328	168	1
328	167	1
328	166	1
328	165	1
328	164	1
328	163	1
328	162	1
328	161	1
328	160	1
328	159	1
328	158	1
328	157	1
328	156	1
328	155	1
328	154	1
328	153	1
328	152	1
328	151	1
328	150	1
328	149	1
328	148	1
328	147	1
328	146	1
328	145	1
328	144	1
328	143	1
328	142	1
328	141	1
328	140	1
328	139	1
328	138	1
328	137	1
328	136	1
328	135	1
328	134	1
328	133	1
328	132	1
328	131	1
328	130	1
328	129	1
328	128	1
328	127	1
328	126	1
328	125	1
328	124	2
328	123	1
328	122	1
328	121	1
328	120	1
328	119	1
328	118	2
328	117	2
328	116	2
328	115	2
328	114	2
328	113	1
328	112	2
328	111	2
328	110	1
328	109	1
328	108	1
328	107	1
328	106	2
328	105	2
328	104	2
328	103	1
328	102	1
328	101	1
328	100	1
328	99	1
328	98	1
328	97	1
328	96	1
328	95	1
328	94	1
328	93	1
328	92	1
328	91	1
328	90	1
328	89	1
328	88	1
328	87	1
328	86	1
328	85	1
328	84	1
328	83	1
328	82	1
328	81	1
328	80	1
328	79	1
328	78	1
328	77	1
328	76	1
328	75	1
328	74	1
328	73	1
328	72	1
328	71	1
328	70	1
328	69	1
328	68	1
328	67	1
328	66	1
328	65	1
328	64	1
328	63	1
328	62	1
328	61	1
328	60	1
328	59	1
328	58	1
328	57	1
328	56	1
328	55	1
328	54	1
328	53	1
328	52	1
328	51	1
328	50	1
328	49	1
328	48	1
328	47	1
328	46	1
328	45	1
328	44	1
328	43	1
328	42	1
328	41	1
328	40	1
328	39	1
328	38	1
328	37	1
328	36	1
328	35	1
328	34	1
328	33	1
328	32	1
328	31	1
328	30	1
328	29	1
328	28	1
328	27	1
328	26	1
328	25	1
328	24	1
328	23	1
328	22	1
328	21	1
328	20	1
328	19	1
328	18	1
328	17	1
328	16	1
328	15	1
328	14	1
328	13	1
328	12	1
328	11	1
328	10	1
328	9	1
328	8	1
328	7	1
328	6	1
328	5	1
328	4	1
328	3	1
328	2	1
328	1	1
329	216	1
329	215	1
329	214	1
329	213	1
329	212	1
329	211	1
329	210	1
329	209	1
329	208	1
329	207	1
329	206	1
329	205	1
329	204	1
329	203	2
329	202	1
329	201	1
329	200	1
329	199	1
329	198	1
329	197	1
329	196	1
329	195	1
329	194	1
329	193	1
329	192	1
329	191	1
329	190	1
329	189	1
329	188	1
329	187	1
329	186	1
329	185	1
329	184	1
329	183	1
329	182	1
329	181	1
329	180	1
329	179	1
329	178	1
329	177	1
329	176	1
329	175	1
329	174	1
329	173	1
329	172	1
329	171	1
329	170	1
329	169	1
329	168	1
329	167	1
329	166	1
329	165	1
329	164	1
329	163	1
329	162	1
329	161	1
329	160	1
329	159	1
329	158	1
329	157	1
329	156	1
329	155	1
329	154	1
329	153	2
329	152	2
329	151	1
329	150	1
329	149	1
329	148	1
329	147	1
329	146	1
329	145	1
329	144	1
329	143	1
329	142	1
329	141	1
329	140	1
329	139	1
329	138	1
329	137	1
329	136	1
329	135	1
329	134	1
329	133	1
329	132	1
329	131	1
329	130	1
329	129	1
329	128	1
329	127	1
329	126	1
329	125	1
329	124	1
329	123	1
329	122	1
329	121	1
329	120	1
329	119	1
329	118	1
329	117	1
329	116	2
329	115	2
329	114	1
329	113	1
329	112	1
329	111	1
329	110	1
329	109	1
329	108	1
329	107	2
329	106	2
329	105	2
329	104	2
329	103	1
329	102	1
329	101	1
329	100	1
329	99	1
329	98	1
329	97	1
329	96	1
329	95	1
329	94	1
329	93	1
329	92	1
329	91	1
329	90	1
329	89	1
329	88	1
329	87	1
329	86	1
329	85	1
329	84	1
329	83	1
329	82	1
329	81	1
329	80	1
329	79	1
329	78	1
329	77	1
329	76	1
329	75	1
329	74	1
329	73	1
329	72	1
329	71	1
329	70	1
329	69	1
329	68	1
329	67	1
329	66	1
329	65	1
329	64	1
329	63	1
329	62	1
329	61	1
329	60	1
329	59	1
329	58	1
329	57	1
329	56	1
329	55	1
329	54	1
329	53	1
329	52	1
329	51	1
329	50	1
329	49	1
329	48	1
329	47	1
329	46	1
329	45	1
329	44	1
329	43	1
329	42	1
329	41	1
329	40	1
329	39	1
329	38	1
329	37	1
329	36	1
329	35	1
329	34	1
329	33	1
329	32	1
329	31	1
329	30	1
329	29	1
329	28	1
329	27	1
329	26	1
329	25	1
329	24	1
329	23	1
329	22	1
329	21	1
329	20	1
329	19	1
329	18	1
329	17	1
329	16	1
329	15	1
329	14	1
329	13	1
329	12	1
329	11	1
329	10	1
329	9	1
329	8	1
329	7	1
329	6	1
329	5	1
329	4	1
329	3	1
329	2	1
329	1	1
330	216	1
330	215	1
330	214	1
330	213	1
330	212	1
330	211	1
330	210	1
330	209	1
330	208	1
330	207	1
330	206	1
330	205	1
330	204	1
330	203	1
330	202	1
330	201	1
330	200	1
330	199	1
330	198	1
330	197	1
330	196	1
330	195	1
330	194	1
330	193	1
330	192	1
330	191	1
330	190	1
330	189	1
330	188	1
330	187	1
330	186	1
330	185	1
330	184	1
330	183	1
330	182	1
330	181	1
330	180	1
330	179	1
330	178	1
330	177	1
330	176	1
330	175	1
330	174	1
330	173	1
330	172	1
330	171	1
330	170	1
330	169	1
330	168	1
330	167	1
330	166	1
330	165	1
330	164	1
330	163	1
330	162	1
330	161	1
330	160	1
330	159	1
330	158	1
330	157	1
330	156	1
330	155	1
330	154	1
330	153	1
330	152	2
330	151	1
330	150	1
330	149	1
330	148	1
330	147	1
330	146	1
330	145	1
330	144	1
330	143	1
330	142	1
330	141	1
330	140	2
330	139	2
330	138	1
330	137	1
330	136	1
330	135	1
330	134	1
330	133	1
330	132	1
330	131	1
330	130	1
330	129	1
330	128	1
330	127	1
330	126	1
330	125	1
330	124	1
330	123	1
330	122	1
330	121	1
330	120	2
330	119	1
330	118	1
330	117	1
330	116	1
330	115	1
330	114	1
330	113	1
330	112	1
330	111	1
330	110	1
330	109	1
330	108	1
330	107	2
330	106	2
330	105	2
330	104	1
330	103	1
330	102	1
330	101	1
330	100	1
330	99	1
330	98	1
330	97	1
330	96	1
330	95	1
330	94	1
330	93	1
330	92	1
330	91	1
330	90	1
330	89	1
330	88	1
330	87	1
330	86	1
330	85	1
330	84	1
330	83	1
330	82	1
330	81	1
330	80	1
330	79	1
330	78	1
330	77	1
330	76	1
330	75	1
330	74	1
330	73	1
330	72	1
330	71	1
330	70	1
330	69	1
330	68	2
330	67	1
330	66	1
330	65	1
330	64	1
330	63	1
330	62	1
330	61	1
330	60	1
330	59	1
330	58	1
330	57	1
330	56	1
330	55	1
330	54	1
330	53	1
330	52	1
330	51	1
330	50	1
330	49	1
330	48	1
330	47	1
330	46	1
330	45	1
330	44	1
330	43	1
330	42	1
330	41	1
330	40	1
330	39	1
330	38	1
330	37	1
330	36	1
330	35	1
330	34	1
330	33	1
330	32	1
330	31	1
330	30	1
330	29	1
330	28	1
330	27	1
330	26	1
330	25	1
330	24	1
330	23	1
330	22	1
330	21	1
330	20	1
330	19	1
330	18	1
330	17	1
330	16	1
330	15	1
330	14	1
330	13	1
330	12	1
330	11	1
330	10	1
330	9	1
330	8	1
330	7	1
330	6	1
330	5	1
330	4	1
330	3	1
330	2	1
330	1	1
331	216	1
331	215	1
331	214	1
331	213	1
331	212	1
331	211	1
331	210	1
331	209	1
331	208	1
331	207	1
331	206	1
331	205	1
331	204	1
331	203	1
331	202	1
331	201	1
331	200	1
331	199	1
331	198	1
331	197	1
331	196	1
331	195	1
331	194	1
331	193	1
331	192	1
331	191	1
331	190	1
331	189	1
331	188	1
331	187	1
331	186	1
331	185	1
331	184	1
331	183	1
331	182	1
331	181	1
331	180	1
331	179	1
331	178	1
331	177	1
331	176	1
331	175	1
331	174	1
331	173	1
331	172	1
331	171	1
331	170	1
331	169	1
331	168	1
331	167	1
331	166	1
331	165	1
331	164	1
331	163	1
331	162	1
331	161	1
331	160	1
331	159	1
331	158	1
331	157	1
331	156	1
331	155	1
331	154	1
331	153	1
331	152	2
331	151	1
331	150	1
331	149	1
331	148	1
331	147	1
331	146	1
331	145	2
331	144	1
331	143	1
331	142	1
331	141	1
331	140	2
331	139	2
331	138	2
331	137	1
331	136	1
331	135	1
331	134	1
331	133	1
331	132	1
331	131	1
331	130	1
331	129	1
331	128	1
331	127	1
331	126	1
331	125	1
331	124	1
331	123	1
331	122	1
331	121	1
331	120	1
331	119	2
331	118	1
331	117	1
331	116	1
331	115	1
331	114	1
331	113	1
331	112	1
331	111	1
331	110	1
331	109	1
331	108	2
331	107	2
331	106	2
331	105	2
331	104	1
331	103	1
331	102	1
331	101	1
331	100	1
331	99	1
331	98	1
331	97	1
331	96	1
331	95	1
331	94	1
331	93	1
331	92	1
331	91	1
331	90	1
331	89	1
331	88	1
331	87	1
331	86	1
331	85	1
331	84	1
331	83	1
331	82	1
331	81	1
331	80	1
331	79	1
331	78	1
331	77	1
331	76	1
331	75	1
331	74	1
331	73	1
331	72	1
331	71	1
331	70	1
331	69	1
331	68	1
331	67	1
331	66	1
331	65	1
331	64	1
331	63	1
331	62	1
331	61	1
331	60	1
331	59	1
331	58	1
331	57	1
331	56	1
331	55	1
331	54	1
331	53	1
331	52	1
331	51	1
331	50	1
331	49	1
331	48	1
331	47	1
331	46	1
331	45	1
331	44	1
331	43	1
331	42	1
331	41	1
331	40	1
331	39	1
331	38	1
331	37	1
331	36	1
331	35	1
331	34	1
331	33	1
331	32	1
331	31	1
331	30	1
331	29	1
331	28	1
331	27	1
331	26	1
331	25	1
331	24	1
331	23	1
331	22	1
331	21	1
331	20	1
331	19	1
331	18	1
331	17	1
331	16	1
331	15	1
331	14	1
331	13	1
331	12	1
331	11	1
331	10	1
331	9	1
331	8	1
331	7	1
331	6	1
331	5	1
331	4	1
331	3	1
331	2	1
331	1	1
332	216	1
332	215	1
332	214	1
332	213	1
332	212	1
332	211	1
332	210	1
332	209	1
332	208	1
332	207	1
332	206	1
332	205	1
332	204	1
332	203	1
332	202	1
332	201	1
332	200	1
332	199	1
332	198	1
332	197	1
332	196	1
332	195	1
332	194	1
332	193	1
332	192	1
332	191	1
332	190	1
332	189	1
332	188	1
332	187	1
332	186	1
332	185	1
332	184	1
332	183	1
332	182	1
332	181	1
332	180	1
332	179	1
332	178	1
332	177	1
332	176	1
332	175	1
332	174	1
332	173	1
332	172	1
332	171	1
332	170	1
332	169	1
332	168	1
332	167	1
332	166	1
332	165	1
332	164	1
332	163	1
332	162	1
332	161	1
332	160	1
332	159	1
332	158	1
332	157	1
332	156	1
332	155	1
332	154	1
332	153	1
332	152	1
332	151	1
332	150	1
332	149	1
332	148	1
332	147	1
332	146	1
332	145	2
332	144	1
332	143	1
332	142	1
332	141	1
332	140	2
332	139	2
332	138	2
332	137	2
332	136	1
332	135	1
332	134	1
332	133	1
332	132	1
332	131	1
332	130	1
332	129	1
332	128	1
332	127	1
332	126	1
332	125	1
332	124	1
332	123	1
332	122	1
332	121	1
332	120	1
332	119	2
332	118	2
332	117	1
332	116	1
332	115	1
332	114	1
332	113	1
332	112	1
332	111	1
332	110	1
332	109	1
332	108	2
332	107	2
332	106	2
332	105	1
332	104	1
332	103	1
332	102	1
332	101	1
332	100	1
332	99	1
332	98	1
332	97	1
332	96	1
332	95	1
332	94	1
332	93	1
332	92	1
332	91	1
332	90	1
332	89	1
332	88	1
332	87	1
332	86	1
332	85	1
332	84	1
332	83	1
332	82	1
332	81	1
332	80	1
332	79	1
332	78	1
332	77	1
332	76	1
332	75	1
332	74	1
332	73	1
332	72	1
332	71	1
332	70	1
332	69	1
332	68	1
332	67	1
332	66	1
332	65	1
332	64	1
332	63	1
332	62	1
332	61	1
332	60	1
332	59	1
332	58	1
332	57	1
332	56	1
332	55	1
332	54	1
332	53	1
332	52	1
332	51	1
332	50	1
332	49	1
332	48	1
332	47	1
332	46	1
332	45	1
332	44	1
332	43	1
332	42	1
332	41	1
332	40	1
332	39	1
332	38	1
332	37	1
332	36	1
332	35	1
332	34	1
332	33	1
332	32	1
332	31	1
332	30	1
332	29	1
332	28	1
332	27	1
332	26	1
332	25	1
332	24	1
332	23	1
332	22	1
332	21	1
332	20	1
332	19	1
332	18	1
332	17	1
332	16	1
332	15	1
332	14	1
332	13	1
332	12	1
332	11	1
332	10	1
332	9	1
332	8	1
332	7	1
332	6	1
332	5	1
332	4	1
332	3	1
332	2	1
332	1	1
333	216	1
333	215	1
333	214	1
333	213	1
333	212	1
333	211	1
333	210	1
333	209	1
333	208	1
333	207	1
333	206	1
333	205	1
333	204	1
333	203	1
333	202	1
333	201	1
333	200	1
333	199	1
333	198	1
333	197	1
333	196	1
333	195	1
333	194	1
333	193	1
333	192	1
333	191	1
333	190	1
333	189	1
333	188	1
333	187	1
333	186	1
333	185	1
333	184	1
333	183	1
333	182	1
333	181	1
333	180	1
333	179	1
333	178	1
333	177	1
333	176	1
333	175	1
333	174	1
333	173	1
333	172	1
333	171	1
333	170	1
333	169	1
333	168	1
333	167	1
333	166	1
333	165	1
333	164	1
333	163	1
333	162	1
333	161	1
333	160	1
333	159	1
333	158	1
333	157	1
333	156	1
333	155	1
333	154	1
333	153	1
333	152	1
333	151	1
333	150	1
333	149	1
333	148	1
333	147	1
333	146	1
333	145	1
333	144	1
333	143	1
333	142	1
333	141	1
333	140	1
333	139	2
333	138	2
333	137	2
333	136	1
333	135	1
333	134	1
333	133	1
333	132	1
333	131	1
333	130	1
333	129	1
333	128	1
333	127	1
333	126	1
333	125	1
333	124	1
333	123	1
333	122	1
333	121	1
333	120	1
333	119	1
333	118	2
333	117	2
333	116	2
333	115	1
333	114	1
333	113	1
333	112	1
333	111	1
333	110	1
333	109	2
333	108	2
333	107	2
333	106	2
333	105	1
333	104	1
333	103	1
333	102	1
333	101	1
333	100	1
333	99	1
333	98	1
333	97	1
333	96	1
333	95	1
333	94	1
333	93	1
333	92	1
333	91	1
333	90	1
333	89	1
333	88	1
333	87	1
333	86	1
333	85	1
333	84	1
333	83	1
333	82	1
333	81	1
333	80	1
333	79	1
333	78	1
333	77	1
333	76	1
333	75	1
333	74	1
333	73	1
333	72	1
333	71	1
333	70	1
333	69	1
333	68	1
333	67	1
333	66	1
333	65	1
333	64	1
333	63	1
333	62	1
333	61	1
333	60	1
333	59	1
333	58	1
333	57	1
333	56	1
333	55	1
333	54	1
333	53	1
333	52	1
333	51	1
333	50	1
333	49	1
333	48	1
333	47	1
333	46	1
333	45	1
333	44	1
333	43	1
333	42	1
333	41	1
333	40	1
333	39	1
333	38	1
333	37	1
333	36	1
333	35	1
333	34	1
333	33	1
333	32	1
333	31	1
333	30	1
333	29	1
333	28	1
333	27	1
333	26	1
333	25	1
333	24	1
333	23	1
333	22	1
333	21	1
333	20	1
333	19	1
333	18	1
333	17	1
333	16	1
333	15	1
333	14	1
333	13	1
333	12	1
333	11	1
333	10	1
333	9	1
333	8	1
333	7	1
333	6	1
333	5	1
333	4	1
333	3	1
333	2	1
333	1	1
334	216	1
334	215	1
334	214	1
334	213	1
334	212	1
334	211	1
334	210	1
334	209	1
334	208	1
334	207	1
334	206	1
334	205	1
334	204	1
334	203	1
334	202	1
334	201	1
334	200	1
334	199	1
334	198	1
334	197	1
334	196	1
334	195	1
334	194	1
334	193	1
334	192	1
334	191	1
334	190	1
334	189	1
334	188	1
334	187	1
334	186	1
334	185	1
334	184	1
334	183	1
334	182	1
334	181	1
334	180	1
334	179	1
334	178	1
334	177	1
334	176	1
334	175	1
334	174	1
334	173	1
334	172	1
334	171	1
334	170	1
334	169	1
334	168	1
334	167	1
334	166	1
334	165	1
334	164	1
334	163	1
334	162	1
334	161	1
334	160	1
334	159	1
334	158	1
334	157	1
334	156	1
334	155	1
334	154	1
334	153	1
334	152	1
334	151	1
334	150	1
334	149	1
334	148	1
334	147	1
334	146	1
334	145	1
334	144	1
334	143	1
334	142	1
334	141	1
334	140	1
334	139	2
334	138	2
334	137	2
334	136	2
334	135	1
334	134	1
334	133	1
334	132	1
334	131	1
334	130	1
334	129	1
334	128	1
334	127	1
334	126	1
334	125	1
334	124	1
334	123	2
334	122	2
334	121	1
334	120	1
334	119	1
334	118	2
334	117	2
334	116	2
334	115	2
334	114	1
334	113	1
334	112	1
334	111	1
334	110	1
334	109	2
334	108	2
334	107	2
334	106	1
334	105	1
334	104	1
334	103	1
334	102	1
334	101	1
334	100	1
334	99	1
334	98	1
334	97	1
334	96	1
334	95	1
334	94	1
334	93	1
334	92	1
334	91	1
334	90	1
334	89	1
334	88	1
334	87	1
334	86	1
334	85	1
334	84	1
334	83	1
334	82	1
334	81	1
334	80	1
334	79	1
334	78	1
334	77	1
334	76	1
334	75	1
334	74	1
334	73	1
334	72	1
334	71	1
334	70	1
334	69	1
334	68	1
334	67	1
334	66	1
334	65	1
334	64	1
334	63	1
334	62	1
334	61	1
334	60	1
334	59	1
334	58	1
334	57	1
334	56	1
334	55	1
334	54	1
334	53	1
334	52	1
334	51	1
334	50	1
334	49	1
334	48	1
334	47	1
334	46	1
334	45	1
334	44	1
334	43	1
334	42	1
334	41	1
334	40	1
334	39	1
334	38	1
334	37	1
334	36	1
334	35	1
334	34	1
334	33	1
334	32	1
334	31	1
334	30	1
334	29	1
334	28	1
334	27	1
334	26	1
334	25	1
334	24	1
334	23	1
334	22	1
334	21	1
334	20	1
334	19	1
334	18	1
334	17	1
334	16	1
334	15	1
334	14	1
334	13	1
334	12	1
334	11	1
334	10	1
334	9	1
334	8	1
334	7	1
334	6	1
334	5	1
334	4	1
334	3	1
334	2	1
334	1	1
335	216	1
335	215	1
335	214	1
335	213	1
335	212	1
335	211	1
335	210	1
335	209	1
335	208	1
335	207	1
335	206	1
335	205	1
335	204	1
335	203	1
335	202	1
335	201	1
335	200	1
335	199	1
335	198	1
335	197	1
335	196	1
335	195	1
335	194	1
335	193	1
335	192	1
335	191	1
335	190	1
335	189	1
335	188	1
335	187	1
335	186	1
335	185	1
335	184	1
335	183	1
335	182	1
335	181	1
335	180	1
335	179	1
335	178	1
335	177	1
335	176	1
335	175	1
335	174	1
335	173	1
335	172	1
335	171	1
335	170	1
335	169	1
335	168	1
335	167	1
335	166	1
335	165	1
335	164	1
335	163	1
335	162	1
335	161	1
335	160	1
335	159	1
335	158	1
335	157	1
335	156	1
335	155	1
335	154	1
335	153	1
335	152	1
335	151	1
335	150	1
335	149	1
335	148	1
335	147	1
335	146	1
335	145	1
335	144	1
335	143	1
335	142	1
335	141	1
335	140	1
335	139	1
335	138	2
335	137	2
335	136	2
335	135	2
335	134	1
335	133	1
335	132	1
335	131	1
335	130	1
335	129	1
335	128	1
335	127	1
335	126	1
335	125	1
335	124	2
335	123	2
335	122	1
335	121	1
335	120	1
335	119	1
335	118	2
335	117	2
335	116	2
335	115	2
335	114	1
335	113	1
335	112	1
335	111	1
335	110	2
335	109	2
335	108	2
335	107	1
335	106	1
335	105	1
335	104	1
335	103	1
335	102	1
335	101	1
335	100	1
335	99	1
335	98	1
335	97	1
335	96	1
335	95	1
335	94	1
335	93	1
335	92	1
335	91	1
335	90	1
335	89	1
335	88	1
335	87	1
335	86	1
335	85	1
335	84	1
335	83	1
335	82	1
335	81	1
335	80	1
335	79	1
335	78	1
335	77	1
335	76	1
335	75	1
335	74	1
335	73	1
335	72	1
335	71	1
335	70	1
335	69	1
335	68	1
335	67	1
335	66	1
335	65	1
335	64	1
335	63	1
335	62	1
335	61	1
335	60	1
335	59	1
335	58	1
335	57	1
335	56	1
335	55	1
335	54	1
335	53	1
335	52	1
335	51	1
335	50	1
335	49	1
335	48	1
335	47	1
335	46	1
335	45	1
335	44	1
335	43	1
335	42	1
335	41	1
335	40	1
335	39	1
335	38	1
335	37	1
335	36	1
335	35	1
335	34	1
335	33	1
335	32	1
335	31	1
335	30	1
335	29	1
335	28	1
335	27	1
335	26	1
335	25	1
335	24	1
335	23	1
335	22	1
335	21	1
335	20	1
335	19	1
335	18	1
335	17	1
335	16	1
335	15	1
335	14	1
335	13	1
335	12	1
335	11	1
335	10	1
335	9	1
335	8	1
335	7	1
335	6	1
335	5	1
335	4	1
335	3	1
335	2	1
335	1	1
336	216	1
336	215	1
336	214	1
336	213	1
336	212	1
336	211	1
336	210	1
336	209	1
336	208	1
336	207	1
336	206	1
336	205	1
336	204	1
336	203	1
336	202	1
336	201	1
336	200	1
336	199	1
336	198	1
336	197	1
336	196	1
336	195	1
336	194	1
336	193	1
336	192	1
336	191	1
336	190	1
336	189	1
336	188	1
336	187	1
336	186	1
336	185	1
336	184	1
336	183	1
336	182	1
336	181	1
336	180	1
336	179	1
336	178	1
336	177	1
336	176	1
336	175	1
336	174	1
336	173	1
336	172	1
336	171	1
336	170	1
336	169	1
336	168	1
336	167	1
336	166	1
336	165	1
336	164	1
336	163	1
336	162	1
336	161	1
336	160	1
336	159	1
336	158	1
336	157	1
336	156	1
336	155	1
336	154	1
336	153	1
336	152	1
336	151	1
336	150	1
336	149	1
336	148	1
336	147	1
336	146	1
336	145	1
336	144	1
336	143	1
336	142	1
336	141	1
336	140	1
336	139	1
336	138	2
336	137	2
336	136	2
336	135	2
336	134	1
336	133	1
336	132	1
336	131	1
336	130	1
336	129	1
336	128	1
336	127	1
336	126	1
336	125	2
336	124	2
336	123	2
336	122	1
336	121	2
336	120	2
336	119	1
336	118	2
336	117	2
336	116	2
336	115	1
336	114	1
336	113	1
336	112	1
336	111	1
336	110	2
336	109	2
336	108	2
336	107	1
336	106	1
336	105	1
336	104	1
336	103	1
336	102	1
336	101	1
336	100	1
336	99	1
336	98	1
336	97	1
336	96	1
336	95	1
336	94	1
336	93	1
336	92	1
336	91	1
336	90	1
336	89	1
336	88	1
336	87	1
336	86	1
336	85	1
336	84	1
336	83	1
336	82	1
336	81	1
336	80	1
336	79	1
336	78	1
336	77	1
336	76	1
336	75	1
336	74	1
336	73	1
336	72	1
336	71	1
336	70	1
336	69	1
336	68	1
336	67	1
336	66	1
336	65	1
336	64	1
336	63	1
336	62	1
336	61	1
336	60	1
336	59	1
336	58	1
336	57	1
336	56	1
336	55	1
336	54	1
336	53	1
336	52	1
336	51	1
336	50	1
336	49	1
336	48	1
336	47	1
336	46	1
336	45	1
336	44	1
336	43	1
336	42	1
336	41	1
336	40	1
336	39	1
336	38	1
336	37	1
336	36	1
336	35	1
336	34	1
336	33	1
336	32	1
336	31	1
336	30	1
336	29	1
336	28	1
336	27	1
336	26	1
336	25	1
336	24	1
336	23	1
336	22	1
336	21	1
336	20	1
336	19	1
336	18	1
336	17	1
336	16	1
336	15	1
336	14	1
336	13	1
336	12	1
336	11	1
336	10	1
336	9	1
336	8	1
336	7	1
336	6	1
336	5	1
336	4	1
336	3	1
336	2	1
336	1	1
337	216	1
337	215	1
337	214	1
337	213	1
337	212	1
337	211	1
337	210	1
337	209	1
337	208	1
337	207	1
337	206	1
337	205	1
337	204	1
337	203	1
337	202	1
337	201	1
337	200	1
337	199	1
337	198	1
337	197	1
337	196	1
337	195	1
337	194	1
337	193	1
337	192	1
337	191	1
337	190	1
337	189	1
337	188	1
337	187	1
337	186	1
337	185	1
337	184	1
337	183	1
337	182	1
337	181	1
337	180	1
337	179	1
337	178	1
337	177	1
337	176	1
337	175	1
337	174	1
337	173	1
337	172	1
337	171	1
337	170	1
337	169	1
337	168	1
337	167	1
337	166	1
337	165	1
337	164	1
337	163	1
337	162	1
337	161	1
337	160	1
337	159	1
337	158	1
337	157	1
337	156	1
337	155	1
337	154	1
337	153	1
337	152	1
337	151	1
337	150	1
337	149	1
337	148	1
337	147	1
337	146	1
337	145	1
337	144	1
337	143	1
337	142	1
337	141	1
337	140	1
337	139	1
337	138	1
337	137	2
337	136	2
337	135	2
337	134	1
337	133	1
337	132	1
337	131	1
337	130	1
337	129	1
337	128	1
337	127	1
337	126	1
337	125	2
337	124	2
337	123	2
337	122	2
337	121	2
337	120	2
337	119	1
337	118	2
337	117	2
337	116	2
337	115	2
337	114	1
337	113	1
337	112	1
337	111	2
337	110	2
337	109	2
337	108	2
337	107	1
337	106	1
337	105	2
337	104	1
337	103	1
337	102	1
337	101	1
337	100	1
337	99	1
337	98	1
337	97	1
337	96	1
337	95	1
337	94	1
337	93	1
337	92	1
337	91	1
337	90	1
337	89	1
337	88	1
337	87	1
337	86	1
337	85	1
337	84	1
337	83	1
337	82	1
337	81	1
337	80	1
337	79	1
337	78	1
337	77	1
337	76	1
337	75	1
337	74	1
337	73	1
337	72	1
337	71	1
337	70	1
337	69	1
337	68	1
337	67	1
337	66	1
337	65	1
337	64	1
337	63	1
337	62	1
337	61	1
337	60	1
337	59	1
337	58	1
337	57	1
337	56	1
337	55	1
337	54	1
337	53	1
337	52	1
337	51	1
337	50	1
337	49	1
337	48	1
337	47	1
337	46	1
337	45	1
337	44	1
337	43	1
337	42	1
337	41	1
337	40	1
337	39	1
337	38	1
337	37	1
337	36	1
337	35	1
337	34	1
337	33	1
337	32	1
337	31	1
337	30	1
337	29	1
337	28	1
337	27	1
337	26	1
337	25	1
337	24	1
337	23	1
337	22	1
337	21	1
337	20	1
337	19	1
337	18	1
337	17	1
337	16	1
337	15	1
337	14	1
337	13	1
337	12	1
337	11	1
337	10	1
337	9	1
337	8	1
337	7	1
337	6	1
337	5	1
337	4	1
337	3	1
337	2	1
337	1	1
338	216	1
338	215	1
338	214	1
338	213	1
338	212	1
338	211	1
338	210	1
338	209	1
338	208	1
338	207	1
338	206	1
338	205	1
338	204	1
338	203	1
338	202	1
338	201	1
338	200	1
338	199	1
338	198	1
338	197	1
338	196	1
338	195	1
338	194	1
338	193	1
338	192	1
338	191	1
338	190	1
338	189	1
338	188	1
338	187	1
338	186	1
338	185	1
338	184	1
338	183	1
338	182	1
338	181	1
338	180	1
338	179	1
338	178	1
338	177	1
338	176	1
338	175	1
338	174	1
338	173	1
338	172	1
338	171	1
338	170	1
338	169	1
338	168	1
338	167	1
338	166	1
338	165	1
338	164	1
338	163	1
338	162	1
338	161	1
338	160	1
338	159	1
338	158	1
338	157	1
338	156	1
338	155	1
338	154	1
338	153	1
338	152	1
338	151	1
338	150	1
338	149	1
338	148	1
338	147	1
338	146	1
338	145	1
338	144	1
338	143	1
338	142	1
338	141	2
338	140	1
338	139	1
338	138	1
338	137	2
338	136	2
338	135	2
338	134	2
338	133	1
338	132	1
338	131	1
338	130	1
338	129	1
338	128	1
338	127	1
338	126	1
338	125	2
338	124	2
338	123	2
338	122	2
338	121	2
338	120	2
338	119	1
338	118	2
338	117	2
338	116	2
338	115	2
338	114	1
338	113	1
338	112	1
338	111	2
338	110	2
338	109	2
338	108	2
338	107	2
338	106	2
338	105	1
338	104	1
338	103	1
338	102	1
338	101	1
338	100	1
338	99	1
338	98	1
338	97	1
338	96	1
338	95	1
338	94	1
338	93	1
338	92	1
338	91	1
338	90	1
338	89	1
338	88	1
338	87	1
338	86	1
338	85	1
338	84	1
338	83	1
338	82	1
338	81	1
338	80	1
338	79	1
338	78	1
338	77	1
338	76	1
338	75	1
338	74	1
338	73	1
338	72	1
338	71	1
338	70	1
338	69	1
338	68	1
338	67	1
338	66	1
338	65	1
338	64	1
338	63	1
338	62	1
338	61	1
338	60	1
338	59	1
338	58	1
338	57	1
338	56	1
338	55	1
338	54	1
338	53	1
338	52	1
338	51	1
338	50	1
338	49	1
338	48	1
338	47	1
338	46	1
338	45	1
338	44	1
338	43	1
338	42	1
338	41	1
338	40	1
338	39	1
338	38	1
338	37	1
338	36	1
338	35	1
338	34	1
338	33	1
338	32	1
338	31	1
338	30	1
338	29	1
338	28	1
338	27	1
338	26	1
338	25	1
338	24	1
338	23	1
338	22	1
338	21	1
338	20	1
338	19	1
338	18	1
338	17	1
338	16	1
338	15	1
338	14	1
338	13	1
338	12	1
338	11	1
338	10	1
338	9	1
338	8	1
338	7	1
338	6	1
338	5	1
338	4	1
338	3	1
338	2	1
338	1	1
339	216	1
339	215	1
339	214	1
339	213	1
339	212	1
339	211	1
339	210	1
339	209	1
339	208	1
339	207	1
339	206	1
339	205	1
339	204	1
339	203	1
339	202	1
339	201	1
339	200	1
339	199	1
339	198	1
339	197	1
339	196	1
339	195	1
339	194	1
339	193	1
339	192	1
339	191	1
339	190	1
339	189	1
339	188	1
339	187	1
339	186	1
339	185	1
339	184	1
339	183	1
339	182	1
339	181	1
339	180	1
339	179	1
339	178	1
339	177	1
339	176	1
339	175	1
339	174	1
339	173	1
339	172	1
339	171	1
339	170	1
339	169	1
339	168	1
339	167	1
339	166	1
339	165	1
339	164	1
339	163	1
339	162	1
339	161	1
339	160	1
339	159	1
339	158	1
339	157	1
339	156	1
339	155	1
339	154	1
339	153	1
339	152	1
339	151	1
339	150	1
339	149	1
339	148	1
339	147	1
339	146	1
339	145	1
339	144	1
339	143	1
339	142	1
339	141	1
339	140	1
339	139	1
339	138	1
339	137	1
339	136	2
339	135	2
339	134	2
339	133	2
339	132	1
339	131	1
339	130	1
339	129	1
339	128	1
339	127	1
339	126	2
339	125	2
339	124	2
339	123	2
339	122	2
339	121	2
339	120	1
339	119	1
339	118	1
339	117	2
339	116	2
339	115	2
339	114	1
339	113	1
339	112	1
339	111	1
339	110	2
339	109	2
339	108	1
339	107	1
339	106	1
339	105	1
339	104	1
339	103	1
339	102	1
339	101	1
339	100	1
339	99	1
339	98	1
339	97	1
339	96	1
339	95	1
339	94	1
339	93	1
339	92	1
339	91	1
339	90	1
339	89	1
339	88	1
339	87	1
339	86	1
339	85	1
339	84	1
339	83	1
339	82	1
339	81	1
339	80	1
339	79	1
339	78	1
339	77	1
339	76	1
339	75	1
339	74	1
339	73	1
339	72	1
339	71	1
339	70	1
339	69	1
339	68	1
339	67	1
339	66	1
339	65	1
339	64	1
339	63	1
339	62	1
339	61	1
339	60	1
339	59	1
339	58	1
339	57	1
339	56	1
339	55	1
339	54	1
339	53	1
339	52	1
339	51	1
339	50	1
339	49	1
339	48	1
339	47	1
339	46	1
339	45	1
339	44	1
339	43	1
339	42	1
339	41	1
339	40	1
339	39	1
339	38	1
339	37	1
339	36	1
339	35	1
339	34	1
339	33	1
339	32	1
339	31	1
339	30	1
339	29	1
339	28	1
339	27	1
339	26	1
339	25	1
339	24	1
339	23	1
339	22	1
339	21	1
339	20	1
339	19	1
339	18	1
339	17	1
339	16	1
339	15	1
339	14	1
339	13	1
339	12	1
339	11	1
339	10	1
339	9	1
339	8	1
339	7	1
339	6	1
339	5	1
339	4	1
339	3	1
339	2	1
339	1	1
340	216	1
340	215	1
340	214	1
340	213	1
340	212	1
340	211	1
340	210	1
340	209	1
340	208	1
340	207	1
340	206	1
340	205	1
340	204	1
340	203	1
340	202	1
340	201	1
340	200	1
340	199	1
340	198	1
340	197	1
340	196	1
340	195	1
340	194	1
340	193	1
340	192	1
340	191	1
340	190	1
340	189	1
340	188	1
340	187	1
340	186	1
340	185	1
340	184	1
340	183	1
340	182	1
340	181	1
340	180	1
340	179	1
340	178	1
340	177	1
340	176	1
340	175	1
340	174	1
340	173	1
340	172	1
340	171	1
340	170	1
340	169	1
340	168	1
340	167	1
340	166	1
340	165	1
340	164	1
340	163	1
340	162	1
340	161	1
340	160	1
340	159	1
340	158	1
340	157	1
340	156	1
340	155	1
340	154	1
340	153	1
340	152	1
340	151	1
340	150	1
340	149	1
340	148	1
340	147	1
340	146	1
340	145	1
340	144	1
340	143	1
340	142	1
340	141	1
340	140	1
340	139	1
340	138	1
340	137	1
340	136	2
340	135	2
340	134	2
340	133	2
340	132	1
340	131	1
340	130	1
340	129	1
340	128	1
340	127	1
340	126	1
340	125	2
340	124	2
340	123	2
340	122	2
340	121	2
340	120	2
340	119	1
340	118	1
340	117	2
340	116	2
340	115	2
340	114	1
340	113	1
340	112	1
340	111	1
340	110	1
340	109	1
340	108	1
340	107	1
340	106	1
340	105	1
340	104	1
340	103	1
340	102	1
340	101	1
340	100	1
340	99	1
340	98	1
340	97	1
340	96	1
340	95	1
340	94	1
340	93	1
340	92	1
340	91	1
340	90	1
340	89	1
340	88	1
340	87	1
340	86	1
340	85	1
340	84	1
340	83	1
340	82	1
340	81	1
340	80	1
340	79	1
340	78	1
340	77	1
340	76	1
340	75	1
340	74	1
340	73	1
340	72	1
340	71	1
340	70	1
340	69	1
340	68	1
340	67	1
340	66	1
340	65	1
340	64	1
340	63	1
340	62	1
340	61	1
340	60	1
340	59	1
340	58	1
340	57	1
340	56	1
340	55	1
340	54	1
340	53	1
340	52	1
340	51	1
340	50	1
340	49	1
340	48	1
340	47	1
340	46	1
340	45	1
340	44	1
340	43	1
340	42	1
340	41	1
340	40	1
340	39	1
340	38	1
340	37	1
340	36	1
340	35	1
340	34	1
340	33	1
340	32	1
340	31	1
340	30	1
340	29	1
340	28	1
340	27	1
340	26	1
340	25	1
340	24	1
340	23	1
340	22	1
340	21	1
340	20	1
340	19	1
340	18	1
340	17	1
340	16	1
340	15	1
340	14	1
340	13	1
340	12	1
340	11	1
340	10	1
340	9	1
340	8	1
340	7	1
340	6	1
340	5	1
340	4	1
340	3	1
340	2	1
340	1	1
341	216	1
341	215	1
341	214	1
341	213	1
341	212	1
341	211	1
341	210	1
341	209	1
341	208	1
341	207	1
341	206	1
341	205	1
341	204	1
341	203	1
341	202	1
341	201	1
341	200	1
341	199	1
341	198	1
341	197	1
341	196	1
341	195	1
341	194	1
341	193	1
341	192	1
341	191	1
341	190	1
341	189	1
341	188	1
341	187	1
341	186	1
341	185	1
341	184	1
341	183	1
341	182	1
341	181	1
341	180	1
341	179	1
341	178	1
341	177	1
341	176	1
341	175	1
341	174	1
341	173	1
341	172	1
341	171	1
341	170	1
341	169	1
341	168	1
341	167	1
341	166	1
341	165	1
341	164	1
341	163	1
341	162	1
341	161	1
341	160	1
341	159	1
341	158	1
341	157	1
341	156	1
341	155	1
341	154	1
341	153	1
341	152	1
341	151	1
341	150	1
341	149	1
341	148	1
341	147	1
341	146	1
341	145	1
341	144	1
341	143	1
341	142	1
341	141	1
341	140	1
341	139	1
341	138	1
341	137	1
341	136	1
341	135	2
341	134	2
341	133	2
341	132	1
341	131	1
341	130	1
341	129	1
341	128	2
341	127	2
341	126	2
341	125	2
341	124	2
341	123	2
341	122	2
341	121	2
341	120	2
341	119	1
341	118	1
341	117	2
341	116	2
341	115	2
341	114	1
341	113	1
341	112	1
341	111	1
341	110	1
341	109	1
341	108	1
341	107	1
341	106	1
341	105	1
341	104	1
341	103	1
341	102	1
341	101	1
341	100	1
341	99	1
341	98	1
341	97	1
341	96	1
341	95	1
341	94	1
341	93	1
341	92	1
341	91	1
341	90	1
341	89	1
341	88	1
341	87	1
341	86	1
341	85	1
341	84	1
341	83	1
341	82	1
341	81	1
341	80	1
341	79	1
341	78	1
341	77	1
341	76	1
341	75	1
341	74	1
341	73	1
341	72	1
341	71	1
341	70	1
341	69	1
341	68	1
341	67	1
341	66	1
341	65	1
341	64	1
341	63	1
341	62	1
341	61	1
341	60	1
341	59	1
341	58	1
341	57	1
341	56	1
341	55	1
341	54	1
341	53	1
341	52	1
341	51	1
341	50	1
341	49	1
341	48	1
341	47	1
341	46	1
341	45	1
341	44	1
341	43	1
341	42	1
341	41	1
341	40	1
341	39	1
341	38	1
341	37	1
341	36	1
341	35	1
341	34	1
341	33	1
341	32	1
341	31	1
341	30	1
341	29	1
341	28	1
341	27	1
341	26	1
341	25	1
341	24	1
341	23	1
341	22	1
341	21	1
341	20	1
341	19	1
341	18	1
341	17	1
341	16	1
341	15	1
341	14	1
341	13	1
341	12	1
341	11	1
341	10	1
341	9	1
341	8	1
341	7	1
341	6	1
341	5	1
341	4	1
341	3	1
341	2	1
341	1	1
342	216	1
342	215	1
342	214	1
342	213	1
342	212	1
342	211	1
342	210	1
342	209	1
342	208	1
342	207	1
342	206	1
342	205	1
342	204	1
342	203	1
342	202	1
342	201	1
342	200	1
342	199	1
342	198	1
342	197	1
342	196	1
342	195	1
342	194	1
342	193	1
342	192	1
342	191	1
342	190	1
342	189	1
342	188	1
342	187	1
342	186	1
342	185	1
342	184	1
342	183	1
342	182	1
342	181	1
342	180	1
342	179	1
342	178	1
342	177	1
342	176	1
342	175	1
342	174	1
342	173	1
342	172	1
342	171	1
342	170	1
342	169	1
342	168	1
342	167	1
342	166	1
342	165	1
342	164	1
342	163	1
342	162	1
342	161	1
342	160	1
342	159	1
342	158	1
342	157	1
342	156	1
342	155	1
342	154	1
342	153	1
342	152	1
342	151	1
342	150	1
342	149	1
342	148	1
342	147	1
342	146	1
342	145	1
342	144	1
342	143	1
342	142	1
342	141	1
342	140	1
342	139	1
342	138	1
342	137	1
342	136	1
342	135	2
342	134	2
342	133	2
342	132	2
342	131	1
342	130	1
342	129	1
342	128	2
342	127	2
342	126	2
342	125	2
342	124	2
342	123	2
342	122	2
342	121	2
342	120	2
342	119	1
342	118	2
342	117	2
342	116	2
342	115	2
342	114	1
342	113	1
342	112	1
342	111	1
342	110	1
342	109	1
342	108	1
342	107	1
342	106	1
342	105	1
342	104	1
342	103	1
342	102	1
342	101	1
342	100	1
342	99	1
342	98	1
342	97	1
342	96	1
342	95	1
342	94	1
342	93	1
342	92	1
342	91	1
342	90	1
342	89	1
342	88	1
342	87	1
342	86	1
342	85	1
342	84	1
342	83	1
342	82	1
342	81	1
342	80	1
342	79	1
342	78	1
342	77	1
342	76	1
342	75	1
342	74	1
342	73	1
342	72	1
342	71	1
342	70	1
342	69	1
342	68	1
342	67	1
342	66	1
342	65	1
342	64	1
342	63	1
342	62	1
342	61	1
342	60	1
342	59	1
342	58	1
342	57	1
342	56	1
342	55	1
342	54	1
342	53	1
342	52	1
342	51	1
342	50	1
342	49	1
342	48	1
342	47	1
342	46	1
342	45	1
342	44	1
342	43	1
342	42	1
342	41	1
342	40	1
342	39	1
342	38	1
342	37	1
342	36	1
342	35	1
342	34	1
342	33	1
342	32	1
342	31	1
342	30	1
342	29	1
342	28	1
342	27	1
342	26	1
342	25	1
342	24	1
342	23	1
342	22	1
342	21	1
342	20	1
342	19	1
342	18	1
342	17	1
342	16	1
342	15	1
342	14	1
342	13	1
342	12	1
342	11	1
342	10	1
342	9	1
342	8	1
342	7	1
342	6	1
342	5	1
342	4	1
342	3	1
342	2	1
342	1	1
343	216	1
343	215	1
343	214	1
343	213	1
343	212	1
343	211	1
343	210	1
343	209	1
343	208	1
343	207	1
343	206	1
343	205	1
343	204	1
343	203	1
343	202	1
343	201	1
343	200	1
343	199	1
343	198	1
343	197	1
343	196	1
343	195	1
343	194	1
343	193	1
343	192	1
343	191	1
343	190	1
343	189	1
343	188	1
343	187	1
343	186	1
343	185	1
343	184	1
343	183	1
343	182	1
343	181	1
343	180	1
343	179	1
343	178	1
343	177	1
343	176	1
343	175	1
343	174	1
343	173	1
343	172	1
343	171	1
343	170	1
343	169	1
343	168	1
343	167	1
343	166	1
343	165	1
343	164	1
343	163	1
343	162	1
343	161	1
343	160	1
343	159	1
343	158	1
343	157	1
343	156	1
343	155	1
343	154	1
343	153	1
343	152	1
343	151	1
343	150	1
343	149	1
343	148	1
343	147	1
343	146	1
343	145	1
343	144	1
343	143	1
343	142	1
343	141	1
343	140	1
343	139	1
343	138	1
343	137	1
343	136	1
343	135	1
343	134	2
343	133	2
343	132	2
343	131	2
343	130	1
343	129	1
343	128	2
343	127	2
343	126	2
343	125	2
343	124	2
343	123	2
343	122	2
343	121	2
343	120	2
343	119	1
343	118	1
343	117	2
343	116	2
343	115	2
343	114	1
343	113	2
343	112	2
343	111	1
343	110	1
343	109	1
343	108	1
343	107	1
343	106	1
343	105	1
343	104	1
343	103	1
343	102	1
343	101	1
343	100	1
343	99	1
343	98	1
343	97	1
343	96	1
343	95	1
343	94	1
343	93	1
343	92	1
343	91	1
343	90	1
343	89	1
343	88	1
343	87	1
343	86	1
343	85	1
343	84	1
343	83	1
343	82	1
343	81	1
343	80	1
343	79	1
343	78	1
343	77	1
343	76	1
343	75	1
343	74	1
343	73	1
343	72	1
343	71	1
343	70	1
343	69	1
343	68	1
343	67	1
343	66	1
343	65	1
343	64	1
343	63	1
343	62	1
343	61	1
343	60	1
343	59	1
343	58	1
343	57	1
343	56	1
343	55	1
343	54	1
343	53	1
343	52	1
343	51	1
343	50	1
343	49	1
343	48	1
343	47	1
343	46	1
343	45	1
343	44	1
343	43	1
343	42	1
343	41	1
343	40	1
343	39	1
343	38	1
343	37	1
343	36	1
343	35	1
343	34	1
343	33	1
343	32	1
343	31	1
343	30	1
343	29	1
343	28	1
343	27	1
343	26	1
343	25	1
343	24	1
343	23	1
343	22	1
343	21	1
343	20	1
343	19	1
343	18	1
343	17	1
343	16	1
343	15	1
343	14	1
343	13	1
343	12	1
343	11	1
343	10	1
343	9	1
343	8	1
343	7	1
343	6	1
343	5	1
343	4	1
343	3	1
343	2	1
343	1	1
344	216	1
344	215	1
344	214	1
344	213	1
344	212	1
344	211	1
344	210	1
344	209	1
344	208	1
344	207	1
344	206	1
344	205	1
344	204	1
344	203	1
344	202	1
344	201	1
344	200	1
344	199	1
344	198	1
344	197	1
344	196	1
344	195	1
344	194	1
344	193	1
344	192	1
344	191	1
344	190	1
344	189	1
344	188	1
344	187	1
344	186	1
344	185	1
344	184	1
344	183	1
344	182	1
344	181	1
344	180	1
344	179	1
344	178	1
344	177	1
344	176	1
344	175	1
344	174	1
344	173	1
344	172	1
344	171	1
344	170	1
344	169	1
344	168	1
344	167	1
344	166	1
344	165	1
344	164	1
344	163	1
344	162	1
344	161	1
344	160	1
344	159	1
344	158	1
344	157	1
344	156	1
344	155	1
344	154	1
344	153	1
344	152	1
344	151	1
344	150	1
344	149	1
344	148	1
344	147	1
344	146	1
344	145	1
344	144	1
344	143	1
344	142	1
344	141	1
344	140	1
344	139	1
344	138	1
344	137	1
344	136	1
344	135	1
344	134	1
344	133	2
344	132	2
344	131	2
344	130	1
344	129	2
344	128	2
344	127	2
344	126	2
344	125	2
344	124	2
344	123	2
344	122	2
344	121	2
344	120	2
344	119	1
344	118	1
344	117	2
344	116	2
344	115	2
344	114	2
344	113	2
344	112	2
344	111	2
344	110	1
344	109	1
344	108	1
344	107	1
344	106	1
344	105	1
344	104	1
344	103	1
344	102	1
344	101	1
344	100	1
344	99	1
344	98	1
344	97	1
344	96	1
344	95	1
344	94	1
344	93	1
344	92	1
344	91	1
344	90	1
344	89	1
344	88	1
344	87	1
344	86	1
344	85	1
344	84	1
344	83	1
344	82	1
344	81	1
344	80	1
344	79	1
344	78	1
344	77	1
344	76	1
344	75	1
344	74	1
344	73	1
344	72	1
344	71	1
344	70	1
344	69	1
344	68	1
344	67	1
344	66	1
344	65	1
344	64	1
344	63	1
344	62	1
344	61	1
344	60	1
344	59	1
344	58	1
344	57	1
344	56	1
344	55	1
344	54	1
344	53	1
344	52	1
344	51	1
344	50	1
344	49	1
344	48	1
344	47	1
344	46	1
344	45	1
344	44	1
344	43	1
344	42	1
344	41	1
344	40	1
344	39	1
344	38	1
344	37	1
344	36	1
344	35	1
344	34	1
344	33	1
344	32	1
344	31	1
344	30	1
344	29	1
344	28	1
344	27	1
344	26	1
344	25	1
344	24	1
344	23	1
344	22	1
344	21	1
344	20	1
344	19	1
344	18	1
344	17	1
344	16	1
344	15	1
344	14	1
344	13	1
344	12	1
344	11	1
344	10	1
344	9	1
344	8	1
344	7	1
344	6	1
344	5	1
344	4	1
344	3	1
344	2	1
344	1	1
345	216	1
345	215	1
345	214	1
345	213	1
345	212	1
345	211	1
345	210	1
345	209	1
345	208	1
345	207	1
345	206	1
345	205	1
345	204	1
345	203	1
345	202	1
345	201	1
345	200	1
345	199	1
345	198	1
345	197	1
345	196	1
345	195	1
345	194	1
345	193	1
345	192	1
345	191	1
345	190	1
345	189	1
345	188	1
345	187	1
345	186	1
345	185	1
345	184	1
345	183	1
345	182	1
345	181	1
345	180	1
345	179	1
345	178	1
345	177	1
345	176	1
345	175	1
345	174	1
345	173	1
345	172	1
345	171	1
345	170	1
345	169	1
345	168	1
345	167	1
345	166	1
345	165	1
345	164	1
345	163	1
345	162	1
345	161	1
345	160	1
345	159	1
345	158	1
345	157	1
345	156	1
345	155	1
345	154	1
345	153	1
345	152	1
345	151	1
345	150	1
345	149	1
345	148	1
345	147	1
345	146	1
345	145	1
345	144	1
345	143	1
345	142	1
345	141	1
345	140	1
345	139	2
345	138	2
345	137	2
345	136	2
345	135	1
345	134	1
345	133	2
345	132	2
345	131	2
345	130	2
345	129	2
345	128	2
345	127	2
345	126	2
345	125	2
345	124	2
345	123	2
345	122	2
345	121	2
345	120	2
345	119	1
345	118	1
345	117	2
345	116	2
345	115	2
345	114	1
345	113	1
345	112	2
345	111	2
345	110	2
345	109	1
345	108	1
345	107	1
345	106	1
345	105	1
345	104	1
345	103	1
345	102	1
345	101	1
345	100	1
345	99	1
345	98	1
345	97	1
345	96	1
345	95	1
345	94	1
345	93	1
345	92	1
345	91	1
345	90	1
345	89	1
345	88	1
345	87	1
345	86	1
345	85	1
345	84	1
345	83	1
345	82	1
345	81	1
345	80	1
345	79	1
345	78	1
345	77	1
345	76	1
345	75	1
345	74	1
345	73	1
345	72	1
345	71	1
345	70	1
345	69	1
345	68	1
345	67	1
345	66	1
345	65	1
345	64	1
345	63	1
345	62	1
345	61	1
345	60	1
345	59	1
345	58	1
345	57	1
345	56	1
345	55	1
345	54	1
345	53	1
345	52	1
345	51	1
345	50	1
345	49	1
345	48	1
345	47	1
345	46	1
345	45	1
345	44	1
345	43	1
345	42	1
345	41	1
345	40	1
345	39	1
345	38	1
345	37	1
345	36	1
345	35	1
345	34	1
345	33	1
345	32	1
345	31	1
345	30	1
345	29	1
345	28	1
345	27	1
345	26	1
345	25	1
345	24	1
345	23	1
345	22	1
345	21	1
345	20	1
345	19	1
345	18	1
345	17	1
345	16	1
345	15	1
345	14	1
345	13	1
345	12	1
345	11	1
345	10	1
345	9	1
345	8	1
345	7	1
345	6	1
345	5	1
345	4	1
345	3	1
345	2	1
345	1	1
346	216	1
346	215	1
346	214	1
346	213	1
346	212	1
346	211	1
346	210	1
346	209	1
346	208	1
346	207	1
346	206	1
346	205	1
346	204	1
346	203	1
346	202	1
346	201	1
346	200	1
346	199	1
346	198	1
346	197	1
346	196	1
346	195	1
346	194	1
346	193	1
346	192	1
346	191	1
346	190	1
346	189	1
346	188	1
346	187	1
346	186	1
346	185	1
346	184	1
346	183	1
346	182	1
346	181	1
346	180	1
346	179	1
346	178	1
346	177	1
346	176	1
346	175	1
346	174	1
346	173	1
346	172	1
346	171	1
346	170	1
346	169	1
346	168	1
346	167	1
346	166	1
346	165	1
346	164	1
346	163	1
346	162	1
346	161	1
346	160	1
346	159	1
346	158	2
346	157	1
346	156	1
346	155	1
346	154	1
346	153	1
346	152	1
346	151	1
346	150	1
346	149	1
346	148	1
346	147	1
346	146	1
346	145	1
346	144	1
346	143	1
346	142	1
346	141	2
346	140	2
346	139	1
346	138	1
346	137	1
346	136	2
346	135	1
346	134	1
346	133	1
346	132	2
346	131	2
346	130	2
346	129	2
346	128	2
346	127	2
346	126	2
346	125	2
346	124	2
346	123	1
346	122	1
346	121	2
346	120	2
346	119	2
346	118	2
346	117	2
346	116	2
346	115	1
346	114	1
346	113	1
346	112	2
346	111	2
346	110	2
346	109	1
346	108	1
346	107	1
346	106	1
346	105	1
346	104	1
346	103	1
346	102	1
346	101	1
346	100	1
346	99	1
346	98	1
346	97	1
346	96	1
346	95	1
346	94	1
346	93	1
346	92	1
346	91	1
346	90	1
346	89	1
346	88	1
346	87	1
346	86	1
346	85	1
346	84	1
346	83	1
346	82	1
346	81	1
346	80	1
346	79	1
346	78	1
346	77	1
346	76	1
346	75	1
346	74	1
346	73	1
346	72	1
346	71	1
346	70	1
346	69	1
346	68	1
346	67	1
346	66	1
346	65	1
346	64	1
346	63	1
346	62	1
346	61	1
346	60	1
346	59	1
346	58	1
346	57	1
346	56	1
346	55	1
346	54	1
346	53	1
346	52	1
346	51	1
346	50	1
346	49	1
346	48	1
346	47	1
346	46	1
346	45	1
346	44	1
346	43	1
346	42	1
346	41	1
346	40	1
346	39	1
346	38	1
346	37	1
346	36	1
346	35	1
346	34	1
346	33	1
346	32	1
346	31	1
346	30	1
346	29	1
346	28	1
346	27	1
346	26	1
346	25	1
346	24	1
346	23	1
346	22	1
346	21	1
346	20	1
346	19	1
346	18	1
346	17	1
346	16	1
346	15	1
346	14	1
346	13	1
346	12	1
346	11	1
346	10	1
346	9	1
346	8	1
346	7	1
346	6	1
346	5	1
346	4	1
346	3	1
346	2	1
346	1	1
347	216	1
347	215	1
347	214	1
347	213	1
347	212	1
347	211	1
347	210	1
347	209	1
347	208	1
347	207	1
347	206	1
347	205	1
347	204	1
347	203	1
347	202	1
347	201	1
347	200	1
347	199	1
347	198	1
347	197	1
347	196	1
347	195	1
347	194	1
347	193	1
347	192	1
347	191	1
347	190	1
347	189	1
347	188	1
347	187	1
347	186	1
347	185	1
347	184	1
347	183	1
347	182	1
347	181	1
347	180	1
347	179	1
347	178	1
347	177	1
347	176	1
347	175	1
347	174	1
347	173	1
347	172	1
347	171	1
347	170	1
347	169	1
347	168	1
347	167	1
347	166	1
347	165	1
347	164	1
347	163	1
347	162	1
347	161	1
347	160	1
347	159	2
347	158	2
347	157	2
347	156	2
347	155	1
347	154	1
347	153	1
347	152	1
347	151	1
347	150	1
347	149	1
347	148	1
347	147	1
347	146	1
347	145	1
347	144	1
347	143	1
347	142	1
347	141	1
347	140	1
347	139	1
347	138	1
347	137	1
347	136	1
347	135	1
347	134	1
347	133	1
347	132	2
347	131	2
347	130	2
347	129	2
347	128	2
347	127	2
347	126	2
347	125	2
347	124	2
347	123	1
347	122	2
347	121	2
347	120	2
347	119	2
347	118	2
347	117	2
347	116	2
347	115	1
347	114	1
347	113	1
347	112	2
347	111	2
347	110	2
347	109	1
347	108	1
347	107	1
347	106	1
347	105	1
347	104	1
347	103	1
347	102	1
347	101	1
347	100	1
347	99	1
347	98	1
347	97	1
347	96	1
347	95	1
347	94	1
347	93	1
347	92	1
347	91	1
347	90	1
347	89	1
347	88	1
347	87	1
347	86	1
347	85	1
347	84	1
347	83	1
347	82	1
347	81	1
347	80	1
347	79	1
347	78	1
347	77	1
347	76	1
347	75	1
347	74	1
347	73	1
347	72	1
347	71	1
347	70	1
347	69	1
347	68	1
347	67	1
347	66	1
347	65	1
347	64	1
347	63	1
347	62	1
347	61	1
347	60	1
347	59	1
347	58	1
347	57	1
347	56	1
347	55	1
347	54	1
347	53	1
347	52	1
347	51	1
347	50	1
347	49	1
347	48	1
347	47	1
347	46	1
347	45	1
347	44	1
347	43	1
347	42	1
347	41	1
347	40	1
347	39	1
347	38	1
347	37	1
347	36	1
347	35	1
347	34	1
347	33	1
347	32	1
347	31	1
347	30	1
347	29	1
347	28	1
347	27	1
347	26	1
347	25	1
347	24	1
347	23	1
347	22	1
347	21	1
347	20	1
347	19	1
347	18	1
347	17	1
347	16	1
347	15	1
347	14	1
347	13	1
347	12	1
347	11	1
347	10	1
347	9	1
347	8	1
347	7	1
347	6	1
347	5	1
347	4	1
347	3	1
347	2	1
347	1	1
348	216	1
348	215	1
348	214	1
348	213	1
348	212	1
348	211	1
348	210	1
348	209	1
348	208	1
348	207	1
348	206	1
348	205	1
348	204	1
348	203	1
348	202	1
348	201	1
348	200	1
348	199	1
348	198	1
348	197	1
348	196	1
348	195	1
348	194	1
348	193	1
348	192	1
348	191	1
348	190	1
348	189	1
348	188	1
348	187	1
348	186	1
348	185	1
348	184	1
348	183	1
348	182	1
348	181	1
348	180	1
348	179	1
348	178	1
348	177	1
348	176	1
348	175	1
348	174	1
348	173	1
348	172	1
348	171	1
348	170	1
348	169	1
348	168	1
348	167	1
348	166	1
348	165	1
348	164	1
348	163	1
348	162	1
348	161	1
348	160	1
348	159	1
348	158	1
348	157	2
348	156	2
348	155	1
348	154	1
348	153	1
348	152	1
348	151	1
348	150	1
348	149	1
348	148	1
348	147	1
348	146	1
348	145	1
348	144	1
348	143	1
348	142	1
348	141	1
348	140	1
348	139	1
348	138	1
348	137	1
348	136	1
348	135	1
348	134	1
348	133	1
348	132	2
348	131	2
348	130	2
348	129	2
348	128	2
348	127	1
348	126	1
348	125	1
348	124	2
348	123	2
348	122	2
348	121	2
348	120	2
348	119	2
348	118	2
348	117	2
348	116	2
348	115	2
348	114	2
348	113	2
348	112	2
348	111	2
348	110	2
348	109	1
348	108	1
348	107	1
348	106	1
348	105	1
348	104	1
348	103	1
348	102	1
348	101	1
348	100	1
348	99	1
348	98	1
348	97	1
348	96	1
348	95	1
348	94	2
348	93	2
348	92	2
348	91	1
348	90	1
348	89	1
348	88	1
348	87	1
348	86	1
348	85	1
348	84	1
348	83	1
348	82	1
348	81	1
348	80	1
348	79	1
348	78	1
348	77	1
348	76	1
348	75	1
348	74	1
348	73	1
348	72	1
348	71	1
348	70	1
348	69	1
348	68	1
348	67	1
348	66	1
348	65	1
348	64	1
348	63	1
348	62	1
348	61	1
348	60	1
348	59	1
348	58	1
348	57	1
348	56	1
348	55	1
348	54	1
348	53	1
348	52	1
348	51	1
348	50	1
348	49	1
348	48	1
348	47	1
348	46	1
348	45	1
348	44	1
348	43	1
348	42	1
348	41	1
348	40	1
348	39	1
348	38	1
348	37	1
348	36	1
348	35	1
348	34	1
348	33	1
348	32	1
348	31	1
348	30	1
348	29	1
348	28	1
348	27	1
348	26	1
348	25	1
348	24	1
348	23	1
348	22	1
348	21	1
348	20	1
348	19	1
348	18	1
348	17	1
348	16	1
348	15	1
348	14	1
348	13	1
348	12	1
348	11	1
348	10	1
348	9	1
348	8	1
348	7	1
348	6	1
348	5	1
348	4	1
348	3	1
348	2	1
348	1	1
349	216	1
349	215	1
349	214	1
349	213	1
349	212	1
349	211	1
349	210	1
349	209	1
349	208	1
349	207	1
349	206	1
349	205	1
349	204	1
349	203	1
349	202	1
349	201	1
349	200	1
349	199	1
349	198	1
349	197	1
349	196	1
349	195	1
349	194	1
349	193	1
349	192	1
349	191	1
349	190	1
349	189	1
349	188	1
349	187	1
349	186	1
349	185	1
349	184	1
349	183	1
349	182	1
349	181	1
349	180	1
349	179	1
349	178	1
349	177	1
349	176	1
349	175	1
349	174	1
349	173	1
349	172	1
349	171	1
349	170	1
349	169	1
349	168	1
349	167	1
349	166	1
349	165	1
349	164	1
349	163	1
349	162	1
349	161	1
349	160	1
349	159	1
349	158	1
349	157	1
349	156	2
349	155	1
349	154	1
349	153	1
349	152	1
349	151	1
349	150	1
349	149	1
349	148	1
349	147	1
349	146	1
349	145	1
349	144	1
349	143	1
349	142	1
349	141	1
349	140	1
349	139	1
349	138	1
349	137	1
349	136	1
349	135	1
349	134	1
349	133	1
349	132	1
349	131	2
349	130	2
349	129	2
349	128	2
349	127	1
349	126	1
349	125	2
349	124	2
349	123	1
349	122	1
349	121	2
349	120	2
349	119	2
349	118	2
349	117	2
349	116	2
349	115	1
349	114	1
349	113	1
349	112	2
349	111	2
349	110	2
349	109	2
349	108	1
349	107	1
349	106	1
349	105	1
349	104	1
349	103	1
349	102	1
349	101	1
349	100	1
349	99	1
349	98	1
349	97	1
349	96	2
349	95	1
349	94	2
349	93	1
349	92	1
349	91	1
349	90	1
349	89	1
349	88	1
349	87	1
349	86	1
349	85	1
349	84	1
349	83	1
349	82	1
349	81	1
349	80	1
349	79	1
349	78	1
349	77	1
349	76	1
349	75	1
349	74	1
349	73	1
349	72	1
349	71	1
349	70	1
349	69	1
349	68	1
349	67	1
349	66	1
349	65	1
349	64	1
349	63	1
349	62	1
349	61	1
349	60	1
349	59	1
349	58	1
349	57	1
349	56	1
349	55	1
349	54	1
349	53	1
349	52	1
349	51	1
349	50	1
349	49	1
349	48	1
349	47	1
349	46	1
349	45	1
349	44	1
349	43	1
349	42	1
349	41	1
349	40	1
349	39	1
349	38	1
349	37	1
349	36	1
349	35	1
349	34	1
349	33	1
349	32	1
349	31	1
349	30	1
349	29	1
349	28	1
349	27	1
349	26	1
349	25	1
349	24	1
349	23	1
349	22	1
349	21	1
349	20	1
349	19	1
349	18	1
349	17	1
349	16	1
349	15	1
349	14	1
349	13	1
349	12	1
349	11	1
349	10	1
349	9	1
349	8	1
349	7	1
349	6	1
349	5	1
349	4	1
349	3	1
349	2	1
349	1	1
350	216	1
350	215	1
350	214	1
350	213	1
350	212	1
350	211	1
350	210	1
350	209	1
350	208	1
350	207	1
350	206	1
350	205	1
350	204	1
350	203	1
350	202	1
350	201	1
350	200	1
350	199	1
350	198	1
350	197	1
350	196	1
350	195	1
350	194	1
350	193	1
350	192	1
350	191	1
350	190	1
350	189	1
350	188	1
350	187	1
350	186	1
350	185	1
350	184	1
350	183	1
350	182	1
350	181	1
350	180	1
350	179	1
350	178	1
350	177	1
350	176	1
350	175	1
350	174	1
350	173	1
350	172	1
350	171	1
350	170	1
350	169	1
350	168	1
350	167	1
350	166	1
350	165	1
350	164	1
350	163	1
350	162	1
350	161	1
350	160	1
350	159	1
350	158	1
350	157	1
350	156	1
350	155	1
350	154	1
350	153	1
350	152	1
350	151	1
350	150	1
350	149	1
350	148	1
350	147	1
350	146	1
350	145	1
350	144	1
350	143	1
350	142	1
350	141	1
350	140	1
350	139	1
350	138	1
350	137	1
350	136	1
350	135	1
350	134	1
350	133	1
350	132	1
350	131	2
350	130	2
350	129	2
350	128	2
350	127	2
350	126	1
350	125	1
350	124	1
350	123	1
350	122	1
350	121	2
350	120	2
350	119	2
350	118	2
350	117	2
350	116	2
350	115	1
350	114	1
350	113	1
350	112	2
350	111	2
350	110	2
350	109	2
350	108	1
350	107	1
350	106	1
350	105	1
350	104	1
350	103	1
350	102	1
350	101	1
350	100	1
350	99	1
350	98	1
350	97	2
350	96	2
350	95	1
350	94	1
350	93	1
350	92	1
350	91	1
350	90	1
350	89	1
350	88	1
350	87	1
350	86	1
350	85	1
350	84	1
350	83	1
350	82	1
350	81	1
350	80	1
350	79	1
350	78	1
350	77	1
350	76	1
350	75	1
350	74	1
350	73	1
350	72	1
350	71	1
350	70	1
350	69	1
350	68	1
350	67	1
350	66	1
350	65	1
350	64	1
350	63	1
350	62	1
350	61	1
350	60	1
350	59	1
350	58	1
350	57	1
350	56	1
350	55	1
350	54	1
350	53	1
350	52	1
350	51	1
350	50	1
350	49	1
350	48	1
350	47	1
350	46	1
350	45	1
350	44	1
350	43	1
350	42	1
350	41	1
350	40	1
350	39	1
350	38	1
350	37	1
350	36	1
350	35	1
350	34	1
350	33	1
350	32	1
350	31	1
350	30	1
350	29	1
350	28	1
350	27	1
350	26	1
350	25	1
350	24	1
350	23	1
350	22	1
350	21	1
350	20	1
350	19	1
350	18	1
350	17	1
350	16	1
350	15	1
350	14	1
350	13	1
350	12	1
350	11	1
350	10	1
350	9	1
350	8	1
350	7	1
350	6	1
350	5	1
350	4	1
350	3	1
350	2	1
350	1	1
351	216	1
351	215	1
351	214	1
351	213	1
351	212	1
351	211	1
351	210	1
351	209	1
351	208	1
351	207	1
351	206	1
351	205	1
351	204	1
351	203	1
351	202	1
351	201	1
351	200	1
351	199	1
351	198	1
351	197	1
351	196	1
351	195	1
351	194	1
351	193	1
351	192	1
351	191	1
351	190	1
351	189	1
351	188	1
351	187	1
351	186	1
351	185	1
351	184	1
351	183	1
351	182	1
351	181	1
351	180	1
351	179	1
351	178	1
351	177	1
351	176	1
351	175	1
351	174	1
351	173	1
351	172	1
351	171	1
351	170	1
351	169	1
351	168	2
351	167	1
351	166	1
351	165	1
351	164	1
351	163	1
351	162	1
351	161	1
351	160	1
351	159	1
351	158	1
351	157	1
351	156	1
351	155	1
351	154	1
351	153	1
351	152	1
351	151	1
351	150	1
351	149	1
351	148	1
351	147	1
351	146	1
351	145	1
351	144	1
351	143	1
351	142	1
351	141	1
351	140	1
351	139	1
351	138	1
351	137	1
351	136	1
351	135	1
351	134	1
351	133	1
351	132	1
351	131	1
351	130	2
351	129	2
351	128	2
351	127	2
351	126	1
351	125	1
351	124	1
351	123	1
351	122	2
351	121	2
351	120	2
351	119	2
351	118	2
351	117	2
351	116	2
351	115	2
351	114	2
351	113	1
351	112	2
351	111	2
351	110	2
351	109	1
351	108	1
351	107	1
351	106	1
351	105	1
351	104	1
351	103	1
351	102	1
351	101	1
351	100	1
351	99	1
351	98	1
351	97	1
351	96	1
351	95	1
351	94	1
351	93	1
351	92	1
351	91	1
351	90	1
351	89	1
351	88	1
351	87	1
351	86	1
351	85	1
351	84	1
351	83	1
351	82	1
351	81	1
351	80	1
351	79	1
351	78	1
351	77	1
351	76	1
351	75	1
351	74	1
351	73	1
351	72	1
351	71	1
351	70	1
351	69	1
351	68	1
351	67	1
351	66	1
351	65	1
351	64	1
351	63	1
351	62	1
351	61	1
351	60	1
351	59	1
351	58	1
351	57	1
351	56	1
351	55	1
351	54	1
351	53	1
351	52	1
351	51	1
351	50	1
351	49	1
351	48	1
351	47	1
351	46	1
351	45	1
351	44	1
351	43	1
351	42	1
351	41	1
351	40	1
351	39	1
351	38	1
351	37	1
351	36	1
351	35	1
351	34	1
351	33	1
351	32	1
351	31	1
351	30	1
351	29	1
351	28	1
351	27	1
351	26	1
351	25	1
351	24	1
351	23	1
351	22	1
351	21	1
351	20	1
351	19	1
351	18	1
351	17	1
351	16	1
351	15	1
351	14	1
351	13	1
351	12	1
351	11	1
351	10	1
351	9	1
351	8	1
351	7	1
351	6	1
351	5	1
351	4	1
351	3	1
351	2	1
351	1	1
352	216	1
352	215	1
352	214	1
352	213	1
352	212	1
352	211	1
352	210	1
352	209	1
352	208	1
352	207	1
352	206	1
352	205	1
352	204	1
352	203	1
352	202	1
352	201	1
352	200	1
352	199	1
352	198	1
352	197	1
352	196	1
352	195	1
352	194	1
352	193	1
352	192	1
352	191	1
352	190	1
352	189	1
352	188	1
352	187	1
352	186	1
352	185	1
352	184	1
352	183	1
352	182	1
352	181	1
352	180	1
352	179	1
352	178	1
352	177	1
352	176	1
352	175	1
352	174	1
352	173	1
352	172	1
352	171	1
352	170	1
352	169	2
352	168	1
352	167	1
352	166	1
352	165	1
352	164	1
352	163	1
352	162	1
352	161	1
352	160	1
352	159	1
352	158	1
352	157	1
352	156	1
352	155	1
352	154	1
352	153	1
352	152	1
352	151	1
352	150	1
352	149	1
352	148	1
352	147	1
352	146	1
352	145	1
352	144	1
352	143	1
352	142	1
352	141	1
352	140	1
352	139	1
352	138	1
352	137	2
352	136	2
352	135	1
352	134	1
352	133	1
352	132	1
352	131	1
352	130	2
352	129	2
352	128	2
352	127	2
352	126	2
352	125	1
352	124	1
352	123	1
352	122	2
352	121	2
352	120	2
352	119	1
352	118	1
352	117	2
352	116	2
352	115	2
352	114	2
352	113	2
352	112	2
352	111	2
352	110	1
352	109	1
352	108	1
352	107	1
352	106	1
352	105	1
352	104	1
352	103	1
352	102	1
352	101	1
352	100	1
352	99	1
352	98	1
352	97	1
352	96	1
352	95	1
352	94	1
352	93	1
352	92	1
352	91	1
352	90	1
352	89	1
352	88	1
352	87	1
352	86	1
352	85	1
352	84	1
352	83	1
352	82	1
352	81	1
352	80	1
352	79	1
352	78	1
352	77	1
352	76	1
352	75	1
352	74	1
352	73	1
352	72	1
352	71	1
352	70	1
352	69	1
352	68	1
352	67	1
352	66	1
352	65	1
352	64	1
352	63	1
352	62	1
352	61	1
352	60	1
352	59	1
352	58	1
352	57	1
352	56	1
352	55	1
352	54	1
352	53	1
352	52	1
352	51	1
352	50	1
352	49	1
352	48	1
352	47	1
352	46	1
352	45	1
352	44	1
352	43	1
352	42	1
352	41	1
352	40	1
352	39	1
352	38	1
352	37	1
352	36	1
352	35	1
352	34	1
352	33	1
352	32	1
352	31	1
352	30	1
352	29	1
352	28	1
352	27	1
352	26	1
352	25	1
352	24	1
352	23	1
352	22	1
352	21	1
352	20	1
352	19	1
352	18	1
352	17	1
352	16	1
352	15	1
352	14	1
352	13	1
352	12	1
352	11	1
352	10	1
352	9	1
352	8	1
352	7	1
352	6	1
352	5	1
352	4	1
352	3	1
352	2	1
352	1	1
353	216	1
353	215	1
353	214	1
353	213	1
353	212	1
353	211	1
353	210	1
353	209	1
353	208	1
353	207	1
353	206	1
353	205	1
353	204	1
353	203	1
353	202	1
353	201	1
353	200	1
353	199	1
353	198	1
353	197	1
353	196	1
353	195	1
353	194	1
353	193	1
353	192	1
353	191	1
353	190	1
353	189	1
353	188	1
353	187	1
353	186	1
353	185	1
353	184	1
353	183	1
353	182	1
353	181	1
353	180	1
353	179	1
353	178	1
353	177	1
353	176	1
353	175	1
353	174	1
353	173	1
353	172	1
353	171	1
353	170	2
353	169	2
353	168	1
353	167	1
353	166	1
353	165	1
353	164	1
353	163	1
353	162	1
353	161	1
353	160	1
353	159	1
353	158	1
353	157	1
353	156	1
353	155	1
353	154	1
353	153	1
353	152	1
353	151	1
353	150	1
353	149	1
353	148	1
353	147	1
353	146	1
353	145	1
353	144	1
353	143	1
353	142	1
353	141	1
353	140	1
353	139	1
353	138	1
353	137	1
353	136	2
353	135	2
353	134	2
353	133	1
353	132	1
353	131	1
353	130	1
353	129	2
353	128	2
353	127	2
353	126	2
353	125	2
353	124	1
353	123	1
353	122	2
353	121	2
353	120	2
353	119	1
353	118	1
353	117	2
353	116	2
353	115	1
353	114	1
353	113	2
353	112	2
353	111	2
353	110	1
353	109	1
353	108	1
353	107	1
353	106	1
353	105	1
353	104	1
353	103	1
353	102	1
353	101	1
353	100	1
353	99	1
353	98	1
353	97	1
353	96	1
353	95	1
353	94	1
353	93	1
353	92	1
353	91	1
353	90	1
353	89	1
353	88	1
353	87	1
353	86	1
353	85	1
353	84	1
353	83	1
353	82	1
353	81	1
353	80	1
353	79	1
353	78	1
353	77	1
353	76	1
353	75	1
353	74	1
353	73	1
353	72	1
353	71	1
353	70	1
353	69	1
353	68	1
353	67	1
353	66	1
353	65	1
353	64	1
353	63	1
353	62	1
353	61	1
353	60	1
353	59	1
353	58	1
353	57	1
353	56	1
353	55	1
353	54	1
353	53	1
353	52	1
353	51	1
353	50	1
353	49	1
353	48	1
353	47	1
353	46	1
353	45	1
353	44	1
353	43	1
353	42	1
353	41	1
353	40	1
353	39	1
353	38	1
353	37	1
353	36	1
353	35	1
353	34	1
353	33	1
353	32	1
353	31	1
353	30	1
353	29	1
353	28	1
353	27	1
353	26	1
353	25	1
353	24	1
353	23	1
353	22	1
353	21	1
353	20	1
353	19	1
353	18	1
353	17	1
353	16	1
353	15	1
353	14	1
353	13	1
353	12	1
353	11	1
353	10	1
353	9	1
353	8	1
353	7	1
353	6	1
353	5	1
353	4	1
353	3	1
353	2	1
353	1	1
354	216	1
354	215	1
354	214	1
354	213	1
354	212	1
354	211	1
354	210	1
354	209	1
354	208	1
354	207	1
354	206	1
354	205	1
354	204	1
354	203	1
354	202	1
354	201	1
354	200	1
354	199	1
354	198	1
354	197	1
354	196	1
354	195	1
354	194	1
354	193	1
354	192	1
354	191	1
354	190	1
354	189	1
354	188	1
354	187	1
354	186	1
354	185	1
354	184	1
354	183	1
354	182	1
354	181	1
354	180	1
354	179	1
354	178	1
354	177	1
354	176	1
354	175	1
354	174	1
354	173	1
354	172	1
354	171	2
354	170	2
354	169	2
354	168	1
354	167	1
354	166	1
354	165	1
354	164	1
354	163	1
354	162	1
354	161	1
354	160	1
354	159	1
354	158	1
354	157	1
354	156	1
354	155	1
354	154	2
354	153	2
354	152	2
354	151	2
354	150	1
354	149	1
354	148	1
354	147	1
354	146	1
354	145	1
354	144	1
354	143	1
354	142	1
354	141	1
354	140	1
354	139	1
354	138	1
354	137	1
354	136	1
354	135	1
354	134	2
354	133	1
354	132	1
354	131	1
354	130	1
354	129	2
354	128	2
354	127	2
354	126	2
354	125	2
354	124	2
354	123	2
354	122	2
354	121	2
354	120	2
354	119	1
354	118	2
354	117	2
354	116	1
354	115	1
354	114	1
354	113	2
354	112	2
354	111	2
354	110	1
354	109	1
354	108	1
354	107	1
354	106	1
354	105	1
354	104	1
354	103	1
354	102	1
354	101	1
354	100	1
354	99	1
354	98	2
354	97	1
354	96	1
354	95	1
354	94	1
354	93	1
354	92	1
354	91	1
354	90	1
354	89	1
354	88	1
354	87	1
354	86	1
354	85	1
354	84	1
354	83	1
354	82	1
354	81	1
354	80	1
354	79	1
354	78	1
354	77	1
354	76	1
354	75	1
354	74	1
354	73	1
354	72	1
354	71	1
354	70	1
354	69	1
354	68	1
354	67	1
354	66	1
354	65	1
354	64	1
354	63	1
354	62	1
354	61	1
354	60	1
354	59	1
354	58	1
354	57	1
354	56	1
354	55	1
354	54	1
354	53	1
354	52	1
354	51	1
354	50	1
354	49	1
354	48	1
354	47	1
354	46	1
354	45	1
354	44	1
354	43	1
354	42	1
354	41	1
354	40	1
354	39	1
354	38	1
354	37	1
354	36	1
354	35	1
354	34	1
354	33	1
354	32	1
354	31	1
354	30	1
354	29	1
354	28	1
354	27	1
354	26	1
354	25	1
354	24	1
354	23	1
354	22	1
354	21	1
354	20	1
354	19	1
354	18	1
354	17	1
354	16	1
354	15	1
354	14	1
354	13	1
354	12	1
354	11	1
354	10	1
354	9	1
354	8	1
354	7	1
354	6	1
354	5	1
354	4	1
354	3	1
354	2	1
354	1	1
355	216	1
355	215	1
355	214	1
355	213	1
355	212	1
355	211	1
355	210	1
355	209	1
355	208	1
355	207	1
355	206	1
355	205	1
355	204	1
355	203	1
355	202	1
355	201	1
355	200	1
355	199	1
355	198	1
355	197	1
355	196	1
355	195	1
355	194	1
355	193	1
355	192	1
355	191	1
355	190	1
355	189	1
355	188	1
355	187	1
355	186	1
355	185	1
355	184	1
355	183	1
355	182	1
355	181	1
355	180	1
355	179	1
355	178	1
355	177	1
355	176	1
355	175	1
355	174	1
355	173	1
355	172	2
355	171	2
355	170	2
355	169	1
355	168	1
355	167	1
355	166	1
355	165	1
355	164	1
355	163	1
355	162	1
355	161	1
355	160	1
355	159	1
355	158	1
355	157	1
355	156	2
355	155	2
355	154	2
355	153	2
355	152	2
355	151	2
355	150	1
355	149	1
355	148	1
355	147	1
355	146	1
355	145	1
355	144	1
355	143	1
355	142	1
355	141	1
355	140	1
355	139	1
355	138	1
355	137	1
355	136	1
355	135	1
355	134	1
355	133	1
355	132	1
355	131	2
355	130	2
355	129	2
355	128	2
355	127	2
355	126	2
355	125	2
355	124	2
355	123	2
355	122	2
355	121	2
355	120	1
355	119	1
355	118	2
355	117	2
355	116	1
355	115	1
355	114	1
355	113	1
355	112	2
355	111	1
355	110	1
355	109	1
355	108	1
355	107	1
355	106	1
355	105	1
355	104	1
355	103	1
355	102	1
355	101	1
355	100	1
355	99	2
355	98	1
355	97	1
355	96	1
355	95	1
355	94	1
355	93	1
355	92	1
355	91	1
355	90	1
355	89	1
355	88	1
355	87	1
355	86	1
355	85	1
355	84	1
355	83	1
355	82	1
355	81	1
355	80	1
355	79	1
355	78	1
355	77	1
355	76	1
355	75	1
355	74	1
355	73	1
355	72	1
355	71	1
355	70	1
355	69	1
355	68	1
355	67	1
355	66	1
355	65	1
355	64	1
355	63	1
355	62	1
355	61	1
355	60	1
355	59	1
355	58	1
355	57	1
355	56	1
355	55	1
355	54	1
355	53	1
355	52	1
355	51	1
355	50	1
355	49	1
355	48	1
355	47	1
355	46	1
355	45	1
355	44	1
355	43	1
355	42	1
355	41	1
355	40	1
355	39	1
355	38	1
355	37	1
355	36	1
355	35	1
355	34	1
355	33	1
355	32	1
355	31	1
355	30	1
355	29	1
355	28	1
355	27	1
355	26	1
355	25	1
355	24	1
355	23	1
355	22	1
355	21	1
355	20	1
355	19	1
355	18	1
355	17	1
355	16	1
355	15	1
355	14	1
355	13	1
355	12	1
355	11	1
355	10	1
355	9	1
355	8	1
355	7	1
355	6	1
355	5	1
355	4	1
355	3	1
355	2	1
355	1	1
356	216	1
356	215	1
356	214	1
356	213	1
356	212	1
356	211	1
356	210	1
356	209	1
356	208	1
356	207	1
356	206	1
356	205	1
356	204	1
356	203	1
356	202	1
356	201	1
356	200	1
356	199	1
356	198	1
356	197	1
356	196	1
356	195	1
356	194	1
356	193	1
356	192	1
356	191	1
356	190	1
356	189	1
356	188	1
356	187	1
356	186	1
356	185	1
356	184	1
356	183	1
356	182	1
356	181	1
356	180	1
356	179	1
356	178	1
356	177	1
356	176	1
356	175	1
356	174	1
356	173	1
356	172	2
356	171	2
356	170	2
356	169	1
356	168	1
356	167	1
356	166	1
356	165	1
356	164	1
356	163	1
356	162	1
356	161	1
356	160	1
356	159	1
356	158	1
356	157	2
356	156	2
356	155	2
356	154	2
356	153	2
356	152	2
356	151	2
356	150	2
356	149	1
356	148	1
356	147	1
356	146	1
356	145	1
356	144	1
356	143	1
356	142	1
356	141	1
356	140	1
356	139	1
356	138	1
356	137	1
356	136	1
356	135	1
356	134	1
356	133	1
356	132	2
356	131	2
356	130	2
356	129	2
356	128	2
356	127	2
356	126	2
356	125	2
356	124	2
356	123	2
356	122	2
356	121	2
356	120	1
356	119	1
356	118	2
356	117	2
356	116	1
356	115	1
356	114	1
356	113	1
356	112	2
356	111	1
356	110	1
356	109	1
356	108	1
356	107	1
356	106	1
356	105	1
356	104	1
356	103	1
356	102	1
356	101	2
356	100	1
356	99	1
356	98	1
356	97	1
356	96	1
356	95	1
356	94	1
356	93	1
356	92	1
356	91	1
356	90	1
356	89	1
356	88	1
356	87	1
356	86	1
356	85	1
356	84	1
356	83	1
356	82	1
356	81	1
356	80	1
356	79	1
356	78	1
356	77	1
356	76	1
356	75	1
356	74	1
356	73	1
356	72	1
356	71	1
356	70	1
356	69	1
356	68	1
356	67	1
356	66	1
356	65	1
356	64	1
356	63	1
356	62	1
356	61	1
356	60	1
356	59	1
356	58	1
356	57	1
356	56	1
356	55	1
356	54	1
356	53	1
356	52	1
356	51	1
356	50	1
356	49	1
356	48	1
356	47	1
356	46	1
356	45	1
356	44	1
356	43	1
356	42	1
356	41	1
356	40	1
356	39	1
356	38	1
356	37	1
356	36	1
356	35	1
356	34	1
356	33	1
356	32	1
356	31	1
356	30	1
356	29	1
356	28	1
356	27	1
356	26	1
356	25	1
356	24	1
356	23	1
356	22	1
356	21	1
356	20	1
356	19	1
356	18	1
356	17	1
356	16	1
356	15	1
356	14	1
356	13	1
356	12	1
356	11	1
356	10	1
356	9	1
356	8	1
356	7	1
356	6	1
356	5	1
356	4	1
356	3	1
356	2	1
356	1	1
357	216	1
357	215	1
357	214	1
357	213	1
357	212	1
357	211	1
357	210	1
357	209	1
357	208	1
357	207	1
357	206	1
357	205	1
357	204	1
357	203	1
357	202	1
357	201	1
357	200	1
357	199	1
357	198	1
357	197	1
357	196	1
357	195	1
357	194	1
357	193	1
357	192	1
357	191	1
357	190	1
357	189	1
357	188	1
357	187	1
357	186	1
357	185	1
357	184	1
357	183	1
357	182	1
357	181	1
357	180	1
357	179	1
357	178	1
357	177	1
357	176	1
357	175	1
357	174	1
357	173	2
357	172	2
357	171	2
357	170	1
357	169	1
357	168	1
357	167	1
357	166	1
357	165	1
357	164	1
357	163	1
357	162	1
357	161	1
357	160	1
357	159	1
357	158	1
357	157	2
357	156	2
357	155	2
357	154	1
357	153	1
357	152	1
357	151	2
357	150	2
357	149	2
357	148	1
357	147	1
357	146	1
357	145	1
357	144	1
357	143	1
357	142	1
357	141	1
357	140	1
357	139	1
357	138	1
357	137	1
357	136	1
357	135	1
357	134	1
357	133	2
357	132	2
357	131	2
357	130	2
357	129	2
357	128	2
357	127	2
357	126	2
357	125	2
357	124	2
357	123	2
357	122	2
357	121	2
357	120	1
357	119	2
357	118	2
357	117	2
357	116	1
357	115	1
357	114	1
357	113	2
357	112	2
357	111	1
357	110	1
357	109	1
357	108	1
357	107	1
357	106	1
357	105	1
357	104	1
357	103	2
357	102	2
357	101	1
357	100	1
357	99	1
357	98	1
357	97	1
357	96	1
357	95	1
357	94	1
357	93	1
357	92	1
357	91	1
357	90	1
357	89	1
357	88	1
357	87	1
357	86	1
357	85	1
357	84	1
357	83	1
357	82	1
357	81	1
357	80	1
357	79	1
357	78	1
357	77	1
357	76	1
357	75	1
357	74	1
357	73	1
357	72	1
357	71	1
357	70	1
357	69	1
357	68	1
357	67	1
357	66	1
357	65	1
357	64	1
357	63	1
357	62	1
357	61	1
357	60	1
357	59	1
357	58	1
357	57	1
357	56	1
357	55	1
357	54	1
357	53	1
357	52	1
357	51	1
357	50	1
357	49	1
357	48	1
357	47	1
357	46	1
357	45	1
357	44	1
357	43	1
357	42	1
357	41	1
357	40	1
357	39	1
357	38	1
357	37	1
357	36	1
357	35	1
357	34	1
357	33	1
357	32	1
357	31	1
357	30	1
357	29	1
357	28	1
357	27	1
357	26	1
357	25	1
357	24	1
357	23	1
357	22	1
357	21	1
357	20	1
357	19	1
357	18	1
357	17	1
357	16	1
357	15	1
357	14	1
357	13	1
357	12	1
357	11	1
357	10	1
357	9	1
357	8	1
357	7	1
357	6	1
357	5	1
357	4	1
357	3	1
357	2	1
357	1	1
358	216	1
358	215	1
358	214	1
358	213	1
358	212	1
358	211	1
358	210	1
358	209	1
358	208	1
358	207	1
358	206	1
358	205	1
358	204	1
358	203	1
358	202	1
358	201	1
358	200	1
358	199	1
358	198	1
358	197	1
358	196	1
358	195	1
358	194	1
358	193	1
358	192	1
358	191	1
358	190	1
358	189	1
358	188	1
358	187	1
358	186	1
358	185	1
358	184	1
358	183	1
358	182	1
358	181	1
358	180	1
358	179	1
358	178	1
358	177	1
358	176	1
358	175	1
358	174	1
358	173	2
358	172	2
358	171	2
358	170	1
358	169	1
358	168	1
358	167	1
358	166	1
358	165	1
358	164	1
358	163	1
358	162	1
358	161	1
358	160	1
358	159	1
358	158	2
358	157	2
358	156	2
358	155	2
358	154	2
358	153	2
358	152	2
358	151	1
358	150	2
358	149	2
358	148	2
358	147	1
358	146	1
358	145	1
358	144	1
358	143	1
358	142	1
358	141	1
358	140	1
358	139	1
358	138	1
358	137	1
358	136	1
358	135	1
358	134	1
358	133	1
358	132	2
358	131	2
358	130	2
358	129	2
358	128	2
358	127	2
358	126	2
358	125	2
358	124	2
358	123	2
358	122	2
358	121	2
358	120	1
358	119	2
358	118	2
358	117	2
358	116	1
358	115	1
358	114	1
358	113	2
358	112	2
358	111	1
358	110	1
358	109	1
358	108	1
358	107	1
358	106	1
358	105	2
358	104	2
358	103	2
358	102	1
358	101	1
358	100	1
358	99	1
358	98	1
358	97	1
358	96	1
358	95	1
358	94	1
358	93	1
358	92	1
358	91	1
358	90	1
358	89	1
358	88	1
358	87	1
358	86	1
358	85	1
358	84	1
358	83	1
358	82	1
358	81	1
358	80	1
358	79	1
358	78	1
358	77	1
358	76	1
358	75	1
358	74	1
358	73	1
358	72	1
358	71	1
358	70	1
358	69	1
358	68	1
358	67	1
358	66	1
358	65	1
358	64	1
358	63	1
358	62	1
358	61	1
358	60	1
358	59	1
358	58	1
358	57	1
358	56	1
358	55	1
358	54	1
358	53	1
358	52	1
358	51	1
358	50	1
358	49	1
358	48	1
358	47	1
358	46	1
358	45	1
358	44	1
358	43	1
358	42	1
358	41	1
358	40	1
358	39	1
358	38	1
358	37	1
358	36	1
358	35	1
358	34	1
358	33	1
358	32	1
358	31	1
358	30	1
358	29	1
358	28	1
358	27	1
358	26	1
358	25	1
358	24	1
358	23	1
358	22	1
358	21	1
358	20	1
358	19	1
358	18	1
358	17	1
358	16	1
358	15	1
358	14	1
358	13	1
358	12	1
358	11	1
358	10	1
358	9	1
358	8	1
358	7	1
358	6	1
358	5	1
358	4	1
358	3	1
358	2	1
358	1	1
359	216	1
359	215	1
359	214	1
359	213	1
359	212	1
359	211	1
359	210	1
359	209	1
359	208	1
359	207	1
359	206	1
359	205	1
359	204	1
359	203	1
359	202	1
359	201	1
359	200	1
359	199	1
359	198	1
359	197	1
359	196	1
359	195	1
359	194	1
359	193	1
359	192	1
359	191	1
359	190	1
359	189	1
359	188	1
359	187	1
359	186	1
359	185	1
359	184	1
359	183	1
359	182	1
359	181	1
359	180	1
359	179	1
359	178	1
359	177	1
359	176	1
359	175	1
359	174	2
359	173	2
359	172	2
359	171	1
359	170	1
359	169	1
359	168	1
359	167	1
359	166	1
359	165	1
359	164	1
359	163	1
359	162	1
359	161	1
359	160	1
359	159	1
359	158	2
359	157	2
359	156	2
359	155	2
359	154	1
359	153	1
359	152	1
359	151	1
359	150	2
359	149	2
359	148	2
359	147	1
359	146	1
359	145	1
359	144	2
359	143	1
359	142	1
359	141	1
359	140	1
359	139	1
359	138	1
359	137	1
359	136	1
359	135	1
359	134	1
359	133	2
359	132	1
359	131	2
359	130	2
359	129	2
359	128	2
359	127	2
359	126	1
359	125	2
359	124	2
359	123	2
359	122	2
359	121	2
359	120	2
359	119	2
359	118	2
359	117	1
359	116	1
359	115	1
359	114	1
359	113	2
359	112	2
359	111	2
359	110	1
359	109	1
359	108	2
359	107	2
359	106	1
359	105	1
359	104	1
359	103	1
359	102	1
359	101	1
359	100	1
359	99	1
359	98	1
359	97	1
359	96	1
359	95	1
359	94	1
359	93	1
359	92	1
359	91	1
359	90	1
359	89	1
359	88	1
359	87	1
359	86	1
359	85	1
359	84	1
359	83	1
359	82	1
359	81	1
359	80	2
359	79	2
359	78	2
359	77	2
359	76	1
359	75	1
359	74	1
359	73	1
359	72	1
359	71	1
359	70	1
359	69	1
359	68	1
359	67	1
359	66	1
359	65	1
359	64	1
359	63	1
359	62	1
359	61	1
359	60	1
359	59	1
359	58	1
359	57	1
359	56	1
359	55	1
359	54	1
359	53	1
359	52	1
359	51	1
359	50	1
359	49	1
359	48	1
359	47	1
359	46	1
359	45	1
359	44	1
359	43	1
359	42	1
359	41	1
359	40	1
359	39	1
359	38	1
359	37	1
359	36	1
359	35	1
359	34	1
359	33	1
359	32	1
359	31	1
359	30	1
359	29	1
359	28	1
359	27	1
359	26	1
359	25	1
359	24	1
359	23	1
359	22	1
359	21	1
359	20	1
359	19	1
359	18	1
359	17	1
359	16	1
359	15	1
359	14	1
359	13	1
359	12	1
359	11	1
359	10	1
359	9	1
359	8	1
359	7	1
359	6	1
359	5	1
359	4	1
359	3	1
359	2	1
359	1	1
360	216	1
360	215	1
360	214	1
360	213	1
360	212	1
360	211	1
360	210	1
360	209	1
360	208	1
360	207	1
360	206	1
360	205	1
360	204	1
360	203	1
360	202	1
360	201	1
360	200	1
360	199	1
360	198	1
360	197	1
360	196	1
360	195	1
360	194	1
360	193	1
360	192	1
360	191	1
360	190	1
360	189	1
360	188	1
360	187	1
360	186	1
360	185	1
360	184	1
360	183	1
360	182	1
360	181	1
360	180	1
360	179	1
360	178	1
360	177	1
360	176	1
360	175	1
360	174	2
360	173	2
360	172	1
360	171	1
360	170	1
360	169	1
360	168	1
360	167	1
360	166	1
360	165	1
360	164	1
360	163	1
360	162	1
360	161	1
360	160	1
360	159	1
360	158	2
360	157	2
360	156	1
360	155	1
360	154	1
360	153	1
360	152	1
360	151	1
360	150	1
360	149	2
360	148	2
360	147	1
360	146	1
360	145	1
360	144	2
360	143	2
360	142	1
360	141	1
360	140	1
360	139	1
360	138	1
360	137	1
360	136	1
360	135	1
360	134	2
360	133	2
360	132	1
360	131	1
360	130	1
360	129	1
360	128	1
360	127	1
360	126	1
360	125	2
360	124	2
360	123	2
360	122	2
360	121	2
360	120	2
360	119	2
360	118	2
360	117	2
360	116	2
360	115	2
360	114	2
360	113	2
360	112	2
360	111	2
360	110	2
360	109	2
360	108	2
360	107	2
360	106	1
360	105	1
360	104	1
360	103	1
360	102	1
360	101	1
360	100	1
360	99	1
360	98	1
360	97	1
360	96	1
360	95	1
360	94	1
360	93	1
360	92	1
360	91	1
360	90	1
360	89	1
360	88	1
360	87	1
360	86	1
360	85	1
360	84	1
360	83	1
360	82	2
360	81	2
360	80	2
360	79	2
360	78	1
360	77	1
360	76	1
360	75	1
360	74	1
360	73	1
360	72	1
360	71	1
360	70	1
360	69	1
360	68	1
360	67	1
360	66	1
360	65	1
360	64	1
360	63	1
360	62	1
360	61	1
360	60	1
360	59	1
360	58	1
360	57	1
360	56	1
360	55	1
360	54	1
360	53	1
360	52	1
360	51	1
360	50	1
360	49	1
360	48	1
360	47	1
360	46	1
360	45	1
360	44	1
360	43	1
360	42	1
360	41	1
360	40	1
360	39	1
360	38	1
360	37	1
360	36	1
360	35	1
360	34	1
360	33	1
360	32	1
360	31	1
360	30	1
360	29	1
360	28	1
360	27	1
360	26	1
360	25	1
360	24	1
360	23	1
360	22	1
360	21	1
360	20	1
360	19	1
360	18	1
360	17	1
360	16	1
360	15	1
360	14	1
360	13	1
360	12	1
360	11	1
360	10	1
360	9	1
360	8	1
360	7	1
360	6	1
360	5	1
360	4	1
360	3	1
360	2	1
360	1	1
361	216	1
361	215	1
361	214	1
361	213	1
361	212	1
361	211	1
361	210	1
361	209	1
361	208	1
361	207	1
361	206	1
361	205	1
361	204	1
361	203	1
361	202	1
361	201	1
361	200	1
361	199	1
361	198	1
361	197	1
361	196	1
361	195	1
361	194	1
361	193	1
361	192	1
361	191	1
361	190	1
361	189	1
361	188	1
361	187	1
361	186	1
361	185	1
361	184	1
361	183	1
361	182	1
361	181	1
361	180	1
361	179	1
361	178	1
361	177	1
361	176	1
361	175	2
361	174	2
361	173	2
361	172	1
361	171	1
361	170	1
361	169	1
361	168	1
361	167	1
361	166	1
361	165	1
361	164	1
361	163	1
361	162	1
361	161	1
361	160	1
361	159	2
361	158	1
361	157	1
361	156	1
361	155	1
361	154	1
361	153	1
361	152	2
361	151	2
361	150	1
361	149	1
361	148	2
361	147	1
361	146	1
361	145	1
361	144	2
361	143	2
361	142	2
361	141	2
361	140	1
361	139	1
361	138	1
361	137	1
361	136	1
361	135	1
361	134	2
361	133	2
361	132	2
361	131	1
361	130	1
361	129	1
361	128	1
361	127	1
361	126	1
361	125	2
361	124	2
361	123	2
361	122	2
361	121	2
361	120	2
361	119	2
361	118	2
361	117	2
361	116	2
361	115	2
361	114	2
361	113	2
361	112	2
361	111	2
361	110	2
361	109	2
361	108	1
361	107	1
361	106	1
361	105	1
361	104	1
361	103	1
361	102	1
361	101	1
361	100	1
361	99	1
361	98	1
361	97	1
361	96	1
361	95	1
361	94	1
361	93	1
361	92	1
361	91	1
361	90	1
361	89	1
361	88	1
361	87	1
361	86	1
361	85	1
361	84	2
361	83	2
361	82	2
361	81	2
361	80	1
361	79	1
361	78	1
361	77	1
361	76	1
361	75	1
361	74	1
361	73	1
361	72	1
361	71	1
361	70	1
361	69	1
361	68	1
361	67	1
361	66	1
361	65	1
361	64	1
361	63	1
361	62	1
361	61	1
361	60	1
361	59	1
361	58	1
361	57	1
361	56	1
361	55	1
361	54	1
361	53	1
361	52	1
361	51	1
361	50	1
361	49	1
361	48	1
361	47	1
361	46	1
361	45	1
361	44	1
361	43	1
361	42	1
361	41	1
361	40	1
361	39	1
361	38	1
361	37	1
361	36	1
361	35	1
361	34	1
361	33	1
361	32	1
361	31	1
361	30	1
361	29	1
361	28	1
361	27	1
361	26	1
361	25	1
361	24	1
361	23	1
361	22	1
361	21	1
361	20	1
361	19	1
361	18	1
361	17	1
361	16	1
361	15	1
361	14	1
361	13	1
361	12	1
361	11	1
361	10	1
361	9	1
361	8	1
361	7	1
361	6	1
361	5	1
361	4	1
361	3	1
361	2	1
361	1	1
362	216	1
362	215	1
362	214	1
362	213	1
362	212	1
362	211	1
362	210	1
362	209	1
362	208	1
362	207	1
362	206	1
362	205	1
362	204	1
362	203	1
362	202	1
362	201	1
362	200	1
362	199	1
362	198	1
362	197	1
362	196	1
362	195	1
362	194	1
362	193	1
362	192	1
362	191	1
362	190	1
362	189	1
362	188	1
362	187	1
362	186	1
362	185	1
362	184	1
362	183	1
362	182	1
362	181	1
362	180	1
362	179	1
362	178	1
362	177	1
362	176	1
362	175	2
362	174	2
362	173	1
362	172	1
362	171	1
362	170	1
362	169	1
362	168	1
362	167	1
362	166	1
362	165	1
362	164	1
362	163	1
362	162	1
362	161	1
362	160	1
362	159	1
362	158	1
362	157	1
362	156	1
362	155	1
362	154	1
362	153	1
362	152	2
362	151	2
362	150	1
362	149	1
362	148	2
362	147	2
362	146	1
362	145	1
362	144	2
362	143	2
362	142	2
362	141	2
362	140	2
362	139	1
362	138	1
362	137	2
362	136	2
362	135	1
362	134	1
362	133	2
362	132	2
362	131	1
362	130	1
362	129	1
362	128	1
362	127	1
362	126	1
362	125	2
362	124	2
362	123	2
362	122	2
362	121	2
362	120	2
362	119	2
362	118	2
362	117	2
362	116	2
362	115	2
362	114	2
362	113	2
362	112	2
362	111	2
362	110	1
362	109	1
362	108	1
362	107	1
362	106	1
362	105	1
362	104	1
362	103	1
362	102	1
362	101	1
362	100	1
362	99	1
362	98	1
362	97	1
362	96	1
362	95	1
362	94	1
362	93	1
362	92	1
362	91	1
362	90	1
362	89	1
362	88	1
362	87	1
362	86	1
362	85	2
362	84	2
362	83	2
362	82	2
362	81	1
362	80	1
362	79	1
362	78	1
362	77	1
362	76	1
362	75	1
362	74	1
362	73	1
362	72	1
362	71	1
362	70	1
362	69	1
362	68	1
362	67	1
362	66	1
362	65	1
362	64	1
362	63	1
362	62	1
362	61	1
362	60	1
362	59	1
362	58	1
362	57	1
362	56	1
362	55	1
362	54	1
362	53	1
362	52	1
362	51	1
362	50	1
362	49	1
362	48	1
362	47	1
362	46	1
362	45	1
362	44	1
362	43	1
362	42	1
362	41	1
362	40	1
362	39	1
362	38	1
362	37	1
362	36	1
362	35	1
362	34	1
362	33	1
362	32	1
362	31	1
362	30	1
362	29	1
362	28	1
362	27	1
362	26	1
362	25	1
362	24	1
362	23	1
362	22	1
362	21	1
362	20	1
362	19	1
362	18	1
362	17	1
362	16	1
362	15	1
362	14	1
362	13	1
362	12	1
362	11	1
362	10	1
362	9	1
362	8	1
362	7	1
362	6	1
362	5	1
362	4	1
362	3	1
362	2	1
362	1	1
